This file contains any messages produced by compilers while
running configure, to aid debugging if configure makes a mistake.

It was created by PHP configure 7.4.0, which was
generated by GNU Autoconf 2.69.  Invocation command line was

  $ ./configure --enable-zip

## --------- ##
## Platform. ##
## --------- ##

hostname = f2c036dcf0da
uname -m = x86_64
uname -r = 6.10.14-linuxkit
uname -s = Linux
uname -v = #1 SMP PREEMPT_DYNAMIC Fri Nov 29 17:24:06 UTC 2024

/usr/bin/uname -p = unknown
/bin/uname -X     = unknown

/bin/arch              = unknown
/usr/bin/arch -k       = unknown
/usr/convex/getsysinfo = unknown
/usr/bin/hostinfo      = unknown
/bin/machine           = unknown
/usr/bin/oslevel       = unknown
/bin/universe          = unknown

PATH: /usr/local/sbin
PATH: /usr/local/bin
PATH: /usr/sbin
PATH: /usr/bin
PATH: /sbin
PATH: /bin


## ----------- ##
## Core tests. ##
## ----------- ##

configure:3432: checking for grep that handles long lines and -e
configure:3490: result: /bin/grep
configure:3495: checking for egrep
configure:3557: result: /bin/grep -E
configure:3562: checking for a sed that does not truncate output
configure:3626: result: /bin/sed
configure:3709: checking build system type
configure:3723: result: x86_64-pc-linux-gnu
configure:3743: checking host system type
configure:3756: result: x86_64-pc-linux-gnu
configure:3776: checking target system type
configure:3789: result: x86_64-pc-linux-gnu
configure:3948: checking for pkg-config
configure:3966: found /usr/bin/pkg-config
configure:3978: result: /usr/bin/pkg-config
configure:4003: checking pkg-config is at least version 0.9.0
configure:4006: result: yes
configure:4068: checking for cc
configure:4084: found /usr/bin/cc
configure:4095: result: cc
configure:4126: checking for C compiler version
configure:4135: cc --version >&5
cc (Debian 10.2.1-6) 10.2.1 20210110
Copyright (C) 2020 Free Software Foundation, Inc.
This is free software; see the source for copying conditions.  There is NO
warranty; not even for MERCHANTABILITY or FITNESS FOR A PARTICULAR PURPOSE.

configure:4146: $? = 0
configure:4135: cc -v >&5
Using built-in specs.
COLLECT_GCC=cc
COLLECT_LTO_WRAPPER=/usr/lib/gcc/x86_64-linux-gnu/10/lto-wrapper
OFFLOAD_TARGET_NAMES=nvptx-none:amdgcn-amdhsa:hsa
OFFLOAD_TARGET_DEFAULT=1
Target: x86_64-linux-gnu
Configured with: ../src/configure -v --with-pkgversion='Debian 10.2.1-6' --with-bugurl=file:///usr/share/doc/gcc-10/README.Bugs --enable-languages=c,ada,c++,go,brig,d,fortran,objc,obj-c++,m2 --prefix=/usr --with-gcc-major-version-only --program-suffix=-10 --program-prefix=x86_64-linux-gnu- --enable-shared --enable-linker-build-id --libexecdir=/usr/lib --without-included-gettext --enable-threads=posix --libdir=/usr/lib --enable-nls --enable-bootstrap --enable-clocale=gnu --enable-libstdcxx-debug --enable-libstdcxx-time=yes --with-default-libstdcxx-abi=new --enable-gnu-unique-object --disable-vtable-verify --enable-plugin --enable-default-pie --with-system-zlib --enable-libphobos-checking=release --with-target-system-zlib=auto --enable-objc-gc=auto --enable-multiarch --disable-werror --with-arch-32=i686 --with-abi=m64 --with-multilib-list=m32,m64,mx32 --enable-multilib --with-tune=generic --enable-offload-targets=nvptx-none=/build/gcc-10-Km9U7s/gcc-10-10.2.1/debian/tmp-nvptx/usr,amdgcn-amdhsa=/build/gcc-10-Km9U7s/gcc-10-10.2.1/debian/tmp-gcn/usr,hsa --without-cuda-driver --enable-checking=release --build=x86_64-linux-gnu --host=x86_64-linux-gnu --target=x86_64-linux-gnu --with-build-config=bootstrap-lto-lean --enable-link-mutex
Thread model: posix
Supported LTO compression algorithms: zlib zstd
gcc version 10.2.1 20210110 (Debian 10.2.1-6) 
... rest of stderr output deleted ...
configure:4146: $? = 0
configure:4135: cc -V >&5
cc: error: unrecognized command-line option '-V'
cc: fatal error: no input files
compilation terminated.
configure:4146: $? = 1
configure:4135: cc -qversion >&5
cc: error: unrecognized command-line option '-qversion'; did you mean '--version'?
cc: fatal error: no input files
compilation terminated.
configure:4146: $? = 1
configure:4166: checking whether the C compiler works
configure:4188: cc    conftest.c  >&5
configure:4192: $? = 0
configure:4240: result: yes
configure:4243: checking for C compiler default output file name
configure:4245: result: a.out
configure:4251: checking for suffix of executables
configure:4258: cc -o conftest    conftest.c  >&5
configure:4262: $? = 0
configure:4284: result: 
configure:4306: checking whether we are cross compiling
configure:4314: cc -o conftest    conftest.c  >&5
configure:4318: $? = 0
configure:4325: ./conftest
configure:4329: $? = 0
configure:4344: result: no
configure:4349: checking for suffix of object files
configure:4371: cc -c   conftest.c >&5
configure:4375: $? = 0
configure:4396: result: o
configure:4400: checking whether we are using the GNU C compiler
configure:4419: cc -c   conftest.c >&5
configure:4419: $? = 0
configure:4428: result: yes
configure:4437: checking whether cc accepts -g
configure:4457: cc -c -g  conftest.c >&5
configure:4457: $? = 0
configure:4498: result: yes
configure:4515: checking for cc option to accept ISO C89
configure:4578: cc  -c -g -O2  conftest.c >&5
configure:4578: $? = 0
configure:4591: result: none needed
configure:4617: checking how to run the C preprocessor
configure:4648: cc -E  conftest.c
configure:4648: $? = 0
configure:4662: cc -E  conftest.c
conftest.c:9:10: fatal error: ac_nonexistent.h: No such file or directory
    9 | #include <ac_nonexistent.h>
      |          ^~~~~~~~~~~~~~~~~~
compilation terminated.
configure:4662: $? = 1
configure: failed program was:
| /* confdefs.h */
| #define PACKAGE_NAME "PHP"
| #define PACKAGE_TARNAME "php"
| #define PACKAGE_VERSION "7.4.0"
| #define PACKAGE_STRING "PHP 7.4.0"
| #define PACKAGE_BUGREPORT "https://bugs.php.net"
| #define PACKAGE_URL "https://www.php.net"
| /* end confdefs.h.  */
| #include <ac_nonexistent.h>
configure:4687: result: cc -E
configure:4707: cc -E  conftest.c
configure:4707: $? = 0
configure:4721: cc -E  conftest.c
conftest.c:9:10: fatal error: ac_nonexistent.h: No such file or directory
    9 | #include <ac_nonexistent.h>
      |          ^~~~~~~~~~~~~~~~~~
compilation terminated.
configure:4721: $? = 1
configure: failed program was:
| /* confdefs.h */
| #define PACKAGE_NAME "PHP"
| #define PACKAGE_TARNAME "php"
| #define PACKAGE_VERSION "7.4.0"
| #define PACKAGE_STRING "PHP 7.4.0"
| #define PACKAGE_BUGREPORT "https://bugs.php.net"
| #define PACKAGE_URL "https://www.php.net"
| /* end confdefs.h.  */
| #include <ac_nonexistent.h>
configure:4752: checking for icc
configure:4761: result: no
configure:4775: checking for suncc
configure:4784: result: no
configure:4803: checking how to run the C preprocessor
configure:4873: result: cc -E
configure:4893: cc -E  conftest.c
configure:4893: $? = 0
configure:4907: cc -E  conftest.c
conftest.c:9:10: fatal error: ac_nonexistent.h: No such file or directory
    9 | #include <ac_nonexistent.h>
      |          ^~~~~~~~~~~~~~~~~~
compilation terminated.
configure:4907: $? = 1
configure: failed program was:
| /* confdefs.h */
| #define PACKAGE_NAME "PHP"
| #define PACKAGE_TARNAME "php"
| #define PACKAGE_VERSION "7.4.0"
| #define PACKAGE_STRING "PHP 7.4.0"
| #define PACKAGE_BUGREPORT "https://bugs.php.net"
| #define PACKAGE_URL "https://www.php.net"
| /* end confdefs.h.  */
| #include <ac_nonexistent.h>
configure:4935: checking for ANSI C header files
configure:4955: cc -c -g -O2  conftest.c >&5
configure:4955: $? = 0
configure:5028: cc -o conftest -g -O2   conftest.c  >&5
configure:5028: $? = 0
configure:5028: ./conftest
configure:5028: $? = 0
configure:5039: result: yes
configure:5052: checking for sys/types.h
configure:5052: cc -c -g -O2  conftest.c >&5
configure:5052: $? = 0
configure:5052: result: yes
configure:5052: checking for sys/stat.h
configure:5052: cc -c -g -O2  conftest.c >&5
configure:5052: $? = 0
configure:5052: result: yes
configure:5052: checking for stdlib.h
configure:5052: cc -c -g -O2  conftest.c >&5
configure:5052: $? = 0
configure:5052: result: yes
configure:5052: checking for string.h
configure:5052: cc -c -g -O2  conftest.c >&5
configure:5052: $? = 0
configure:5052: result: yes
configure:5052: checking for memory.h
configure:5052: cc -c -g -O2  conftest.c >&5
configure:5052: $? = 0
configure:5052: result: yes
configure:5052: checking for strings.h
configure:5052: cc -c -g -O2  conftest.c >&5
configure:5052: $? = 0
configure:5052: result: yes
configure:5052: checking for inttypes.h
configure:5052: cc -c -g -O2  conftest.c >&5
configure:5052: $? = 0
configure:5052: result: yes
configure:5052: checking for stdint.h
configure:5052: cc -c -g -O2  conftest.c >&5
configure:5052: $? = 0
configure:5052: result: yes
configure:5052: checking for unistd.h
configure:5052: cc -c -g -O2  conftest.c >&5
configure:5052: $? = 0
configure:5052: result: yes
configure:5065: checking minix/config.h usability
configure:5065: cc -c -g -O2  conftest.c >&5
conftest.c:52:10: fatal error: minix/config.h: No such file or directory
   52 | #include <minix/config.h>
      |          ^~~~~~~~~~~~~~~~
compilation terminated.
configure:5065: $? = 1
configure: failed program was:
| /* confdefs.h */
| #define PACKAGE_NAME "PHP"
| #define PACKAGE_TARNAME "php"
| #define PACKAGE_VERSION "7.4.0"
| #define PACKAGE_STRING "PHP 7.4.0"
| #define PACKAGE_BUGREPORT "https://bugs.php.net"
| #define PACKAGE_URL "https://www.php.net"
| #define STDC_HEADERS 1
| #define HAVE_SYS_TYPES_H 1
| #define HAVE_SYS_STAT_H 1
| #define HAVE_STDLIB_H 1
| #define HAVE_STRING_H 1
| #define HAVE_MEMORY_H 1
| #define HAVE_STRINGS_H 1
| #define HAVE_INTTYPES_H 1
| #define HAVE_STDINT_H 1
| #define HAVE_UNISTD_H 1
| /* end confdefs.h.  */
| #include <stdio.h>
| #ifdef HAVE_SYS_TYPES_H
| # include <sys/types.h>
| #endif
| #ifdef HAVE_SYS_STAT_H
| # include <sys/stat.h>
| #endif
| #ifdef STDC_HEADERS
| # include <stdlib.h>
| # include <stddef.h>
| #else
| # ifdef HAVE_STDLIB_H
| #  include <stdlib.h>
| # endif
| #endif
| #ifdef HAVE_STRING_H
| # if !defined STDC_HEADERS && defined HAVE_MEMORY_H
| #  include <memory.h>
| # endif
| # include <string.h>
| #endif
| #ifdef HAVE_STRINGS_H
| # include <strings.h>
| #endif
| #ifdef HAVE_INTTYPES_H
| # include <inttypes.h>
| #endif
| #ifdef HAVE_STDINT_H
| # include <stdint.h>
| #endif
| #ifdef HAVE_UNISTD_H
| # include <unistd.h>
| #endif
| #include <minix/config.h>
configure:5065: result: no
configure:5065: checking minix/config.h presence
configure:5065: cc -E  conftest.c
conftest.c:19:10: fatal error: minix/config.h: No such file or directory
   19 | #include <minix/config.h>
      |          ^~~~~~~~~~~~~~~~
compilation terminated.
configure:5065: $? = 1
configure: failed program was:
| /* confdefs.h */
| #define PACKAGE_NAME "PHP"
| #define PACKAGE_TARNAME "php"
| #define PACKAGE_VERSION "7.4.0"
| #define PACKAGE_STRING "PHP 7.4.0"
| #define PACKAGE_BUGREPORT "https://bugs.php.net"
| #define PACKAGE_URL "https://www.php.net"
| #define STDC_HEADERS 1
| #define HAVE_SYS_TYPES_H 1
| #define HAVE_SYS_STAT_H 1
| #define HAVE_STDLIB_H 1
| #define HAVE_STRING_H 1
| #define HAVE_MEMORY_H 1
| #define HAVE_STRINGS_H 1
| #define HAVE_INTTYPES_H 1
| #define HAVE_STDINT_H 1
| #define HAVE_UNISTD_H 1
| /* end confdefs.h.  */
| #include <minix/config.h>
configure:5065: result: no
configure:5065: checking for minix/config.h
configure:5065: result: no
configure:5086: checking whether it is safe to define __EXTENSIONS__
configure:5104: cc -c -g -O2  conftest.c >&5
configure:5104: $? = 0
configure:5111: result: yes
configure:5125: checking whether ln -s works
configure:5129: result: yes
configure:5140: checking for system library directory
configure:5155: result: lib
configure:5164: checking whether to enable runpaths
configure:5178: result: yes
configure:5185: checking if compiler supports -R
configure:5204: cc -o conftest -g -O2   conftest.c -R /usr/lib  >&5
cc: error: unrecognized command-line option '-R'
configure:5204: $? = 1
configure: failed program was:
| /* confdefs.h */
| #define PACKAGE_NAME "PHP"
| #define PACKAGE_TARNAME "php"
| #define PACKAGE_VERSION "7.4.0"
| #define PACKAGE_STRING "PHP 7.4.0"
| #define PACKAGE_BUGREPORT "https://bugs.php.net"
| #define PACKAGE_URL "https://www.php.net"
| #define STDC_HEADERS 1
| #define HAVE_SYS_TYPES_H 1
| #define HAVE_SYS_STAT_H 1
| #define HAVE_STDLIB_H 1
| #define HAVE_STRING_H 1
| #define HAVE_MEMORY_H 1
| #define HAVE_STRINGS_H 1
| #define HAVE_INTTYPES_H 1
| #define HAVE_STDINT_H 1
| #define HAVE_UNISTD_H 1
| #define __EXTENSIONS__ 1
| #define _ALL_SOURCE 1
| #define _GNU_SOURCE 1
| #define _POSIX_PTHREAD_SEMANTICS 1
| #define _TANDEM_SOURCE 1
| /* end confdefs.h.  */
| 
| int
| main ()
| {
| 
|   ;
|   return 0;
| }
configure:5214: result: no
configure:5219: checking if compiler supports -Wl,-rpath,
configure:5238: cc -o conftest -g -O2   conftest.c -Wl,-rpath,/usr/lib  >&5
configure:5238: $? = 0
configure:5248: result: yes
configure:5266: checking for gawk
configure:5297: result: no
configure:5266: checking for nawk
configure:5283: found /usr/bin/nawk
configure:5294: result: nawk
configure:5317: checking if nawk is broken
configure:5324: result: no
configure:5336: checking for bison
configure:5366: result: no
configure:5434: checking for re2c
configure:5450: found /usr/bin/re2c
configure:5461: result: re2c
configure:5473: checking for re2c version
configure:5498: result: 2.0.3 (ok)
configure:5524: checking whether to enable computed goto gcc extension with re2c
configure:5538: result: no
configure:5606: checking whether C compiler accepts -fvisibility=hidden
configure:5625: cc -c -g -O2  -fvisibility=hidden  conftest.c >&5
configure:5625: $? = 0
configure:5633: result: yes
configure:5697: checking whether to force non-PIC code in shared modules
configure:5711: result: no
configure:5724: checking whether /dev/urandom exists
configure:5730: result: yes
configure:5745: checking for global register variables support
configure:5796: cc -c -g -O2 -fvisibility=hidden  conftest.c >&5
configure:5796: $? = 0
configure:5814: result: yes
configure:5817: checking whether atof() accepts NAN
configure:5848: cc -o conftest -g -O2 -fvisibility=hidden   conftest.c  >&5
configure:5848: $? = 0
configure:5848: ./conftest
configure:5848: $? = 1
configure: program exited with status 1
configure: failed program was:
| /* confdefs.h */
| #define PACKAGE_NAME "PHP"
| #define PACKAGE_TARNAME "php"
| #define PACKAGE_VERSION "7.4.0"
| #define PACKAGE_STRING "PHP 7.4.0"
| #define PACKAGE_BUGREPORT "https://bugs.php.net"
| #define PACKAGE_URL "https://www.php.net"
| #define STDC_HEADERS 1
| #define HAVE_SYS_TYPES_H 1
| #define HAVE_SYS_STAT_H 1
| #define HAVE_STDLIB_H 1
| #define HAVE_STRING_H 1
| #define HAVE_MEMORY_H 1
| #define HAVE_STRINGS_H 1
| #define HAVE_INTTYPES_H 1
| #define HAVE_STDINT_H 1
| #define HAVE_UNISTD_H 1
| #define __EXTENSIONS__ 1
| #define _ALL_SOURCE 1
| #define _GNU_SOURCE 1
| #define _POSIX_PTHREAD_SEMANTICS 1
| #define _TANDEM_SOURCE 1
| #define HAVE_DEV_URANDOM 1
| #define HAVE_GCC_GLOBAL_REGS 1
| /* end confdefs.h.  */
| 
| #include <math.h>
| #include <stdlib.h>
| 
| #ifdef HAVE_ISNAN
| #define zend_isnan(a) isnan(a)
| #elif defined(HAVE_FPCLASS)
| #define zend_isnan(a) ((fpclass(a) == FP_SNAN) || (fpclass(a) == FP_QNAN))
| #else
| #define zend_isnan(a) 0
| #endif
| 
| int main(int argc, char** argv)
| {
| 	return zend_isnan(atof("NAN")) ? 0 : 1;
| }
| 
configure:5862: result: no
configure:5870: checking whether atof() accepts INF
configure:5904: cc -o conftest -g -O2 -fvisibility=hidden   conftest.c  >&5
configure:5904: $? = 0
configure:5904: ./conftest
configure:5904: $? = 1
configure: program exited with status 1
configure: failed program was:
| /* confdefs.h */
| #define PACKAGE_NAME "PHP"
| #define PACKAGE_TARNAME "php"
| #define PACKAGE_VERSION "7.4.0"
| #define PACKAGE_STRING "PHP 7.4.0"
| #define PACKAGE_BUGREPORT "https://bugs.php.net"
| #define PACKAGE_URL "https://www.php.net"
| #define STDC_HEADERS 1
| #define HAVE_SYS_TYPES_H 1
| #define HAVE_SYS_STAT_H 1
| #define HAVE_STDLIB_H 1
| #define HAVE_STRING_H 1
| #define HAVE_MEMORY_H 1
| #define HAVE_STRINGS_H 1
| #define HAVE_INTTYPES_H 1
| #define HAVE_STDINT_H 1
| #define HAVE_UNISTD_H 1
| #define __EXTENSIONS__ 1
| #define _ALL_SOURCE 1
| #define _GNU_SOURCE 1
| #define _POSIX_PTHREAD_SEMANTICS 1
| #define _TANDEM_SOURCE 1
| #define HAVE_DEV_URANDOM 1
| #define HAVE_GCC_GLOBAL_REGS 1
| /* end confdefs.h.  */
| 
| #include <math.h>
| #include <stdlib.h>
| 
| #ifdef HAVE_ISINF
| #define zend_isinf(a) isinf(a)
| #elif defined(INFINITY)
| /* Might not work, but is required by ISO C99 */
| #define zend_isinf(a) (((a)==INFINITY)?1:0)
| #elif defined(HAVE_FPCLASS)
| #define zend_isinf(a) ((fpclass(a) == FP_PINF) || (fpclass(a) == FP_NINF))
| #else
| #define zend_isinf(a) 0
| #endif
| 
| int main(int argc, char** argv)
| {
| 	return zend_isinf(atof("INF")) && zend_isinf(atof("-INF")) ? 0 : 1;
| }
| 
configure:5918: result: no
configure:5926: checking whether HUGE_VAL == INF
configure:5960: cc -o conftest -g -O2 -fvisibility=hidden   conftest.c  >&5
configure:5960: $? = 0
configure:5960: ./conftest
configure:5960: $? = 0
configure:5974: result: yes
configure:5982: checking whether HUGE_VAL + -HUGEVAL == NAN
configure:6018: cc -o conftest -g -O2 -fvisibility=hidden   conftest.c  >&5
configure:6018: $? = 0
configure:6018: ./conftest
configure:6018: $? = 1
configure: program exited with status 1
configure: failed program was:
| /* confdefs.h */
| #define PACKAGE_NAME "PHP"
| #define PACKAGE_TARNAME "php"
| #define PACKAGE_VERSION "7.4.0"
| #define PACKAGE_STRING "PHP 7.4.0"
| #define PACKAGE_BUGREPORT "https://bugs.php.net"
| #define PACKAGE_URL "https://www.php.net"
| #define STDC_HEADERS 1
| #define HAVE_SYS_TYPES_H 1
| #define HAVE_SYS_STAT_H 1
| #define HAVE_STDLIB_H 1
| #define HAVE_STRING_H 1
| #define HAVE_MEMORY_H 1
| #define HAVE_STRINGS_H 1
| #define HAVE_INTTYPES_H 1
| #define HAVE_STDINT_H 1
| #define HAVE_UNISTD_H 1
| #define __EXTENSIONS__ 1
| #define _ALL_SOURCE 1
| #define _GNU_SOURCE 1
| #define _POSIX_PTHREAD_SEMANTICS 1
| #define _TANDEM_SOURCE 1
| #define HAVE_DEV_URANDOM 1
| #define HAVE_GCC_GLOBAL_REGS 1
| #define HAVE_HUGE_VAL_INF 1
| /* end confdefs.h.  */
| 
| #include <math.h>
| #include <stdlib.h>
| 
| #ifdef HAVE_ISNAN
| #define zend_isnan(a) isnan(a)
| #elif defined(HAVE_FPCLASS)
| #define zend_isnan(a) ((fpclass(a) == FP_SNAN) || (fpclass(a) == FP_QNAN))
| #else
| #define zend_isnan(a) 0
| #endif
| 
| int main(int argc, char** argv)
| {
| #if defined(__sparc__) && !(__GNUC__ >= 3)
| 	/* prevent bug #27830 */
| 	return 1;
| #else
| 	return zend_isnan(HUGE_VAL + -HUGE_VAL) ? 0 : 1;
| #endif
| }
| 
configure:6032: result: no
configure:6040: checking whether __cpuid_count is available
configure:6062: cc -o conftest -g -O2 -fvisibility=hidden   conftest.c  >&5
configure:6062: $? = 0
configure:6074: result: yes
configure:6085: checking for pthreads_cflags
configure:6115: cc -o conftest -g -O2 -fvisibility=hidden -kthread   conftest.c  >&5
cc: error: unrecognized command-line option '-kthread'; did you mean '-pthread'?
configure:6115: $? = 1
configure: failed program was:
| /* confdefs.h */
| #define PACKAGE_NAME "PHP"
| #define PACKAGE_TARNAME "php"
| #define PACKAGE_VERSION "7.4.0"
| #define PACKAGE_STRING "PHP 7.4.0"
| #define PACKAGE_BUGREPORT "https://bugs.php.net"
| #define PACKAGE_URL "https://www.php.net"
| #define STDC_HEADERS 1
| #define HAVE_SYS_TYPES_H 1
| #define HAVE_SYS_STAT_H 1
| #define HAVE_STDLIB_H 1
| #define HAVE_STRING_H 1
| #define HAVE_MEMORY_H 1
| #define HAVE_STRINGS_H 1
| #define HAVE_INTTYPES_H 1
| #define HAVE_STDINT_H 1
| #define HAVE_UNISTD_H 1
| #define __EXTENSIONS__ 1
| #define _ALL_SOURCE 1
| #define _GNU_SOURCE 1
| #define _POSIX_PTHREAD_SEMANTICS 1
| #define _TANDEM_SOURCE 1
| #define HAVE_DEV_URANDOM 1
| #define HAVE_GCC_GLOBAL_REGS 1
| #define HAVE_HUGE_VAL_INF 1
| #define HAVE_CPUID_COUNT 1
| /* end confdefs.h.  */
| 
| #include <pthread.h>
| #include <stddef.h>
| 
| void *thread_routine(void *data) {
|     return data;
| }
| 
| int main() {
|     pthread_t thd;
|     pthread_mutexattr_t mattr;
|     int data = 1;
|     pthread_mutexattr_init(&mattr);
|     return pthread_create(&thd, NULL, thread_routine, &data);
| }
configure:6115: cc -o conftest -g -O2 -fvisibility=hidden -pthread   conftest.c  >&5
configure:6115: $? = 0
configure:6136: result: -pthread
configure:6139: checking for pthreads_lib
configure:6169: cc -o conftest -g -O2 -fvisibility=hidden   conftest.c  -lpthread >&5
configure:6169: $? = 0
configure:6190: result: pthread
configure:6260: result: 
configure:6262: result: [1mConfiguring SAPI modules[m
configure:6295: checking for Apache 2 handler module support via DSO through APXS
configure:6922: result: no
configure:6952: checking for setproctitle
configure:6952: cc -o conftest -g -O2 -fvisibility=hidden   conftest.c  >&5
/usr/bin/ld: /tmp/ccu8QlGO.o: in function `main':
/app/conftest.c:62: undefined reference to `setproctitle'
collect2: error: ld returned 1 exit status
configure:6952: $? = 1
configure: failed program was:
| /* confdefs.h */
| #define PACKAGE_NAME "PHP"
| #define PACKAGE_TARNAME "php"
| #define PACKAGE_VERSION "7.4.0"
| #define PACKAGE_STRING "PHP 7.4.0"
| #define PACKAGE_BUGREPORT "https://bugs.php.net"
| #define PACKAGE_URL "https://www.php.net"
| #define STDC_HEADERS 1
| #define HAVE_SYS_TYPES_H 1
| #define HAVE_SYS_STAT_H 1
| #define HAVE_STDLIB_H 1
| #define HAVE_STRING_H 1
| #define HAVE_MEMORY_H 1
| #define HAVE_STRINGS_H 1
| #define HAVE_INTTYPES_H 1
| #define HAVE_STDINT_H 1
| #define HAVE_UNISTD_H 1
| #define __EXTENSIONS__ 1
| #define _ALL_SOURCE 1
| #define _GNU_SOURCE 1
| #define _POSIX_PTHREAD_SEMANTICS 1
| #define _TANDEM_SOURCE 1
| #define HAVE_DEV_URANDOM 1
| #define HAVE_GCC_GLOBAL_REGS 1
| #define HAVE_HUGE_VAL_INF 1
| #define HAVE_CPUID_COUNT 1
| /* end confdefs.h.  */
| /* Define setproctitle to an innocuous variant, in case <limits.h> declares setproctitle.
|    For example, HP-UX 11i <limits.h> declares gettimeofday.  */
| #define setproctitle innocuous_setproctitle
| 
| /* System header to define __stub macros and hopefully few prototypes,
|     which can conflict with char setproctitle (); below.
|     Prefer <limits.h> to <assert.h> if __STDC__ is defined, since
|     <limits.h> exists even on freestanding compilers.  */
| 
| #ifdef __STDC__
| # include <limits.h>
| #else
| # include <assert.h>
| #endif
| 
| #undef setproctitle
| 
| /* Override any GCC internal prototype to avoid an error.
|    Use char because int might match the return type of a GCC
|    builtin and then its argument prototype would still apply.  */
| #ifdef __cplusplus
| extern "C"
| #endif
| char setproctitle ();
| /* The GNU C library defines this for functions which it implements
|     to always fail with ENOSYS.  Some functions are actually named
|     something starting with __ and the normal name is an alias.  */
| #if defined __stub_setproctitle || defined __stub___setproctitle
| choke me
| #endif
| 
| int
| main ()
| {
| return setproctitle ();
|   ;
|   return 0;
| }
configure:6952: result: no
configure:6964: checking sys/pstat.h usability
configure:6964: cc -c -g -O2 -fvisibility=hidden  conftest.c >&5
conftest.c:61:10: fatal error: sys/pstat.h: No such file or directory
   61 | #include <sys/pstat.h>
      |          ^~~~~~~~~~~~~
compilation terminated.
configure:6964: $? = 1
configure: failed program was:
| /* confdefs.h */
| #define PACKAGE_NAME "PHP"
| #define PACKAGE_TARNAME "php"
| #define PACKAGE_VERSION "7.4.0"
| #define PACKAGE_STRING "PHP 7.4.0"
| #define PACKAGE_BUGREPORT "https://bugs.php.net"
| #define PACKAGE_URL "https://www.php.net"
| #define STDC_HEADERS 1
| #define HAVE_SYS_TYPES_H 1
| #define HAVE_SYS_STAT_H 1
| #define HAVE_STDLIB_H 1
| #define HAVE_STRING_H 1
| #define HAVE_MEMORY_H 1
| #define HAVE_STRINGS_H 1
| #define HAVE_INTTYPES_H 1
| #define HAVE_STDINT_H 1
| #define HAVE_UNISTD_H 1
| #define __EXTENSIONS__ 1
| #define _ALL_SOURCE 1
| #define _GNU_SOURCE 1
| #define _POSIX_PTHREAD_SEMANTICS 1
| #define _TANDEM_SOURCE 1
| #define HAVE_DEV_URANDOM 1
| #define HAVE_GCC_GLOBAL_REGS 1
| #define HAVE_HUGE_VAL_INF 1
| #define HAVE_CPUID_COUNT 1
| /* end confdefs.h.  */
| #include <stdio.h>
| #ifdef HAVE_SYS_TYPES_H
| # include <sys/types.h>
| #endif
| #ifdef HAVE_SYS_STAT_H
| # include <sys/stat.h>
| #endif
| #ifdef STDC_HEADERS
| # include <stdlib.h>
| # include <stddef.h>
| #else
| # ifdef HAVE_STDLIB_H
| #  include <stdlib.h>
| # endif
| #endif
| #ifdef HAVE_STRING_H
| # if !defined STDC_HEADERS && defined HAVE_MEMORY_H
| #  include <memory.h>
| # endif
| # include <string.h>
| #endif
| #ifdef HAVE_STRINGS_H
| # include <strings.h>
| #endif
| #ifdef HAVE_INTTYPES_H
| # include <inttypes.h>
| #endif
| #ifdef HAVE_STDINT_H
| # include <stdint.h>
| #endif
| #ifdef HAVE_UNISTD_H
| # include <unistd.h>
| #endif
| #include <sys/pstat.h>
configure:6964: result: no
configure:6964: checking sys/pstat.h presence
configure:6964: cc -E  conftest.c
conftest.c:28:10: fatal error: sys/pstat.h: No such file or directory
   28 | #include <sys/pstat.h>
      |          ^~~~~~~~~~~~~
compilation terminated.
configure:6964: $? = 1
configure: failed program was:
| /* confdefs.h */
| #define PACKAGE_NAME "PHP"
| #define PACKAGE_TARNAME "php"
| #define PACKAGE_VERSION "7.4.0"
| #define PACKAGE_STRING "PHP 7.4.0"
| #define PACKAGE_BUGREPORT "https://bugs.php.net"
| #define PACKAGE_URL "https://www.php.net"
| #define STDC_HEADERS 1
| #define HAVE_SYS_TYPES_H 1
| #define HAVE_SYS_STAT_H 1
| #define HAVE_STDLIB_H 1
| #define HAVE_STRING_H 1
| #define HAVE_MEMORY_H 1
| #define HAVE_STRINGS_H 1
| #define HAVE_INTTYPES_H 1
| #define HAVE_STDINT_H 1
| #define HAVE_UNISTD_H 1
| #define __EXTENSIONS__ 1
| #define _ALL_SOURCE 1
| #define _GNU_SOURCE 1
| #define _POSIX_PTHREAD_SEMANTICS 1
| #define _TANDEM_SOURCE 1
| #define HAVE_DEV_URANDOM 1
| #define HAVE_GCC_GLOBAL_REGS 1
| #define HAVE_HUGE_VAL_INF 1
| #define HAVE_CPUID_COUNT 1
| /* end confdefs.h.  */
| #include <sys/pstat.h>
configure:6964: result: no
configure:6964: checking for sys/pstat.h
configure:6964: result: no
configure:6975: checking for PS_STRINGS
configure:6994: cc -o conftest -g -O2 -fvisibility=hidden   conftest.c  >&5
conftest.c:28:10: fatal error: machine/vmparam.h: No such file or directory
   28 | #include <machine/vmparam.h>
      |          ^~~~~~~~~~~~~~~~~~~
compilation terminated.
configure:6994: $? = 1
configure: failed program was:
| /* confdefs.h */
| #define PACKAGE_NAME "PHP"
| #define PACKAGE_TARNAME "php"
| #define PACKAGE_VERSION "7.4.0"
| #define PACKAGE_STRING "PHP 7.4.0"
| #define PACKAGE_BUGREPORT "https://bugs.php.net"
| #define PACKAGE_URL "https://www.php.net"
| #define STDC_HEADERS 1
| #define HAVE_SYS_TYPES_H 1
| #define HAVE_SYS_STAT_H 1
| #define HAVE_STDLIB_H 1
| #define HAVE_STRING_H 1
| #define HAVE_MEMORY_H 1
| #define HAVE_STRINGS_H 1
| #define HAVE_INTTYPES_H 1
| #define HAVE_STDINT_H 1
| #define HAVE_UNISTD_H 1
| #define __EXTENSIONS__ 1
| #define _ALL_SOURCE 1
| #define _GNU_SOURCE 1
| #define _POSIX_PTHREAD_SEMANTICS 1
| #define _TANDEM_SOURCE 1
| #define HAVE_DEV_URANDOM 1
| #define HAVE_GCC_GLOBAL_REGS 1
| #define HAVE_HUGE_VAL_INF 1
| #define HAVE_CPUID_COUNT 1
| /* end confdefs.h.  */
| #include <machine/vmparam.h>
| #include <sys/exec.h>
| 
| int
| main ()
| {
| PS_STRINGS->ps_nargvstr = 1;
| PS_STRINGS->ps_argvstr = "foo";
|   ;
|   return 0;
| }
configure:7002: result: no
configure:7010: checking for CLI build
configure:7169: result: yes
configure:7196: checking for embedded SAPI library support
configure:7395: result: no
configure:7451: checking for FPM build
configure:9109: result: no
configure:9116: checking for LiteSpeed support
configure:9285: result: no
configure:9294: checking for phpdbg support
configure:9329: result: yes
configure:9338: checking for phpdbg web SAPI support
configure:9373: result: no
configure:9382: checking for phpdbg debug build
configure:9396: result: no
configure:9405: checking for phpdbg readline support
configure:9419: result: no
configure:9426: checking whether termios.h defines TIOCGWINSZ
configure:9449: result: no
configure:9453: checking whether sys/ioctl.h defines TIOCGWINSZ
configure:9476: result: yes
configure:9503: checking for phpdbg and readline integration
configure:9518: result: disabled
configure:9949: checking for CGI build
configure:9952: result: yes
configure:9955: checking for sun_len in sys/un.h
configure:9970: result: no
configure:9976: checking whether cross-process locking is required by accept()
configure:9987: result: no
configure:10137: checking for chosen SAPI module
configure:10139: result: none
configure:10142: checking for executable SAPI binaries
configure:10145: result:  cli phpdbg cgi
configure:10196: result: 
configure:10198: result: [1mRunning system checks[m
configure:10206: checking for sendmail
configure:10240: result: no
configure:10251: checking whether system uses EBCDIC
configure:10270: cc -o conftest -g -O2 -fvisibility=hidden   conftest.c  >&5
configure:10270: $? = 0
configure:10270: ./conftest
configure:10270: $? = 1
configure: program exited with status 1
configure: failed program was:
| /* confdefs.h */
| #define PACKAGE_NAME "PHP"
| #define PACKAGE_TARNAME "php"
| #define PACKAGE_VERSION "7.4.0"
| #define PACKAGE_STRING "PHP 7.4.0"
| #define PACKAGE_BUGREPORT "https://bugs.php.net"
| #define PACKAGE_URL "https://www.php.net"
| #define STDC_HEADERS 1
| #define HAVE_SYS_TYPES_H 1
| #define HAVE_SYS_STAT_H 1
| #define HAVE_STDLIB_H 1
| #define HAVE_STRING_H 1
| #define HAVE_MEMORY_H 1
| #define HAVE_STRINGS_H 1
| #define HAVE_INTTYPES_H 1
| #define HAVE_STDINT_H 1
| #define HAVE_UNISTD_H 1
| #define __EXTENSIONS__ 1
| #define _ALL_SOURCE 1
| #define _GNU_SOURCE 1
| #define _POSIX_PTHREAD_SEMANTICS 1
| #define _TANDEM_SOURCE 1
| #define HAVE_DEV_URANDOM 1
| #define HAVE_GCC_GLOBAL_REGS 1
| #define HAVE_HUGE_VAL_INF 1
| #define HAVE_CPUID_COUNT 1
| #define GWINSZ_IN_SYS_IOCTL 1
| #define HAVE_PHPDBG 1
| #define PHPDBG_DEBUG 0
| /* end confdefs.h.  */
| 
| int main(void) {
|   return (unsigned char)'A' != (unsigned char)0xC1;
| }
| 
configure:10284: result: no
configure:10293: checking whether byte ordering is bigendian
configure:10319: cc -o conftest -g -O2 -fvisibility=hidden   conftest.c  >&5
configure:10319: $? = 0
configure:10319: ./conftest
configure:10319: $? = 1
configure: program exited with status 1
configure: failed program was:
| /* confdefs.h */
| #define PACKAGE_NAME "PHP"
| #define PACKAGE_TARNAME "php"
| #define PACKAGE_VERSION "7.4.0"
| #define PACKAGE_STRING "PHP 7.4.0"
| #define PACKAGE_BUGREPORT "https://bugs.php.net"
| #define PACKAGE_URL "https://www.php.net"
| #define STDC_HEADERS 1
| #define HAVE_SYS_TYPES_H 1
| #define HAVE_SYS_STAT_H 1
| #define HAVE_STDLIB_H 1
| #define HAVE_STRING_H 1
| #define HAVE_MEMORY_H 1
| #define HAVE_STRINGS_H 1
| #define HAVE_INTTYPES_H 1
| #define HAVE_STDINT_H 1
| #define HAVE_UNISTD_H 1
| #define __EXTENSIONS__ 1
| #define _ALL_SOURCE 1
| #define _GNU_SOURCE 1
| #define _POSIX_PTHREAD_SEMANTICS 1
| #define _TANDEM_SOURCE 1
| #define HAVE_DEV_URANDOM 1
| #define HAVE_GCC_GLOBAL_REGS 1
| #define HAVE_HUGE_VAL_INF 1
| #define HAVE_CPUID_COUNT 1
| #define GWINSZ_IN_SYS_IOCTL 1
| #define HAVE_PHPDBG 1
| #define PHPDBG_DEBUG 0
| /* end confdefs.h.  */
| 
| int main(void)
| {
|   short one = 1;
|   char *cp = (char *)&one;
| 
|   if (*cp == 0) {
|     return(0);
|   } else {
|     return(1);
|   }
| }
| 
configure:10330: result: no
configure:10340: checking whether writing to stdout works
configure:10369: cc -o conftest -g -O2 -fvisibility=hidden   conftest.c  >&5
conftest.c:38:1: warning: return type defaults to 'int' [-Wimplicit-int]
   38 | main()
      | ^~~~
configure:10369: $? = 0
configure:10369: ./conftest
configure:10369: $? = 0
configure:10384: result: yes
configure:10438: checking for socket
configure:10438: cc -o conftest -g -O2 -fvisibility=hidden   conftest.c  >&5
configure:10438: $? = 0
configure:10438: result: yes
configure:10606: checking for socketpair
configure:10606: cc -o conftest -g -O2 -fvisibility=hidden   conftest.c  >&5
configure:10606: $? = 0
configure:10606: result: yes
configure:10774: checking for htonl
configure:10774: cc -o conftest -g -O2 -fvisibility=hidden   conftest.c  >&5
configure:10774: $? = 0
configure:10774: result: yes
configure:10942: checking for gethostname
configure:10942: cc -o conftest -g -O2 -fvisibility=hidden   conftest.c  >&5
configure:10942: $? = 0
configure:10942: result: yes
configure:11110: checking for gethostbyaddr
configure:11110: cc -o conftest -g -O2 -fvisibility=hidden   conftest.c  >&5
configure:11110: $? = 0
configure:11110: result: yes
configure:11278: checking for dlopen
configure:11278: cc -o conftest -g -O2 -fvisibility=hidden   conftest.c  >&5
/usr/bin/ld: /tmp/cc3IW4AE.o: in function `main':
/app/conftest.c:71: undefined reference to `dlopen'
collect2: error: ld returned 1 exit status
configure:11278: $? = 1
configure: failed program was:
| /* confdefs.h */
| #define PACKAGE_NAME "PHP"
| #define PACKAGE_TARNAME "php"
| #define PACKAGE_VERSION "7.4.0"
| #define PACKAGE_STRING "PHP 7.4.0"
| #define PACKAGE_BUGREPORT "https://bugs.php.net"
| #define PACKAGE_URL "https://www.php.net"
| #define STDC_HEADERS 1
| #define HAVE_SYS_TYPES_H 1
| #define HAVE_SYS_STAT_H 1
| #define HAVE_STDLIB_H 1
| #define HAVE_STRING_H 1
| #define HAVE_MEMORY_H 1
| #define HAVE_STRINGS_H 1
| #define HAVE_INTTYPES_H 1
| #define HAVE_STDINT_H 1
| #define HAVE_UNISTD_H 1
| #define __EXTENSIONS__ 1
| #define _ALL_SOURCE 1
| #define _GNU_SOURCE 1
| #define _POSIX_PTHREAD_SEMANTICS 1
| #define _TANDEM_SOURCE 1
| #define HAVE_DEV_URANDOM 1
| #define HAVE_GCC_GLOBAL_REGS 1
| #define HAVE_HUGE_VAL_INF 1
| #define HAVE_CPUID_COUNT 1
| #define GWINSZ_IN_SYS_IOCTL 1
| #define HAVE_PHPDBG 1
| #define PHPDBG_DEBUG 0
| #define PHP_WRITE_STDOUT 1
| #define HAVE_SOCKET 1
| #define HAVE_SOCKETPAIR 1
| #define HAVE_HTONL 1
| #define HAVE_GETHOSTNAME 1
| #define HAVE_GETHOSTBYADDR 1
| /* end confdefs.h.  */
| /* Define dlopen to an innocuous variant, in case <limits.h> declares dlopen.
|    For example, HP-UX 11i <limits.h> declares gettimeofday.  */
| #define dlopen innocuous_dlopen
| 
| /* System header to define __stub macros and hopefully few prototypes,
|     which can conflict with char dlopen (); below.
|     Prefer <limits.h> to <assert.h> if __STDC__ is defined, since
|     <limits.h> exists even on freestanding compilers.  */
| 
| #ifdef __STDC__
| # include <limits.h>
| #else
| # include <assert.h>
| #endif
| 
| #undef dlopen
| 
| /* Override any GCC internal prototype to avoid an error.
|    Use char because int might match the return type of a GCC
|    builtin and then its argument prototype would still apply.  */
| #ifdef __cplusplus
| extern "C"
| #endif
| char dlopen ();
| /* The GNU C library defines this for functions which it implements
|     to always fail with ENOSYS.  Some functions are actually named
|     something starting with __ and the normal name is an alias.  */
| #if defined __stub_dlopen || defined __stub___dlopen
| choke me
| #endif
| 
| int
| main ()
| {
| return dlopen ();
|   ;
|   return 0;
| }
configure:11278: result: no
configure:11282: checking for __dlopen
configure:11282: cc -o conftest -g -O2 -fvisibility=hidden   conftest.c  >&5
/usr/bin/ld: /tmp/ccvhfNXI.o: in function `main':
/app/conftest.c:71: undefined reference to `__dlopen'
collect2: error: ld returned 1 exit status
configure:11282: $? = 1
configure: failed program was:
| /* confdefs.h */
| #define PACKAGE_NAME "PHP"
| #define PACKAGE_TARNAME "php"
| #define PACKAGE_VERSION "7.4.0"
| #define PACKAGE_STRING "PHP 7.4.0"
| #define PACKAGE_BUGREPORT "https://bugs.php.net"
| #define PACKAGE_URL "https://www.php.net"
| #define STDC_HEADERS 1
| #define HAVE_SYS_TYPES_H 1
| #define HAVE_SYS_STAT_H 1
| #define HAVE_STDLIB_H 1
| #define HAVE_STRING_H 1
| #define HAVE_MEMORY_H 1
| #define HAVE_STRINGS_H 1
| #define HAVE_INTTYPES_H 1
| #define HAVE_STDINT_H 1
| #define HAVE_UNISTD_H 1
| #define __EXTENSIONS__ 1
| #define _ALL_SOURCE 1
| #define _GNU_SOURCE 1
| #define _POSIX_PTHREAD_SEMANTICS 1
| #define _TANDEM_SOURCE 1
| #define HAVE_DEV_URANDOM 1
| #define HAVE_GCC_GLOBAL_REGS 1
| #define HAVE_HUGE_VAL_INF 1
| #define HAVE_CPUID_COUNT 1
| #define GWINSZ_IN_SYS_IOCTL 1
| #define HAVE_PHPDBG 1
| #define PHPDBG_DEBUG 0
| #define PHP_WRITE_STDOUT 1
| #define HAVE_SOCKET 1
| #define HAVE_SOCKETPAIR 1
| #define HAVE_HTONL 1
| #define HAVE_GETHOSTNAME 1
| #define HAVE_GETHOSTBYADDR 1
| /* end confdefs.h.  */
| /* Define __dlopen to an innocuous variant, in case <limits.h> declares __dlopen.
|    For example, HP-UX 11i <limits.h> declares gettimeofday.  */
| #define __dlopen innocuous___dlopen
| 
| /* System header to define __stub macros and hopefully few prototypes,
|     which can conflict with char __dlopen (); below.
|     Prefer <limits.h> to <assert.h> if __STDC__ is defined, since
|     <limits.h> exists even on freestanding compilers.  */
| 
| #ifdef __STDC__
| # include <limits.h>
| #else
| # include <assert.h>
| #endif
| 
| #undef __dlopen
| 
| /* Override any GCC internal prototype to avoid an error.
|    Use char because int might match the return type of a GCC
|    builtin and then its argument prototype would still apply.  */
| #ifdef __cplusplus
| extern "C"
| #endif
| char __dlopen ();
| /* The GNU C library defines this for functions which it implements
|     to always fail with ENOSYS.  Some functions are actually named
|     something starting with __ and the normal name is an alias.  */
| #if defined __stub___dlopen || defined __stub_____dlopen
| choke me
| #endif
| 
| int
| main ()
| {
| return __dlopen ();
|   ;
|   return 0;
| }
configure:11282: result: no
configure:11305: checking for dlopen in -ldl
configure:11330: cc -o conftest -g -O2 -fvisibility=hidden   conftest.c -ldl   >&5
configure:11330: $? = 0
configure:11339: result: yes
configure:11401: cc -o conftest -g -O2 -fvisibility=hidden   conftest.c  -ldl >&5
conftest.c:37:1: warning: return type defaults to 'int' [-Wimplicit-int]
   37 | main() { return (0); }
      | ^~~~
configure:11401: $? = 0
configure:11401: ./conftest
configure:11401: $? = 0
configure:11446: checking for dlsym
configure:11446: cc -o conftest -g -O2 -fvisibility=hidden   conftest.c -ldl  >&5
configure:11446: $? = 0
configure:11446: result: yes
configure:11614: checking for sin in -lm
configure:11639: cc -o conftest -g -O2 -fvisibility=hidden   conftest.c -lm  -ldl  >&5
conftest.c:48:6: warning: conflicting types for built-in function 'sin'; expected 'double(double)' [-Wbuiltin-declaration-mismatch]
   48 | char sin ();
      |      ^~~
conftest.c:1:1: note: 'sin' is declared in header '<math.h>'
    1 | /* confdefs.h */
configure:11639: $? = 0
configure:11648: result: yes
configure:11665: checking for inet_aton
configure:11665: cc -o conftest -g -O2 -fvisibility=hidden   conftest.c -lm -ldl  >&5
configure:11665: $? = 0
configure:11665: result: yes
configure:12021: checking for inttypes.h
configure:12021: result: yes
configure:12021: checking for stdint.h
configure:12021: result: yes
configure:12021: checking for dirent.h
configure:12021: cc -c -g -O2 -fvisibility=hidden  conftest.c >&5
configure:12021: $? = 0
configure:12021: result: yes
configure:12021: checking for sys/param.h
configure:12021: cc -c -g -O2 -fvisibility=hidden  conftest.c >&5
configure:12021: $? = 0
configure:12021: result: yes
configure:12021: checking for sys/types.h
configure:12021: result: yes
configure:12021: checking for sys/time.h
configure:12021: cc -c -g -O2 -fvisibility=hidden  conftest.c >&5
configure:12021: $? = 0
configure:12021: result: yes
configure:12021: checking for netinet/in.h
configure:12021: cc -c -g -O2 -fvisibility=hidden  conftest.c >&5
configure:12021: $? = 0
configure:12021: result: yes
configure:12021: checking for alloca.h
configure:12021: cc -c -g -O2 -fvisibility=hidden  conftest.c >&5
configure:12021: $? = 0
configure:12021: result: yes
configure:12021: checking for arpa/inet.h
configure:12021: cc -c -g -O2 -fvisibility=hidden  conftest.c >&5
configure:12021: $? = 0
configure:12021: result: yes
configure:12021: checking for arpa/nameser.h
configure:12021: cc -c -g -O2 -fvisibility=hidden  conftest.c >&5
configure:12021: $? = 0
configure:12021: result: yes
configure:12021: checking for crypt.h
configure:12021: cc -c -g -O2 -fvisibility=hidden  conftest.c >&5
configure:12021: $? = 0
configure:12021: result: yes
configure:12021: checking for dns.h
configure:12021: cc -c -g -O2 -fvisibility=hidden  conftest.c >&5
conftest.c:72:10: fatal error: dns.h: No such file or directory
   72 | #include <dns.h>
      |          ^~~~~~~
compilation terminated.
configure:12021: $? = 1
configure: failed program was:
| /* confdefs.h */
| #define PACKAGE_NAME "PHP"
| #define PACKAGE_TARNAME "php"
| #define PACKAGE_VERSION "7.4.0"
| #define PACKAGE_STRING "PHP 7.4.0"
| #define PACKAGE_BUGREPORT "https://bugs.php.net"
| #define PACKAGE_URL "https://www.php.net"
| #define STDC_HEADERS 1
| #define HAVE_SYS_TYPES_H 1
| #define HAVE_SYS_STAT_H 1
| #define HAVE_STDLIB_H 1
| #define HAVE_STRING_H 1
| #define HAVE_MEMORY_H 1
| #define HAVE_STRINGS_H 1
| #define HAVE_INTTYPES_H 1
| #define HAVE_STDINT_H 1
| #define HAVE_UNISTD_H 1
| #define __EXTENSIONS__ 1
| #define _ALL_SOURCE 1
| #define _GNU_SOURCE 1
| #define _POSIX_PTHREAD_SEMANTICS 1
| #define _TANDEM_SOURCE 1
| #define HAVE_DEV_URANDOM 1
| #define HAVE_GCC_GLOBAL_REGS 1
| #define HAVE_HUGE_VAL_INF 1
| #define HAVE_CPUID_COUNT 1
| #define GWINSZ_IN_SYS_IOCTL 1
| #define HAVE_PHPDBG 1
| #define PHPDBG_DEBUG 0
| #define PHP_WRITE_STDOUT 1
| #define HAVE_SOCKET 1
| #define HAVE_SOCKETPAIR 1
| #define HAVE_HTONL 1
| #define HAVE_GETHOSTNAME 1
| #define HAVE_GETHOSTBYADDR 1
| #define HAVE_DLOPEN 1
| #define HAVE_LIBDL 1
| #define HAVE_DLSYM 1
| #define HAVE_LIBDL 1
| #define HAVE_LIBM 1
| #define HAVE_INET_ATON 1
| #define HAVE_INTTYPES_H 1
| #define HAVE_STDINT_H 1
| #define HAVE_DIRENT_H 1
| #define HAVE_SYS_PARAM_H 1
| #define HAVE_SYS_TYPES_H 1
| #define HAVE_SYS_TIME_H 1
| #define HAVE_NETINET_IN_H 1
| #define HAVE_ALLOCA_H 1
| #define HAVE_ARPA_INET_H 1
| #define HAVE_ARPA_NAMESER_H 1
| #define HAVE_CRYPT_H 1
| /* end confdefs.h.  */
| 
| #ifdef HAVE_SYS_PARAM_H
| #include <sys/param.h>
| #endif
| #ifdef HAVE_SYS_TYPES_H
| #include <sys/types.h>
| #endif
| #ifdef HAVE_SYS_TIME_H
| #include <sys/time.h>
| #endif
| #ifdef HAVE_NETINET_IN_H
| #include <netinet/in.h>
| #endif
| #ifdef HAVE_ARPA_NAMESER_H
| #include <arpa/nameser.h>
| #endif
| 
| 
| #include <dns.h>
configure:12021: result: no
configure:12021: checking for fcntl.h
configure:12021: cc -c -g -O2 -fvisibility=hidden  conftest.c >&5
configure:12021: $? = 0
configure:12021: result: yes
configure:12021: checking for grp.h
configure:12021: cc -c -g -O2 -fvisibility=hidden  conftest.c >&5
configure:12021: $? = 0
configure:12021: result: yes
configure:12021: checking for ieeefp.h
configure:12021: cc -c -g -O2 -fvisibility=hidden  conftest.c >&5
conftest.c:74:10: fatal error: ieeefp.h: No such file or directory
   74 | #include <ieeefp.h>
      |          ^~~~~~~~~~
compilation terminated.
configure:12021: $? = 1
configure: failed program was:
| /* confdefs.h */
| #define PACKAGE_NAME "PHP"
| #define PACKAGE_TARNAME "php"
| #define PACKAGE_VERSION "7.4.0"
| #define PACKAGE_STRING "PHP 7.4.0"
| #define PACKAGE_BUGREPORT "https://bugs.php.net"
| #define PACKAGE_URL "https://www.php.net"
| #define STDC_HEADERS 1
| #define HAVE_SYS_TYPES_H 1
| #define HAVE_SYS_STAT_H 1
| #define HAVE_STDLIB_H 1
| #define HAVE_STRING_H 1
| #define HAVE_MEMORY_H 1
| #define HAVE_STRINGS_H 1
| #define HAVE_INTTYPES_H 1
| #define HAVE_STDINT_H 1
| #define HAVE_UNISTD_H 1
| #define __EXTENSIONS__ 1
| #define _ALL_SOURCE 1
| #define _GNU_SOURCE 1
| #define _POSIX_PTHREAD_SEMANTICS 1
| #define _TANDEM_SOURCE 1
| #define HAVE_DEV_URANDOM 1
| #define HAVE_GCC_GLOBAL_REGS 1
| #define HAVE_HUGE_VAL_INF 1
| #define HAVE_CPUID_COUNT 1
| #define GWINSZ_IN_SYS_IOCTL 1
| #define HAVE_PHPDBG 1
| #define PHPDBG_DEBUG 0
| #define PHP_WRITE_STDOUT 1
| #define HAVE_SOCKET 1
| #define HAVE_SOCKETPAIR 1
| #define HAVE_HTONL 1
| #define HAVE_GETHOSTNAME 1
| #define HAVE_GETHOSTBYADDR 1
| #define HAVE_DLOPEN 1
| #define HAVE_LIBDL 1
| #define HAVE_DLSYM 1
| #define HAVE_LIBDL 1
| #define HAVE_LIBM 1
| #define HAVE_INET_ATON 1
| #define HAVE_INTTYPES_H 1
| #define HAVE_STDINT_H 1
| #define HAVE_DIRENT_H 1
| #define HAVE_SYS_PARAM_H 1
| #define HAVE_SYS_TYPES_H 1
| #define HAVE_SYS_TIME_H 1
| #define HAVE_NETINET_IN_H 1
| #define HAVE_ALLOCA_H 1
| #define HAVE_ARPA_INET_H 1
| #define HAVE_ARPA_NAMESER_H 1
| #define HAVE_CRYPT_H 1
| #define HAVE_FCNTL_H 1
| #define HAVE_GRP_H 1
| /* end confdefs.h.  */
| 
| #ifdef HAVE_SYS_PARAM_H
| #include <sys/param.h>
| #endif
| #ifdef HAVE_SYS_TYPES_H
| #include <sys/types.h>
| #endif
| #ifdef HAVE_SYS_TIME_H
| #include <sys/time.h>
| #endif
| #ifdef HAVE_NETINET_IN_H
| #include <netinet/in.h>
| #endif
| #ifdef HAVE_ARPA_NAMESER_H
| #include <arpa/nameser.h>
| #endif
| 
| 
| #include <ieeefp.h>
configure:12021: result: no
configure:12021: checking for langinfo.h
configure:12021: cc -c -g -O2 -fvisibility=hidden  conftest.c >&5
configure:12021: $? = 0
configure:12021: result: yes
configure:12021: checking for locale.h
configure:12021: cc -c -g -O2 -fvisibility=hidden  conftest.c >&5
configure:12021: $? = 0
configure:12021: result: yes
configure:12021: checking for malloc.h
configure:12021: cc -c -g -O2 -fvisibility=hidden  conftest.c >&5
configure:12021: $? = 0
configure:12021: result: yes
configure:12021: checking for monetary.h
configure:12021: cc -c -g -O2 -fvisibility=hidden  conftest.c >&5
configure:12021: $? = 0
configure:12021: result: yes
configure:12021: checking for netdb.h
configure:12021: cc -c -g -O2 -fvisibility=hidden  conftest.c >&5
configure:12021: $? = 0
configure:12021: result: yes
configure:12021: checking for poll.h
configure:12021: cc -c -g -O2 -fvisibility=hidden  conftest.c >&5
configure:12021: $? = 0
configure:12021: result: yes
configure:12021: checking for pwd.h
configure:12021: cc -c -g -O2 -fvisibility=hidden  conftest.c >&5
configure:12021: $? = 0
configure:12021: result: yes
configure:12021: checking for resolv.h
configure:12021: cc -c -g -O2 -fvisibility=hidden  conftest.c >&5
configure:12021: $? = 0
configure:12021: result: yes
configure:12021: checking for strings.h
configure:12021: result: yes
configure:12021: checking for syslog.h
configure:12021: cc -c -g -O2 -fvisibility=hidden  conftest.c >&5
configure:12021: $? = 0
configure:12021: result: yes
configure:12021: checking for sysexits.h
configure:12021: cc -c -g -O2 -fvisibility=hidden  conftest.c >&5
configure:12021: $? = 0
configure:12021: result: yes
configure:12021: checking for sys/ioctl.h
configure:12021: cc -c -g -O2 -fvisibility=hidden  conftest.c >&5
configure:12021: $? = 0
configure:12021: result: yes
configure:12021: checking for sys/file.h
configure:12021: cc -c -g -O2 -fvisibility=hidden  conftest.c >&5
configure:12021: $? = 0
configure:12021: result: yes
configure:12021: checking for sys/mman.h
configure:12021: cc -c -g -O2 -fvisibility=hidden  conftest.c >&5
configure:12021: $? = 0
configure:12021: result: yes
configure:12021: checking for sys/mount.h
configure:12021: cc -c -g -O2 -fvisibility=hidden  conftest.c >&5
configure:12021: $? = 0
configure:12021: result: yes
configure:12021: checking for sys/poll.h
configure:12021: cc -c -g -O2 -fvisibility=hidden  conftest.c >&5
configure:12021: $? = 0
configure:12021: result: yes
configure:12021: checking for sys/resource.h
configure:12021: cc -c -g -O2 -fvisibility=hidden  conftest.c >&5
configure:12021: $? = 0
configure:12021: result: yes
configure:12021: checking for sys/select.h
configure:12021: cc -c -g -O2 -fvisibility=hidden  conftest.c >&5
configure:12021: $? = 0
configure:12021: result: yes
configure:12021: checking for sys/socket.h
configure:12021: cc -c -g -O2 -fvisibility=hidden  conftest.c >&5
configure:12021: $? = 0
configure:12021: result: yes
configure:12021: checking for sys/stat.h
configure:12021: result: yes
configure:12021: checking for sys/statfs.h
configure:12021: cc -c -g -O2 -fvisibility=hidden  conftest.c >&5
configure:12021: $? = 0
configure:12021: result: yes
configure:12021: checking for sys/statvfs.h
configure:12021: cc -c -g -O2 -fvisibility=hidden  conftest.c >&5
configure:12021: $? = 0
configure:12021: result: yes
configure:12021: checking for sys/vfs.h
configure:12021: cc -c -g -O2 -fvisibility=hidden  conftest.c >&5
configure:12021: $? = 0
configure:12021: result: yes
configure:12021: checking for sys/sysexits.h
configure:12021: cc -c -g -O2 -fvisibility=hidden  conftest.c >&5
conftest.c:97:10: fatal error: sys/sysexits.h: No such file or directory
   97 | #include <sys/sysexits.h>
      |          ^~~~~~~~~~~~~~~~
compilation terminated.
configure:12021: $? = 1
configure: failed program was:
| /* confdefs.h */
| #define PACKAGE_NAME "PHP"
| #define PACKAGE_TARNAME "php"
| #define PACKAGE_VERSION "7.4.0"
| #define PACKAGE_STRING "PHP 7.4.0"
| #define PACKAGE_BUGREPORT "https://bugs.php.net"
| #define PACKAGE_URL "https://www.php.net"
| #define STDC_HEADERS 1
| #define HAVE_SYS_TYPES_H 1
| #define HAVE_SYS_STAT_H 1
| #define HAVE_STDLIB_H 1
| #define HAVE_STRING_H 1
| #define HAVE_MEMORY_H 1
| #define HAVE_STRINGS_H 1
| #define HAVE_INTTYPES_H 1
| #define HAVE_STDINT_H 1
| #define HAVE_UNISTD_H 1
| #define __EXTENSIONS__ 1
| #define _ALL_SOURCE 1
| #define _GNU_SOURCE 1
| #define _POSIX_PTHREAD_SEMANTICS 1
| #define _TANDEM_SOURCE 1
| #define HAVE_DEV_URANDOM 1
| #define HAVE_GCC_GLOBAL_REGS 1
| #define HAVE_HUGE_VAL_INF 1
| #define HAVE_CPUID_COUNT 1
| #define GWINSZ_IN_SYS_IOCTL 1
| #define HAVE_PHPDBG 1
| #define PHPDBG_DEBUG 0
| #define PHP_WRITE_STDOUT 1
| #define HAVE_SOCKET 1
| #define HAVE_SOCKETPAIR 1
| #define HAVE_HTONL 1
| #define HAVE_GETHOSTNAME 1
| #define HAVE_GETHOSTBYADDR 1
| #define HAVE_DLOPEN 1
| #define HAVE_LIBDL 1
| #define HAVE_DLSYM 1
| #define HAVE_LIBDL 1
| #define HAVE_LIBM 1
| #define HAVE_INET_ATON 1
| #define HAVE_INTTYPES_H 1
| #define HAVE_STDINT_H 1
| #define HAVE_DIRENT_H 1
| #define HAVE_SYS_PARAM_H 1
| #define HAVE_SYS_TYPES_H 1
| #define HAVE_SYS_TIME_H 1
| #define HAVE_NETINET_IN_H 1
| #define HAVE_ALLOCA_H 1
| #define HAVE_ARPA_INET_H 1
| #define HAVE_ARPA_NAMESER_H 1
| #define HAVE_CRYPT_H 1
| #define HAVE_FCNTL_H 1
| #define HAVE_GRP_H 1
| #define HAVE_LANGINFO_H 1
| #define HAVE_LOCALE_H 1
| #define HAVE_MALLOC_H 1
| #define HAVE_MONETARY_H 1
| #define HAVE_NETDB_H 1
| #define HAVE_POLL_H 1
| #define HAVE_PWD_H 1
| #define HAVE_RESOLV_H 1
| #define HAVE_STRINGS_H 1
| #define HAVE_SYSLOG_H 1
| #define HAVE_SYSEXITS_H 1
| #define HAVE_SYS_IOCTL_H 1
| #define HAVE_SYS_FILE_H 1
| #define HAVE_SYS_MMAN_H 1
| #define HAVE_SYS_MOUNT_H 1
| #define HAVE_SYS_POLL_H 1
| #define HAVE_SYS_RESOURCE_H 1
| #define HAVE_SYS_SELECT_H 1
| #define HAVE_SYS_SOCKET_H 1
| #define HAVE_SYS_STAT_H 1
| #define HAVE_SYS_STATFS_H 1
| #define HAVE_SYS_STATVFS_H 1
| #define HAVE_SYS_VFS_H 1
| /* end confdefs.h.  */
| 
| #ifdef HAVE_SYS_PARAM_H
| #include <sys/param.h>
| #endif
| #ifdef HAVE_SYS_TYPES_H
| #include <sys/types.h>
| #endif
| #ifdef HAVE_SYS_TIME_H
| #include <sys/time.h>
| #endif
| #ifdef HAVE_NETINET_IN_H
| #include <netinet/in.h>
| #endif
| #ifdef HAVE_ARPA_NAMESER_H
| #include <arpa/nameser.h>
| #endif
| 
| 
| #include <sys/sysexits.h>
configure:12021: result: no
configure:12021: checking for sys/uio.h
configure:12021: cc -c -g -O2 -fvisibility=hidden  conftest.c >&5
configure:12021: $? = 0
configure:12021: result: yes
configure:12021: checking for sys/wait.h
configure:12021: cc -c -g -O2 -fvisibility=hidden  conftest.c >&5
configure:12021: $? = 0
configure:12021: result: yes
configure:12021: checking for sys/loadavg.h
configure:12021: cc -c -g -O2 -fvisibility=hidden  conftest.c >&5
conftest.c:99:10: fatal error: sys/loadavg.h: No such file or directory
   99 | #include <sys/loadavg.h>
      |          ^~~~~~~~~~~~~~~
compilation terminated.
configure:12021: $? = 1
configure: failed program was:
| /* confdefs.h */
| #define PACKAGE_NAME "PHP"
| #define PACKAGE_TARNAME "php"
| #define PACKAGE_VERSION "7.4.0"
| #define PACKAGE_STRING "PHP 7.4.0"
| #define PACKAGE_BUGREPORT "https://bugs.php.net"
| #define PACKAGE_URL "https://www.php.net"
| #define STDC_HEADERS 1
| #define HAVE_SYS_TYPES_H 1
| #define HAVE_SYS_STAT_H 1
| #define HAVE_STDLIB_H 1
| #define HAVE_STRING_H 1
| #define HAVE_MEMORY_H 1
| #define HAVE_STRINGS_H 1
| #define HAVE_INTTYPES_H 1
| #define HAVE_STDINT_H 1
| #define HAVE_UNISTD_H 1
| #define __EXTENSIONS__ 1
| #define _ALL_SOURCE 1
| #define _GNU_SOURCE 1
| #define _POSIX_PTHREAD_SEMANTICS 1
| #define _TANDEM_SOURCE 1
| #define HAVE_DEV_URANDOM 1
| #define HAVE_GCC_GLOBAL_REGS 1
| #define HAVE_HUGE_VAL_INF 1
| #define HAVE_CPUID_COUNT 1
| #define GWINSZ_IN_SYS_IOCTL 1
| #define HAVE_PHPDBG 1
| #define PHPDBG_DEBUG 0
| #define PHP_WRITE_STDOUT 1
| #define HAVE_SOCKET 1
| #define HAVE_SOCKETPAIR 1
| #define HAVE_HTONL 1
| #define HAVE_GETHOSTNAME 1
| #define HAVE_GETHOSTBYADDR 1
| #define HAVE_DLOPEN 1
| #define HAVE_LIBDL 1
| #define HAVE_DLSYM 1
| #define HAVE_LIBDL 1
| #define HAVE_LIBM 1
| #define HAVE_INET_ATON 1
| #define HAVE_INTTYPES_H 1
| #define HAVE_STDINT_H 1
| #define HAVE_DIRENT_H 1
| #define HAVE_SYS_PARAM_H 1
| #define HAVE_SYS_TYPES_H 1
| #define HAVE_SYS_TIME_H 1
| #define HAVE_NETINET_IN_H 1
| #define HAVE_ALLOCA_H 1
| #define HAVE_ARPA_INET_H 1
| #define HAVE_ARPA_NAMESER_H 1
| #define HAVE_CRYPT_H 1
| #define HAVE_FCNTL_H 1
| #define HAVE_GRP_H 1
| #define HAVE_LANGINFO_H 1
| #define HAVE_LOCALE_H 1
| #define HAVE_MALLOC_H 1
| #define HAVE_MONETARY_H 1
| #define HAVE_NETDB_H 1
| #define HAVE_POLL_H 1
| #define HAVE_PWD_H 1
| #define HAVE_RESOLV_H 1
| #define HAVE_STRINGS_H 1
| #define HAVE_SYSLOG_H 1
| #define HAVE_SYSEXITS_H 1
| #define HAVE_SYS_IOCTL_H 1
| #define HAVE_SYS_FILE_H 1
| #define HAVE_SYS_MMAN_H 1
| #define HAVE_SYS_MOUNT_H 1
| #define HAVE_SYS_POLL_H 1
| #define HAVE_SYS_RESOURCE_H 1
| #define HAVE_SYS_SELECT_H 1
| #define HAVE_SYS_SOCKET_H 1
| #define HAVE_SYS_STAT_H 1
| #define HAVE_SYS_STATFS_H 1
| #define HAVE_SYS_STATVFS_H 1
| #define HAVE_SYS_VFS_H 1
| #define HAVE_SYS_UIO_H 1
| #define HAVE_SYS_WAIT_H 1
| /* end confdefs.h.  */
| 
| #ifdef HAVE_SYS_PARAM_H
| #include <sys/param.h>
| #endif
| #ifdef HAVE_SYS_TYPES_H
| #include <sys/types.h>
| #endif
| #ifdef HAVE_SYS_TIME_H
| #include <sys/time.h>
| #endif
| #ifdef HAVE_NETINET_IN_H
| #include <netinet/in.h>
| #endif
| #ifdef HAVE_ARPA_NAMESER_H
| #include <arpa/nameser.h>
| #endif
| 
| 
| #include <sys/loadavg.h>
configure:12021: result: no
configure:12021: checking for termios.h
configure:12021: cc -c -g -O2 -fvisibility=hidden  conftest.c >&5
configure:12021: $? = 0
configure:12021: result: yes
configure:12021: checking for unistd.h
configure:12021: result: yes
configure:12021: checking for unix.h
configure:12021: cc -c -g -O2 -fvisibility=hidden  conftest.c >&5
conftest.c:101:10: fatal error: unix.h: No such file or directory
  101 | #include <unix.h>
      |          ^~~~~~~~
compilation terminated.
configure:12021: $? = 1
configure: failed program was:
| /* confdefs.h */
| #define PACKAGE_NAME "PHP"
| #define PACKAGE_TARNAME "php"
| #define PACKAGE_VERSION "7.4.0"
| #define PACKAGE_STRING "PHP 7.4.0"
| #define PACKAGE_BUGREPORT "https://bugs.php.net"
| #define PACKAGE_URL "https://www.php.net"
| #define STDC_HEADERS 1
| #define HAVE_SYS_TYPES_H 1
| #define HAVE_SYS_STAT_H 1
| #define HAVE_STDLIB_H 1
| #define HAVE_STRING_H 1
| #define HAVE_MEMORY_H 1
| #define HAVE_STRINGS_H 1
| #define HAVE_INTTYPES_H 1
| #define HAVE_STDINT_H 1
| #define HAVE_UNISTD_H 1
| #define __EXTENSIONS__ 1
| #define _ALL_SOURCE 1
| #define _GNU_SOURCE 1
| #define _POSIX_PTHREAD_SEMANTICS 1
| #define _TANDEM_SOURCE 1
| #define HAVE_DEV_URANDOM 1
| #define HAVE_GCC_GLOBAL_REGS 1
| #define HAVE_HUGE_VAL_INF 1
| #define HAVE_CPUID_COUNT 1
| #define GWINSZ_IN_SYS_IOCTL 1
| #define HAVE_PHPDBG 1
| #define PHPDBG_DEBUG 0
| #define PHP_WRITE_STDOUT 1
| #define HAVE_SOCKET 1
| #define HAVE_SOCKETPAIR 1
| #define HAVE_HTONL 1
| #define HAVE_GETHOSTNAME 1
| #define HAVE_GETHOSTBYADDR 1
| #define HAVE_DLOPEN 1
| #define HAVE_LIBDL 1
| #define HAVE_DLSYM 1
| #define HAVE_LIBDL 1
| #define HAVE_LIBM 1
| #define HAVE_INET_ATON 1
| #define HAVE_INTTYPES_H 1
| #define HAVE_STDINT_H 1
| #define HAVE_DIRENT_H 1
| #define HAVE_SYS_PARAM_H 1
| #define HAVE_SYS_TYPES_H 1
| #define HAVE_SYS_TIME_H 1
| #define HAVE_NETINET_IN_H 1
| #define HAVE_ALLOCA_H 1
| #define HAVE_ARPA_INET_H 1
| #define HAVE_ARPA_NAMESER_H 1
| #define HAVE_CRYPT_H 1
| #define HAVE_FCNTL_H 1
| #define HAVE_GRP_H 1
| #define HAVE_LANGINFO_H 1
| #define HAVE_LOCALE_H 1
| #define HAVE_MALLOC_H 1
| #define HAVE_MONETARY_H 1
| #define HAVE_NETDB_H 1
| #define HAVE_POLL_H 1
| #define HAVE_PWD_H 1
| #define HAVE_RESOLV_H 1
| #define HAVE_STRINGS_H 1
| #define HAVE_SYSLOG_H 1
| #define HAVE_SYSEXITS_H 1
| #define HAVE_SYS_IOCTL_H 1
| #define HAVE_SYS_FILE_H 1
| #define HAVE_SYS_MMAN_H 1
| #define HAVE_SYS_MOUNT_H 1
| #define HAVE_SYS_POLL_H 1
| #define HAVE_SYS_RESOURCE_H 1
| #define HAVE_SYS_SELECT_H 1
| #define HAVE_SYS_SOCKET_H 1
| #define HAVE_SYS_STAT_H 1
| #define HAVE_SYS_STATFS_H 1
| #define HAVE_SYS_STATVFS_H 1
| #define HAVE_SYS_VFS_H 1
| #define HAVE_SYS_UIO_H 1
| #define HAVE_SYS_WAIT_H 1
| #define HAVE_TERMIOS_H 1
| #define HAVE_UNISTD_H 1
| /* end confdefs.h.  */
| 
| #ifdef HAVE_SYS_PARAM_H
| #include <sys/param.h>
| #endif
| #ifdef HAVE_SYS_TYPES_H
| #include <sys/types.h>
| #endif
| #ifdef HAVE_SYS_TIME_H
| #include <sys/time.h>
| #endif
| #ifdef HAVE_NETINET_IN_H
| #include <netinet/in.h>
| #endif
| #ifdef HAVE_ARPA_NAMESER_H
| #include <arpa/nameser.h>
| #endif
| 
| 
| #include <unix.h>
configure:12021: result: no
configure:12021: checking for utime.h
configure:12021: cc -c -g -O2 -fvisibility=hidden  conftest.c >&5
configure:12021: $? = 0
configure:12021: result: yes
configure:12021: checking for sys/utsname.h
configure:12021: cc -c -g -O2 -fvisibility=hidden  conftest.c >&5
configure:12021: $? = 0
configure:12021: result: yes
configure:12021: checking for sys/ipc.h
configure:12021: cc -c -g -O2 -fvisibility=hidden  conftest.c >&5
configure:12021: $? = 0
configure:12021: result: yes
configure:12021: checking for dlfcn.h
configure:12021: cc -c -g -O2 -fvisibility=hidden  conftest.c >&5
configure:12021: $? = 0
configure:12021: result: yes
configure:12021: checking for tmmintrin.h
configure:12021: cc -c -g -O2 -fvisibility=hidden  conftest.c >&5
configure:12021: $? = 0
configure:12021: result: yes
configure:12021: checking for nmmintrin.h
configure:12021: cc -c -g -O2 -fvisibility=hidden  conftest.c >&5
configure:12021: $? = 0
configure:12021: result: yes
configure:12021: checking for immintrin.h
configure:12021: cc -c -g -O2 -fvisibility=hidden  conftest.c >&5
configure:12021: $? = 0
configure:12021: result: yes
configure:12050: checking for fopencookie
configure:12050: cc -o conftest -g -O2 -fvisibility=hidden   conftest.c -lm -ldl  >&5
configure:12050: $? = 0
configure:12050: result: yes
configure:12071: cc -c -g -O2 -fvisibility=hidden  conftest.c >&5
conftest.c:91: warning: "_GNU_SOURCE" redefined
   91 | #define _GNU_SOURCE
      | 
conftest.c:20: note: this is the location of the previous definition
   20 | #define _GNU_SOURCE 1
      | 
configure:12071: $? = 0
configure:12117: cc -o conftest -g -O2 -fvisibility=hidden   conftest.c -lm -ldl  >&5
conftest.c:91: warning: "_GNU_SOURCE" redefined
   91 | #define _GNU_SOURCE
      | 
conftest.c:20: note: this is the location of the previous definition
   20 | #define _GNU_SOURCE 1
      | 
conftest.c:109:1: warning: return type defaults to 'int' [-Wimplicit-int]
  109 | main() {
      | ^~~~
conftest.c: In function 'main':
conftest.c:114:5: warning: implicit declaration of function 'exit' [-Wimplicit-function-declaration]
  114 |     exit(0);
      |     ^~~~
conftest.c:114:5: warning: incompatible implicit declaration of built-in function 'exit'
conftest.c:93:1: note: include '<stdlib.h>' or provide a declaration of 'exit'
   92 | #include <stdio.h>
  +++ |+#include <stdlib.h>
   93 | 
conftest.c:115:3: warning: incompatible implicit declaration of built-in function 'exit'
  115 |   exit(1);
      |   ^~~~
conftest.c:115:3: note: include '<stdlib.h>' or provide a declaration of 'exit'
configure:12117: $? = 0
configure:12117: ./conftest
configure:12117: $? = 0
configure:12175: checking for broken getcwd
configure:12186: result: no
configure:12192: checking for broken gcc optimize-strlen
configure:12223: cc -o conftest -g -O2 -fvisibility=hidden   conftest.c -lm -ldl  >&5
configure:12223: $? = 0
configure:12223: ./conftest
configure:12223: $? = 1
configure: program exited with status 1
configure: failed program was:
| /* confdefs.h */
| #define PACKAGE_NAME "PHP"
| #define PACKAGE_TARNAME "php"
| #define PACKAGE_VERSION "7.4.0"
| #define PACKAGE_STRING "PHP 7.4.0"
| #define PACKAGE_BUGREPORT "https://bugs.php.net"
| #define PACKAGE_URL "https://www.php.net"
| #define STDC_HEADERS 1
| #define HAVE_SYS_TYPES_H 1
| #define HAVE_SYS_STAT_H 1
| #define HAVE_STDLIB_H 1
| #define HAVE_STRING_H 1
| #define HAVE_MEMORY_H 1
| #define HAVE_STRINGS_H 1
| #define HAVE_INTTYPES_H 1
| #define HAVE_STDINT_H 1
| #define HAVE_UNISTD_H 1
| #define __EXTENSIONS__ 1
| #define _ALL_SOURCE 1
| #define _GNU_SOURCE 1
| #define _POSIX_PTHREAD_SEMANTICS 1
| #define _TANDEM_SOURCE 1
| #define HAVE_DEV_URANDOM 1
| #define HAVE_GCC_GLOBAL_REGS 1
| #define HAVE_HUGE_VAL_INF 1
| #define HAVE_CPUID_COUNT 1
| #define GWINSZ_IN_SYS_IOCTL 1
| #define HAVE_PHPDBG 1
| #define PHPDBG_DEBUG 0
| #define PHP_WRITE_STDOUT 1
| #define HAVE_SOCKET 1
| #define HAVE_SOCKETPAIR 1
| #define HAVE_HTONL 1
| #define HAVE_GETHOSTNAME 1
| #define HAVE_GETHOSTBYADDR 1
| #define HAVE_DLOPEN 1
| #define HAVE_LIBDL 1
| #define HAVE_DLSYM 1
| #define HAVE_LIBDL 1
| #define HAVE_LIBM 1
| #define HAVE_INET_ATON 1
| #define HAVE_INTTYPES_H 1
| #define HAVE_STDINT_H 1
| #define HAVE_DIRENT_H 1
| #define HAVE_SYS_PARAM_H 1
| #define HAVE_SYS_TYPES_H 1
| #define HAVE_SYS_TIME_H 1
| #define HAVE_NETINET_IN_H 1
| #define HAVE_ALLOCA_H 1
| #define HAVE_ARPA_INET_H 1
| #define HAVE_ARPA_NAMESER_H 1
| #define HAVE_CRYPT_H 1
| #define HAVE_FCNTL_H 1
| #define HAVE_GRP_H 1
| #define HAVE_LANGINFO_H 1
| #define HAVE_LOCALE_H 1
| #define HAVE_MALLOC_H 1
| #define HAVE_MONETARY_H 1
| #define HAVE_NETDB_H 1
| #define HAVE_POLL_H 1
| #define HAVE_PWD_H 1
| #define HAVE_RESOLV_H 1
| #define HAVE_STRINGS_H 1
| #define HAVE_SYSLOG_H 1
| #define HAVE_SYSEXITS_H 1
| #define HAVE_SYS_IOCTL_H 1
| #define HAVE_SYS_FILE_H 1
| #define HAVE_SYS_MMAN_H 1
| #define HAVE_SYS_MOUNT_H 1
| #define HAVE_SYS_POLL_H 1
| #define HAVE_SYS_RESOURCE_H 1
| #define HAVE_SYS_SELECT_H 1
| #define HAVE_SYS_SOCKET_H 1
| #define HAVE_SYS_STAT_H 1
| #define HAVE_SYS_STATFS_H 1
| #define HAVE_SYS_STATVFS_H 1
| #define HAVE_SYS_VFS_H 1
| #define HAVE_SYS_UIO_H 1
| #define HAVE_SYS_WAIT_H 1
| #define HAVE_TERMIOS_H 1
| #define HAVE_UNISTD_H 1
| #define HAVE_UTIME_H 1
| #define HAVE_SYS_UTSNAME_H 1
| #define HAVE_SYS_IPC_H 1
| #define HAVE_DLFCN_H 1
| #define HAVE_TMMINTRIN_H 1
| #define HAVE_NMMINTRIN_H 1
| #define HAVE_IMMINTRIN_H 1
| #define HAVE_FOPENCOOKIE 1
| #define COOKIE_IO_FUNCTIONS_T cookie_io_functions_t
| #define COOKIE_SEEKER_USES_OFF64_T 1
| /* end confdefs.h.  */
| 
| #include <stdlib.h>
| #include <string.h>
| #include <stdio.h>
| struct s
| {
|   int i;
|   char c[1];
| };
| int main()
| {
|   struct s *s = malloc(sizeof(struct s) + 3);
|   s->i = 3;
|   strcpy(s->c, "foo");
|   return strlen(s->c+1) == 2;
| }
| 
configure:12237: result: no
configure:12246: checking whether struct tm is in sys/time.h or time.h
configure:12266: cc -c -g -O2 -fvisibility=hidden  conftest.c >&5
configure:12266: $? = 0
configure:12273: result: time.h
configure:12281: checking for struct tm.tm_zone
configure:12281: cc -c -g -O2 -fvisibility=hidden  conftest.c >&5
configure:12281: $? = 0
configure:12281: result: yes
configure:12350: checking for missing declarations of reentrant functions
configure:12363: cc -c -g -O2 -fvisibility=hidden  conftest.c >&5
configure:12363: $? = 0
configure:12386: cc -c -g -O2 -fvisibility=hidden  conftest.c >&5
configure:12386: $? = 0
configure:12409: cc -c -g -O2 -fvisibility=hidden  conftest.c >&5
configure:12409: $? = 0
configure:12432: cc -c -g -O2 -fvisibility=hidden  conftest.c >&5
configure:12432: $? = 0
configure:12455: cc -c -g -O2 -fvisibility=hidden  conftest.c >&5
configure:12455: $? = 0
configure:12467: result: done
configure:12471: checking for fclose declaration
configure:12484: cc -c -g -O2 -fvisibility=hidden  conftest.c >&5
configure:12484: $? = 0
configure:12489: result: ok
configure:12504: checking for struct flock
configure:12523: cc -c -g -O2 -fvisibility=hidden  conftest.c >&5
configure:12523: $? = 0
configure:12535: result: yes
configure:12544: checking for socklen_t
configure:12544: cc -c -g -O2 -fvisibility=hidden  conftest.c >&5
configure:12544: $? = 0
configure:12544: cc -c -g -O2 -fvisibility=hidden  conftest.c >&5
conftest.c: In function 'main':
conftest.c:109:24: error: expected expression before ')' token
  109 | if (sizeof ((socklen_t)))
      |                        ^
configure:12544: $? = 1
configure: failed program was:
| /* confdefs.h */
| #define PACKAGE_NAME "PHP"
| #define PACKAGE_TARNAME "php"
| #define PACKAGE_VERSION "7.4.0"
| #define PACKAGE_STRING "PHP 7.4.0"
| #define PACKAGE_BUGREPORT "https://bugs.php.net"
| #define PACKAGE_URL "https://www.php.net"
| #define STDC_HEADERS 1
| #define HAVE_SYS_TYPES_H 1
| #define HAVE_SYS_STAT_H 1
| #define HAVE_STDLIB_H 1
| #define HAVE_STRING_H 1
| #define HAVE_MEMORY_H 1
| #define HAVE_STRINGS_H 1
| #define HAVE_INTTYPES_H 1
| #define HAVE_STDINT_H 1
| #define HAVE_UNISTD_H 1
| #define __EXTENSIONS__ 1
| #define _ALL_SOURCE 1
| #define _GNU_SOURCE 1
| #define _POSIX_PTHREAD_SEMANTICS 1
| #define _TANDEM_SOURCE 1
| #define HAVE_DEV_URANDOM 1
| #define HAVE_GCC_GLOBAL_REGS 1
| #define HAVE_HUGE_VAL_INF 1
| #define HAVE_CPUID_COUNT 1
| #define GWINSZ_IN_SYS_IOCTL 1
| #define HAVE_PHPDBG 1
| #define PHPDBG_DEBUG 0
| #define PHP_WRITE_STDOUT 1
| #define HAVE_SOCKET 1
| #define HAVE_SOCKETPAIR 1
| #define HAVE_HTONL 1
| #define HAVE_GETHOSTNAME 1
| #define HAVE_GETHOSTBYADDR 1
| #define HAVE_DLOPEN 1
| #define HAVE_LIBDL 1
| #define HAVE_DLSYM 1
| #define HAVE_LIBDL 1
| #define HAVE_LIBM 1
| #define HAVE_INET_ATON 1
| #define HAVE_INTTYPES_H 1
| #define HAVE_STDINT_H 1
| #define HAVE_DIRENT_H 1
| #define HAVE_SYS_PARAM_H 1
| #define HAVE_SYS_TYPES_H 1
| #define HAVE_SYS_TIME_H 1
| #define HAVE_NETINET_IN_H 1
| #define HAVE_ALLOCA_H 1
| #define HAVE_ARPA_INET_H 1
| #define HAVE_ARPA_NAMESER_H 1
| #define HAVE_CRYPT_H 1
| #define HAVE_FCNTL_H 1
| #define HAVE_GRP_H 1
| #define HAVE_LANGINFO_H 1
| #define HAVE_LOCALE_H 1
| #define HAVE_MALLOC_H 1
| #define HAVE_MONETARY_H 1
| #define HAVE_NETDB_H 1
| #define HAVE_POLL_H 1
| #define HAVE_PWD_H 1
| #define HAVE_RESOLV_H 1
| #define HAVE_STRINGS_H 1
| #define HAVE_SYSLOG_H 1
| #define HAVE_SYSEXITS_H 1
| #define HAVE_SYS_IOCTL_H 1
| #define HAVE_SYS_FILE_H 1
| #define HAVE_SYS_MMAN_H 1
| #define HAVE_SYS_MOUNT_H 1
| #define HAVE_SYS_POLL_H 1
| #define HAVE_SYS_RESOURCE_H 1
| #define HAVE_SYS_SELECT_H 1
| #define HAVE_SYS_SOCKET_H 1
| #define HAVE_SYS_STAT_H 1
| #define HAVE_SYS_STATFS_H 1
| #define HAVE_SYS_STATVFS_H 1
| #define HAVE_SYS_VFS_H 1
| #define HAVE_SYS_UIO_H 1
| #define HAVE_SYS_WAIT_H 1
| #define HAVE_TERMIOS_H 1
| #define HAVE_UNISTD_H 1
| #define HAVE_UTIME_H 1
| #define HAVE_SYS_UTSNAME_H 1
| #define HAVE_SYS_IPC_H 1
| #define HAVE_DLFCN_H 1
| #define HAVE_TMMINTRIN_H 1
| #define HAVE_NMMINTRIN_H 1
| #define HAVE_IMMINTRIN_H 1
| #define HAVE_FOPENCOOKIE 1
| #define COOKIE_IO_FUNCTIONS_T cookie_io_functions_t
| #define COOKIE_SEEKER_USES_OFF64_T 1
| #define HAVE_STRUCT_TM_TM_ZONE 1
| #define HAVE_TM_ZONE 1
| #define MISSING_FCLOSE_DECL 0
| #define HAVE_STRUCT_FLOCK 1
| /* end confdefs.h.  */
| 
|   #ifdef HAVE_SYS_TYPES_H
|   # include <sys/types.h>
|   #endif
|   #ifdef HAVE_SYS_SOCKET_H
|   # include <sys/socket.h>
|   #endif
| 
| 
| int
| main ()
| {
| if (sizeof ((socklen_t)))
| 	    return 0;
|   ;
|   return 0;
| }
configure:12544: result: yes
configure:12564: checking size of intmax_t
configure:12603: cc -o conftest -g -O2 -fvisibility=hidden   conftest.c  >&5
configure:12603: $? = 0
configure:12603: ./conftest
configure:12603: $? = 0
configure:12637: result: 8
configure:12641: checking size of ssize_t
configure:12680: cc -o conftest -g -O2 -fvisibility=hidden   conftest.c  >&5
configure:12680: $? = 0
configure:12680: ./conftest
configure:12680: $? = 0
configure:12714: result: 8
configure:12718: checking size of ptrdiff_t
configure:12757: cc -o conftest -g -O2 -fvisibility=hidden   conftest.c  >&5
configure:12757: $? = 0
configure:12757: ./conftest
configure:12757: $? = 0
configure:12791: result: 8
configure:12800: checking size of short
configure:12805: cc -o conftest -g -O2 -fvisibility=hidden   conftest.c -lm -ldl  >&5
configure:12805: $? = 0
configure:12805: ./conftest
configure:12805: $? = 0
configure:12819: result: 2
configure:12833: checking size of int
configure:12838: cc -o conftest -g -O2 -fvisibility=hidden   conftest.c -lm -ldl  >&5
configure:12838: $? = 0
configure:12838: ./conftest
configure:12838: $? = 0
configure:12852: result: 4
configure:12866: checking size of long
configure:12871: cc -o conftest -g -O2 -fvisibility=hidden   conftest.c -lm -ldl  >&5
configure:12871: $? = 0
configure:12871: ./conftest
configure:12871: $? = 0
configure:12885: result: 8
configure:12899: checking size of long long
configure:12904: cc -o conftest -g -O2 -fvisibility=hidden   conftest.c -lm -ldl  >&5
configure:12904: $? = 0
configure:12904: ./conftest
configure:12904: $? = 0
configure:12918: result: 8
configure:12932: checking size of size_t
configure:12937: cc -o conftest -g -O2 -fvisibility=hidden   conftest.c -lm -ldl  >&5
configure:12937: $? = 0
configure:12937: ./conftest
configure:12937: $? = 0
configure:12951: result: 8
configure:12961: checking for int8
configure:12961: cc -c -g -O2 -fvisibility=hidden  conftest.c >&5
conftest.c: In function 'main':
conftest.c:121:13: error: 'int8' undeclared (first use in this function); did you mean 'int'?
  121 | if (sizeof (int8))
      |             ^~~~
      |             int
conftest.c:121:13: note: each undeclared identifier is reported only once for each function it appears in
configure:12961: $? = 1
configure: failed program was:
| /* confdefs.h */
| #define PACKAGE_NAME "PHP"
| #define PACKAGE_TARNAME "php"
| #define PACKAGE_VERSION "7.4.0"
| #define PACKAGE_STRING "PHP 7.4.0"
| #define PACKAGE_BUGREPORT "https://bugs.php.net"
| #define PACKAGE_URL "https://www.php.net"
| #define STDC_HEADERS 1
| #define HAVE_SYS_TYPES_H 1
| #define HAVE_SYS_STAT_H 1
| #define HAVE_STDLIB_H 1
| #define HAVE_STRING_H 1
| #define HAVE_MEMORY_H 1
| #define HAVE_STRINGS_H 1
| #define HAVE_INTTYPES_H 1
| #define HAVE_STDINT_H 1
| #define HAVE_UNISTD_H 1
| #define __EXTENSIONS__ 1
| #define _ALL_SOURCE 1
| #define _GNU_SOURCE 1
| #define _POSIX_PTHREAD_SEMANTICS 1
| #define _TANDEM_SOURCE 1
| #define HAVE_DEV_URANDOM 1
| #define HAVE_GCC_GLOBAL_REGS 1
| #define HAVE_HUGE_VAL_INF 1
| #define HAVE_CPUID_COUNT 1
| #define GWINSZ_IN_SYS_IOCTL 1
| #define HAVE_PHPDBG 1
| #define PHPDBG_DEBUG 0
| #define PHP_WRITE_STDOUT 1
| #define HAVE_SOCKET 1
| #define HAVE_SOCKETPAIR 1
| #define HAVE_HTONL 1
| #define HAVE_GETHOSTNAME 1
| #define HAVE_GETHOSTBYADDR 1
| #define HAVE_DLOPEN 1
| #define HAVE_LIBDL 1
| #define HAVE_DLSYM 1
| #define HAVE_LIBDL 1
| #define HAVE_LIBM 1
| #define HAVE_INET_ATON 1
| #define HAVE_INTTYPES_H 1
| #define HAVE_STDINT_H 1
| #define HAVE_DIRENT_H 1
| #define HAVE_SYS_PARAM_H 1
| #define HAVE_SYS_TYPES_H 1
| #define HAVE_SYS_TIME_H 1
| #define HAVE_NETINET_IN_H 1
| #define HAVE_ALLOCA_H 1
| #define HAVE_ARPA_INET_H 1
| #define HAVE_ARPA_NAMESER_H 1
| #define HAVE_CRYPT_H 1
| #define HAVE_FCNTL_H 1
| #define HAVE_GRP_H 1
| #define HAVE_LANGINFO_H 1
| #define HAVE_LOCALE_H 1
| #define HAVE_MALLOC_H 1
| #define HAVE_MONETARY_H 1
| #define HAVE_NETDB_H 1
| #define HAVE_POLL_H 1
| #define HAVE_PWD_H 1
| #define HAVE_RESOLV_H 1
| #define HAVE_STRINGS_H 1
| #define HAVE_SYSLOG_H 1
| #define HAVE_SYSEXITS_H 1
| #define HAVE_SYS_IOCTL_H 1
| #define HAVE_SYS_FILE_H 1
| #define HAVE_SYS_MMAN_H 1
| #define HAVE_SYS_MOUNT_H 1
| #define HAVE_SYS_POLL_H 1
| #define HAVE_SYS_RESOURCE_H 1
| #define HAVE_SYS_SELECT_H 1
| #define HAVE_SYS_SOCKET_H 1
| #define HAVE_SYS_STAT_H 1
| #define HAVE_SYS_STATFS_H 1
| #define HAVE_SYS_STATVFS_H 1
| #define HAVE_SYS_VFS_H 1
| #define HAVE_SYS_UIO_H 1
| #define HAVE_SYS_WAIT_H 1
| #define HAVE_TERMIOS_H 1
| #define HAVE_UNISTD_H 1
| #define HAVE_UTIME_H 1
| #define HAVE_SYS_UTSNAME_H 1
| #define HAVE_SYS_IPC_H 1
| #define HAVE_DLFCN_H 1
| #define HAVE_TMMINTRIN_H 1
| #define HAVE_NMMINTRIN_H 1
| #define HAVE_IMMINTRIN_H 1
| #define HAVE_FOPENCOOKIE 1
| #define COOKIE_IO_FUNCTIONS_T cookie_io_functions_t
| #define COOKIE_SEEKER_USES_OFF64_T 1
| #define HAVE_STRUCT_TM_TM_ZONE 1
| #define HAVE_TM_ZONE 1
| #define MISSING_FCLOSE_DECL 0
| #define HAVE_STRUCT_FLOCK 1
| #define HAVE_SOCKLEN_T 1
| #define SIZEOF_INTMAX_T 8
| #define HAVE_INTMAX_T 1
| #define SIZEOF_SSIZE_T 8
| #define HAVE_SSIZE_T 1
| #define SIZEOF_PTRDIFF_T 8
| #define HAVE_PTRDIFF_T 1
| #define SIZEOF_SHORT 2
| #define SIZEOF_INT 4
| #define SIZEOF_LONG 8
| #define SIZEOF_LONG_LONG 8
| #define SIZEOF_SIZE_T 8
| /* end confdefs.h.  */
| 
| #if HAVE_STDINT_H
| # include <stdint.h>
| #endif
| #if HAVE_SYS_TYPES_H
| # include <sys/types.h>
| #endif
| 
| 
| int
| main ()
| {
| if (sizeof (int8))
| 	 return 0;
|   ;
|   return 0;
| }
configure:12961: result: no
configure:12978: checking for int16
configure:12978: cc -c -g -O2 -fvisibility=hidden  conftest.c >&5
conftest.c: In function 'main':
conftest.c:121:13: error: 'int16' undeclared (first use in this function); did you mean 'int16_t'?
  121 | if (sizeof (int16))
      |             ^~~~~
      |             int16_t
conftest.c:121:13: note: each undeclared identifier is reported only once for each function it appears in
configure:12978: $? = 1
configure: failed program was:
| /* confdefs.h */
| #define PACKAGE_NAME "PHP"
| #define PACKAGE_TARNAME "php"
| #define PACKAGE_VERSION "7.4.0"
| #define PACKAGE_STRING "PHP 7.4.0"
| #define PACKAGE_BUGREPORT "https://bugs.php.net"
| #define PACKAGE_URL "https://www.php.net"
| #define STDC_HEADERS 1
| #define HAVE_SYS_TYPES_H 1
| #define HAVE_SYS_STAT_H 1
| #define HAVE_STDLIB_H 1
| #define HAVE_STRING_H 1
| #define HAVE_MEMORY_H 1
| #define HAVE_STRINGS_H 1
| #define HAVE_INTTYPES_H 1
| #define HAVE_STDINT_H 1
| #define HAVE_UNISTD_H 1
| #define __EXTENSIONS__ 1
| #define _ALL_SOURCE 1
| #define _GNU_SOURCE 1
| #define _POSIX_PTHREAD_SEMANTICS 1
| #define _TANDEM_SOURCE 1
| #define HAVE_DEV_URANDOM 1
| #define HAVE_GCC_GLOBAL_REGS 1
| #define HAVE_HUGE_VAL_INF 1
| #define HAVE_CPUID_COUNT 1
| #define GWINSZ_IN_SYS_IOCTL 1
| #define HAVE_PHPDBG 1
| #define PHPDBG_DEBUG 0
| #define PHP_WRITE_STDOUT 1
| #define HAVE_SOCKET 1
| #define HAVE_SOCKETPAIR 1
| #define HAVE_HTONL 1
| #define HAVE_GETHOSTNAME 1
| #define HAVE_GETHOSTBYADDR 1
| #define HAVE_DLOPEN 1
| #define HAVE_LIBDL 1
| #define HAVE_DLSYM 1
| #define HAVE_LIBDL 1
| #define HAVE_LIBM 1
| #define HAVE_INET_ATON 1
| #define HAVE_INTTYPES_H 1
| #define HAVE_STDINT_H 1
| #define HAVE_DIRENT_H 1
| #define HAVE_SYS_PARAM_H 1
| #define HAVE_SYS_TYPES_H 1
| #define HAVE_SYS_TIME_H 1
| #define HAVE_NETINET_IN_H 1
| #define HAVE_ALLOCA_H 1
| #define HAVE_ARPA_INET_H 1
| #define HAVE_ARPA_NAMESER_H 1
| #define HAVE_CRYPT_H 1
| #define HAVE_FCNTL_H 1
| #define HAVE_GRP_H 1
| #define HAVE_LANGINFO_H 1
| #define HAVE_LOCALE_H 1
| #define HAVE_MALLOC_H 1
| #define HAVE_MONETARY_H 1
| #define HAVE_NETDB_H 1
| #define HAVE_POLL_H 1
| #define HAVE_PWD_H 1
| #define HAVE_RESOLV_H 1
| #define HAVE_STRINGS_H 1
| #define HAVE_SYSLOG_H 1
| #define HAVE_SYSEXITS_H 1
| #define HAVE_SYS_IOCTL_H 1
| #define HAVE_SYS_FILE_H 1
| #define HAVE_SYS_MMAN_H 1
| #define HAVE_SYS_MOUNT_H 1
| #define HAVE_SYS_POLL_H 1
| #define HAVE_SYS_RESOURCE_H 1
| #define HAVE_SYS_SELECT_H 1
| #define HAVE_SYS_SOCKET_H 1
| #define HAVE_SYS_STAT_H 1
| #define HAVE_SYS_STATFS_H 1
| #define HAVE_SYS_STATVFS_H 1
| #define HAVE_SYS_VFS_H 1
| #define HAVE_SYS_UIO_H 1
| #define HAVE_SYS_WAIT_H 1
| #define HAVE_TERMIOS_H 1
| #define HAVE_UNISTD_H 1
| #define HAVE_UTIME_H 1
| #define HAVE_SYS_UTSNAME_H 1
| #define HAVE_SYS_IPC_H 1
| #define HAVE_DLFCN_H 1
| #define HAVE_TMMINTRIN_H 1
| #define HAVE_NMMINTRIN_H 1
| #define HAVE_IMMINTRIN_H 1
| #define HAVE_FOPENCOOKIE 1
| #define COOKIE_IO_FUNCTIONS_T cookie_io_functions_t
| #define COOKIE_SEEKER_USES_OFF64_T 1
| #define HAVE_STRUCT_TM_TM_ZONE 1
| #define HAVE_TM_ZONE 1
| #define MISSING_FCLOSE_DECL 0
| #define HAVE_STRUCT_FLOCK 1
| #define HAVE_SOCKLEN_T 1
| #define SIZEOF_INTMAX_T 8
| #define HAVE_INTMAX_T 1
| #define SIZEOF_SSIZE_T 8
| #define HAVE_SSIZE_T 1
| #define SIZEOF_PTRDIFF_T 8
| #define HAVE_PTRDIFF_T 1
| #define SIZEOF_SHORT 2
| #define SIZEOF_INT 4
| #define SIZEOF_LONG 8
| #define SIZEOF_LONG_LONG 8
| #define SIZEOF_SIZE_T 8
| /* end confdefs.h.  */
| 
| #if HAVE_STDINT_H
| # include <stdint.h>
| #endif
| #if HAVE_SYS_TYPES_H
| # include <sys/types.h>
| #endif
| 
| 
| int
| main ()
| {
| if (sizeof (int16))
| 	 return 0;
|   ;
|   return 0;
| }
configure:12978: result: no
configure:12995: checking for int32
configure:12995: cc -c -g -O2 -fvisibility=hidden  conftest.c >&5
conftest.c: In function 'main':
conftest.c:121:13: error: 'int32' undeclared (first use in this function); did you mean 'int32_t'?
  121 | if (sizeof (int32))
      |             ^~~~~
      |             int32_t
conftest.c:121:13: note: each undeclared identifier is reported only once for each function it appears in
configure:12995: $? = 1
configure: failed program was:
| /* confdefs.h */
| #define PACKAGE_NAME "PHP"
| #define PACKAGE_TARNAME "php"
| #define PACKAGE_VERSION "7.4.0"
| #define PACKAGE_STRING "PHP 7.4.0"
| #define PACKAGE_BUGREPORT "https://bugs.php.net"
| #define PACKAGE_URL "https://www.php.net"
| #define STDC_HEADERS 1
| #define HAVE_SYS_TYPES_H 1
| #define HAVE_SYS_STAT_H 1
| #define HAVE_STDLIB_H 1
| #define HAVE_STRING_H 1
| #define HAVE_MEMORY_H 1
| #define HAVE_STRINGS_H 1
| #define HAVE_INTTYPES_H 1
| #define HAVE_STDINT_H 1
| #define HAVE_UNISTD_H 1
| #define __EXTENSIONS__ 1
| #define _ALL_SOURCE 1
| #define _GNU_SOURCE 1
| #define _POSIX_PTHREAD_SEMANTICS 1
| #define _TANDEM_SOURCE 1
| #define HAVE_DEV_URANDOM 1
| #define HAVE_GCC_GLOBAL_REGS 1
| #define HAVE_HUGE_VAL_INF 1
| #define HAVE_CPUID_COUNT 1
| #define GWINSZ_IN_SYS_IOCTL 1
| #define HAVE_PHPDBG 1
| #define PHPDBG_DEBUG 0
| #define PHP_WRITE_STDOUT 1
| #define HAVE_SOCKET 1
| #define HAVE_SOCKETPAIR 1
| #define HAVE_HTONL 1
| #define HAVE_GETHOSTNAME 1
| #define HAVE_GETHOSTBYADDR 1
| #define HAVE_DLOPEN 1
| #define HAVE_LIBDL 1
| #define HAVE_DLSYM 1
| #define HAVE_LIBDL 1
| #define HAVE_LIBM 1
| #define HAVE_INET_ATON 1
| #define HAVE_INTTYPES_H 1
| #define HAVE_STDINT_H 1
| #define HAVE_DIRENT_H 1
| #define HAVE_SYS_PARAM_H 1
| #define HAVE_SYS_TYPES_H 1
| #define HAVE_SYS_TIME_H 1
| #define HAVE_NETINET_IN_H 1
| #define HAVE_ALLOCA_H 1
| #define HAVE_ARPA_INET_H 1
| #define HAVE_ARPA_NAMESER_H 1
| #define HAVE_CRYPT_H 1
| #define HAVE_FCNTL_H 1
| #define HAVE_GRP_H 1
| #define HAVE_LANGINFO_H 1
| #define HAVE_LOCALE_H 1
| #define HAVE_MALLOC_H 1
| #define HAVE_MONETARY_H 1
| #define HAVE_NETDB_H 1
| #define HAVE_POLL_H 1
| #define HAVE_PWD_H 1
| #define HAVE_RESOLV_H 1
| #define HAVE_STRINGS_H 1
| #define HAVE_SYSLOG_H 1
| #define HAVE_SYSEXITS_H 1
| #define HAVE_SYS_IOCTL_H 1
| #define HAVE_SYS_FILE_H 1
| #define HAVE_SYS_MMAN_H 1
| #define HAVE_SYS_MOUNT_H 1
| #define HAVE_SYS_POLL_H 1
| #define HAVE_SYS_RESOURCE_H 1
| #define HAVE_SYS_SELECT_H 1
| #define HAVE_SYS_SOCKET_H 1
| #define HAVE_SYS_STAT_H 1
| #define HAVE_SYS_STATFS_H 1
| #define HAVE_SYS_STATVFS_H 1
| #define HAVE_SYS_VFS_H 1
| #define HAVE_SYS_UIO_H 1
| #define HAVE_SYS_WAIT_H 1
| #define HAVE_TERMIOS_H 1
| #define HAVE_UNISTD_H 1
| #define HAVE_UTIME_H 1
| #define HAVE_SYS_UTSNAME_H 1
| #define HAVE_SYS_IPC_H 1
| #define HAVE_DLFCN_H 1
| #define HAVE_TMMINTRIN_H 1
| #define HAVE_NMMINTRIN_H 1
| #define HAVE_IMMINTRIN_H 1
| #define HAVE_FOPENCOOKIE 1
| #define COOKIE_IO_FUNCTIONS_T cookie_io_functions_t
| #define COOKIE_SEEKER_USES_OFF64_T 1
| #define HAVE_STRUCT_TM_TM_ZONE 1
| #define HAVE_TM_ZONE 1
| #define MISSING_FCLOSE_DECL 0
| #define HAVE_STRUCT_FLOCK 1
| #define HAVE_SOCKLEN_T 1
| #define SIZEOF_INTMAX_T 8
| #define HAVE_INTMAX_T 1
| #define SIZEOF_SSIZE_T 8
| #define HAVE_SSIZE_T 1
| #define SIZEOF_PTRDIFF_T 8
| #define HAVE_PTRDIFF_T 1
| #define SIZEOF_SHORT 2
| #define SIZEOF_INT 4
| #define SIZEOF_LONG 8
| #define SIZEOF_LONG_LONG 8
| #define SIZEOF_SIZE_T 8
| /* end confdefs.h.  */
| 
| #if HAVE_STDINT_H
| # include <stdint.h>
| #endif
| #if HAVE_SYS_TYPES_H
| # include <sys/types.h>
| #endif
| 
| 
| int
| main ()
| {
| if (sizeof (int32))
| 	 return 0;
|   ;
|   return 0;
| }
configure:12995: result: no
configure:13012: checking for int64
configure:13012: cc -c -g -O2 -fvisibility=hidden  conftest.c >&5
conftest.c: In function 'main':
conftest.c:121:13: error: 'int64' undeclared (first use in this function); did you mean 'int64_t'?
  121 | if (sizeof (int64))
      |             ^~~~~
      |             int64_t
conftest.c:121:13: note: each undeclared identifier is reported only once for each function it appears in
configure:13012: $? = 1
configure: failed program was:
| /* confdefs.h */
| #define PACKAGE_NAME "PHP"
| #define PACKAGE_TARNAME "php"
| #define PACKAGE_VERSION "7.4.0"
| #define PACKAGE_STRING "PHP 7.4.0"
| #define PACKAGE_BUGREPORT "https://bugs.php.net"
| #define PACKAGE_URL "https://www.php.net"
| #define STDC_HEADERS 1
| #define HAVE_SYS_TYPES_H 1
| #define HAVE_SYS_STAT_H 1
| #define HAVE_STDLIB_H 1
| #define HAVE_STRING_H 1
| #define HAVE_MEMORY_H 1
| #define HAVE_STRINGS_H 1
| #define HAVE_INTTYPES_H 1
| #define HAVE_STDINT_H 1
| #define HAVE_UNISTD_H 1
| #define __EXTENSIONS__ 1
| #define _ALL_SOURCE 1
| #define _GNU_SOURCE 1
| #define _POSIX_PTHREAD_SEMANTICS 1
| #define _TANDEM_SOURCE 1
| #define HAVE_DEV_URANDOM 1
| #define HAVE_GCC_GLOBAL_REGS 1
| #define HAVE_HUGE_VAL_INF 1
| #define HAVE_CPUID_COUNT 1
| #define GWINSZ_IN_SYS_IOCTL 1
| #define HAVE_PHPDBG 1
| #define PHPDBG_DEBUG 0
| #define PHP_WRITE_STDOUT 1
| #define HAVE_SOCKET 1
| #define HAVE_SOCKETPAIR 1
| #define HAVE_HTONL 1
| #define HAVE_GETHOSTNAME 1
| #define HAVE_GETHOSTBYADDR 1
| #define HAVE_DLOPEN 1
| #define HAVE_LIBDL 1
| #define HAVE_DLSYM 1
| #define HAVE_LIBDL 1
| #define HAVE_LIBM 1
| #define HAVE_INET_ATON 1
| #define HAVE_INTTYPES_H 1
| #define HAVE_STDINT_H 1
| #define HAVE_DIRENT_H 1
| #define HAVE_SYS_PARAM_H 1
| #define HAVE_SYS_TYPES_H 1
| #define HAVE_SYS_TIME_H 1
| #define HAVE_NETINET_IN_H 1
| #define HAVE_ALLOCA_H 1
| #define HAVE_ARPA_INET_H 1
| #define HAVE_ARPA_NAMESER_H 1
| #define HAVE_CRYPT_H 1
| #define HAVE_FCNTL_H 1
| #define HAVE_GRP_H 1
| #define HAVE_LANGINFO_H 1
| #define HAVE_LOCALE_H 1
| #define HAVE_MALLOC_H 1
| #define HAVE_MONETARY_H 1
| #define HAVE_NETDB_H 1
| #define HAVE_POLL_H 1
| #define HAVE_PWD_H 1
| #define HAVE_RESOLV_H 1
| #define HAVE_STRINGS_H 1
| #define HAVE_SYSLOG_H 1
| #define HAVE_SYSEXITS_H 1
| #define HAVE_SYS_IOCTL_H 1
| #define HAVE_SYS_FILE_H 1
| #define HAVE_SYS_MMAN_H 1
| #define HAVE_SYS_MOUNT_H 1
| #define HAVE_SYS_POLL_H 1
| #define HAVE_SYS_RESOURCE_H 1
| #define HAVE_SYS_SELECT_H 1
| #define HAVE_SYS_SOCKET_H 1
| #define HAVE_SYS_STAT_H 1
| #define HAVE_SYS_STATFS_H 1
| #define HAVE_SYS_STATVFS_H 1
| #define HAVE_SYS_VFS_H 1
| #define HAVE_SYS_UIO_H 1
| #define HAVE_SYS_WAIT_H 1
| #define HAVE_TERMIOS_H 1
| #define HAVE_UNISTD_H 1
| #define HAVE_UTIME_H 1
| #define HAVE_SYS_UTSNAME_H 1
| #define HAVE_SYS_IPC_H 1
| #define HAVE_DLFCN_H 1
| #define HAVE_TMMINTRIN_H 1
| #define HAVE_NMMINTRIN_H 1
| #define HAVE_IMMINTRIN_H 1
| #define HAVE_FOPENCOOKIE 1
| #define COOKIE_IO_FUNCTIONS_T cookie_io_functions_t
| #define COOKIE_SEEKER_USES_OFF64_T 1
| #define HAVE_STRUCT_TM_TM_ZONE 1
| #define HAVE_TM_ZONE 1
| #define MISSING_FCLOSE_DECL 0
| #define HAVE_STRUCT_FLOCK 1
| #define HAVE_SOCKLEN_T 1
| #define SIZEOF_INTMAX_T 8
| #define HAVE_INTMAX_T 1
| #define SIZEOF_SSIZE_T 8
| #define HAVE_SSIZE_T 1
| #define SIZEOF_PTRDIFF_T 8
| #define HAVE_PTRDIFF_T 1
| #define SIZEOF_SHORT 2
| #define SIZEOF_INT 4
| #define SIZEOF_LONG 8
| #define SIZEOF_LONG_LONG 8
| #define SIZEOF_SIZE_T 8
| /* end confdefs.h.  */
| 
| #if HAVE_STDINT_H
| # include <stdint.h>
| #endif
| #if HAVE_SYS_TYPES_H
| # include <sys/types.h>
| #endif
| 
| 
| int
| main ()
| {
| if (sizeof (int64))
| 	 return 0;
|   ;
|   return 0;
| }
configure:13012: result: no
configure:13029: checking for int8_t
configure:13029: cc -c -g -O2 -fvisibility=hidden  conftest.c >&5
configure:13029: $? = 0
configure:13029: cc -c -g -O2 -fvisibility=hidden  conftest.c >&5
conftest.c: In function 'main':
conftest.c:121:21: error: expected expression before ')' token
  121 | if (sizeof ((int8_t)))
      |                     ^
configure:13029: $? = 1
configure: failed program was:
| /* confdefs.h */
| #define PACKAGE_NAME "PHP"
| #define PACKAGE_TARNAME "php"
| #define PACKAGE_VERSION "7.4.0"
| #define PACKAGE_STRING "PHP 7.4.0"
| #define PACKAGE_BUGREPORT "https://bugs.php.net"
| #define PACKAGE_URL "https://www.php.net"
| #define STDC_HEADERS 1
| #define HAVE_SYS_TYPES_H 1
| #define HAVE_SYS_STAT_H 1
| #define HAVE_STDLIB_H 1
| #define HAVE_STRING_H 1
| #define HAVE_MEMORY_H 1
| #define HAVE_STRINGS_H 1
| #define HAVE_INTTYPES_H 1
| #define HAVE_STDINT_H 1
| #define HAVE_UNISTD_H 1
| #define __EXTENSIONS__ 1
| #define _ALL_SOURCE 1
| #define _GNU_SOURCE 1
| #define _POSIX_PTHREAD_SEMANTICS 1
| #define _TANDEM_SOURCE 1
| #define HAVE_DEV_URANDOM 1
| #define HAVE_GCC_GLOBAL_REGS 1
| #define HAVE_HUGE_VAL_INF 1
| #define HAVE_CPUID_COUNT 1
| #define GWINSZ_IN_SYS_IOCTL 1
| #define HAVE_PHPDBG 1
| #define PHPDBG_DEBUG 0
| #define PHP_WRITE_STDOUT 1
| #define HAVE_SOCKET 1
| #define HAVE_SOCKETPAIR 1
| #define HAVE_HTONL 1
| #define HAVE_GETHOSTNAME 1
| #define HAVE_GETHOSTBYADDR 1
| #define HAVE_DLOPEN 1
| #define HAVE_LIBDL 1
| #define HAVE_DLSYM 1
| #define HAVE_LIBDL 1
| #define HAVE_LIBM 1
| #define HAVE_INET_ATON 1
| #define HAVE_INTTYPES_H 1
| #define HAVE_STDINT_H 1
| #define HAVE_DIRENT_H 1
| #define HAVE_SYS_PARAM_H 1
| #define HAVE_SYS_TYPES_H 1
| #define HAVE_SYS_TIME_H 1
| #define HAVE_NETINET_IN_H 1
| #define HAVE_ALLOCA_H 1
| #define HAVE_ARPA_INET_H 1
| #define HAVE_ARPA_NAMESER_H 1
| #define HAVE_CRYPT_H 1
| #define HAVE_FCNTL_H 1
| #define HAVE_GRP_H 1
| #define HAVE_LANGINFO_H 1
| #define HAVE_LOCALE_H 1
| #define HAVE_MALLOC_H 1
| #define HAVE_MONETARY_H 1
| #define HAVE_NETDB_H 1
| #define HAVE_POLL_H 1
| #define HAVE_PWD_H 1
| #define HAVE_RESOLV_H 1
| #define HAVE_STRINGS_H 1
| #define HAVE_SYSLOG_H 1
| #define HAVE_SYSEXITS_H 1
| #define HAVE_SYS_IOCTL_H 1
| #define HAVE_SYS_FILE_H 1
| #define HAVE_SYS_MMAN_H 1
| #define HAVE_SYS_MOUNT_H 1
| #define HAVE_SYS_POLL_H 1
| #define HAVE_SYS_RESOURCE_H 1
| #define HAVE_SYS_SELECT_H 1
| #define HAVE_SYS_SOCKET_H 1
| #define HAVE_SYS_STAT_H 1
| #define HAVE_SYS_STATFS_H 1
| #define HAVE_SYS_STATVFS_H 1
| #define HAVE_SYS_VFS_H 1
| #define HAVE_SYS_UIO_H 1
| #define HAVE_SYS_WAIT_H 1
| #define HAVE_TERMIOS_H 1
| #define HAVE_UNISTD_H 1
| #define HAVE_UTIME_H 1
| #define HAVE_SYS_UTSNAME_H 1
| #define HAVE_SYS_IPC_H 1
| #define HAVE_DLFCN_H 1
| #define HAVE_TMMINTRIN_H 1
| #define HAVE_NMMINTRIN_H 1
| #define HAVE_IMMINTRIN_H 1
| #define HAVE_FOPENCOOKIE 1
| #define COOKIE_IO_FUNCTIONS_T cookie_io_functions_t
| #define COOKIE_SEEKER_USES_OFF64_T 1
| #define HAVE_STRUCT_TM_TM_ZONE 1
| #define HAVE_TM_ZONE 1
| #define MISSING_FCLOSE_DECL 0
| #define HAVE_STRUCT_FLOCK 1
| #define HAVE_SOCKLEN_T 1
| #define SIZEOF_INTMAX_T 8
| #define HAVE_INTMAX_T 1
| #define SIZEOF_SSIZE_T 8
| #define HAVE_SSIZE_T 1
| #define SIZEOF_PTRDIFF_T 8
| #define HAVE_PTRDIFF_T 1
| #define SIZEOF_SHORT 2
| #define SIZEOF_INT 4
| #define SIZEOF_LONG 8
| #define SIZEOF_LONG_LONG 8
| #define SIZEOF_SIZE_T 8
| /* end confdefs.h.  */
| 
| #if HAVE_STDINT_H
| # include <stdint.h>
| #endif
| #if HAVE_SYS_TYPES_H
| # include <sys/types.h>
| #endif
| 
| 
| int
| main ()
| {
| if (sizeof ((int8_t)))
| 	    return 0;
|   ;
|   return 0;
| }
configure:13029: result: yes
configure:13046: checking for int16_t
configure:13046: cc -c -g -O2 -fvisibility=hidden  conftest.c >&5
configure:13046: $? = 0
configure:13046: cc -c -g -O2 -fvisibility=hidden  conftest.c >&5
conftest.c: In function 'main':
conftest.c:122:22: error: expected expression before ')' token
  122 | if (sizeof ((int16_t)))
      |                      ^
configure:13046: $? = 1
configure: failed program was:
| /* confdefs.h */
| #define PACKAGE_NAME "PHP"
| #define PACKAGE_TARNAME "php"
| #define PACKAGE_VERSION "7.4.0"
| #define PACKAGE_STRING "PHP 7.4.0"
| #define PACKAGE_BUGREPORT "https://bugs.php.net"
| #define PACKAGE_URL "https://www.php.net"
| #define STDC_HEADERS 1
| #define HAVE_SYS_TYPES_H 1
| #define HAVE_SYS_STAT_H 1
| #define HAVE_STDLIB_H 1
| #define HAVE_STRING_H 1
| #define HAVE_MEMORY_H 1
| #define HAVE_STRINGS_H 1
| #define HAVE_INTTYPES_H 1
| #define HAVE_STDINT_H 1
| #define HAVE_UNISTD_H 1
| #define __EXTENSIONS__ 1
| #define _ALL_SOURCE 1
| #define _GNU_SOURCE 1
| #define _POSIX_PTHREAD_SEMANTICS 1
| #define _TANDEM_SOURCE 1
| #define HAVE_DEV_URANDOM 1
| #define HAVE_GCC_GLOBAL_REGS 1
| #define HAVE_HUGE_VAL_INF 1
| #define HAVE_CPUID_COUNT 1
| #define GWINSZ_IN_SYS_IOCTL 1
| #define HAVE_PHPDBG 1
| #define PHPDBG_DEBUG 0
| #define PHP_WRITE_STDOUT 1
| #define HAVE_SOCKET 1
| #define HAVE_SOCKETPAIR 1
| #define HAVE_HTONL 1
| #define HAVE_GETHOSTNAME 1
| #define HAVE_GETHOSTBYADDR 1
| #define HAVE_DLOPEN 1
| #define HAVE_LIBDL 1
| #define HAVE_DLSYM 1
| #define HAVE_LIBDL 1
| #define HAVE_LIBM 1
| #define HAVE_INET_ATON 1
| #define HAVE_INTTYPES_H 1
| #define HAVE_STDINT_H 1
| #define HAVE_DIRENT_H 1
| #define HAVE_SYS_PARAM_H 1
| #define HAVE_SYS_TYPES_H 1
| #define HAVE_SYS_TIME_H 1
| #define HAVE_NETINET_IN_H 1
| #define HAVE_ALLOCA_H 1
| #define HAVE_ARPA_INET_H 1
| #define HAVE_ARPA_NAMESER_H 1
| #define HAVE_CRYPT_H 1
| #define HAVE_FCNTL_H 1
| #define HAVE_GRP_H 1
| #define HAVE_LANGINFO_H 1
| #define HAVE_LOCALE_H 1
| #define HAVE_MALLOC_H 1
| #define HAVE_MONETARY_H 1
| #define HAVE_NETDB_H 1
| #define HAVE_POLL_H 1
| #define HAVE_PWD_H 1
| #define HAVE_RESOLV_H 1
| #define HAVE_STRINGS_H 1
| #define HAVE_SYSLOG_H 1
| #define HAVE_SYSEXITS_H 1
| #define HAVE_SYS_IOCTL_H 1
| #define HAVE_SYS_FILE_H 1
| #define HAVE_SYS_MMAN_H 1
| #define HAVE_SYS_MOUNT_H 1
| #define HAVE_SYS_POLL_H 1
| #define HAVE_SYS_RESOURCE_H 1
| #define HAVE_SYS_SELECT_H 1
| #define HAVE_SYS_SOCKET_H 1
| #define HAVE_SYS_STAT_H 1
| #define HAVE_SYS_STATFS_H 1
| #define HAVE_SYS_STATVFS_H 1
| #define HAVE_SYS_VFS_H 1
| #define HAVE_SYS_UIO_H 1
| #define HAVE_SYS_WAIT_H 1
| #define HAVE_TERMIOS_H 1
| #define HAVE_UNISTD_H 1
| #define HAVE_UTIME_H 1
| #define HAVE_SYS_UTSNAME_H 1
| #define HAVE_SYS_IPC_H 1
| #define HAVE_DLFCN_H 1
| #define HAVE_TMMINTRIN_H 1
| #define HAVE_NMMINTRIN_H 1
| #define HAVE_IMMINTRIN_H 1
| #define HAVE_FOPENCOOKIE 1
| #define COOKIE_IO_FUNCTIONS_T cookie_io_functions_t
| #define COOKIE_SEEKER_USES_OFF64_T 1
| #define HAVE_STRUCT_TM_TM_ZONE 1
| #define HAVE_TM_ZONE 1
| #define MISSING_FCLOSE_DECL 0
| #define HAVE_STRUCT_FLOCK 1
| #define HAVE_SOCKLEN_T 1
| #define SIZEOF_INTMAX_T 8
| #define HAVE_INTMAX_T 1
| #define SIZEOF_SSIZE_T 8
| #define HAVE_SSIZE_T 1
| #define SIZEOF_PTRDIFF_T 8
| #define HAVE_PTRDIFF_T 1
| #define SIZEOF_SHORT 2
| #define SIZEOF_INT 4
| #define SIZEOF_LONG 8
| #define SIZEOF_LONG_LONG 8
| #define SIZEOF_SIZE_T 8
| #define HAVE_INT8_T 1
| /* end confdefs.h.  */
| 
| #if HAVE_STDINT_H
| # include <stdint.h>
| #endif
| #if HAVE_SYS_TYPES_H
| # include <sys/types.h>
| #endif
| 
| 
| int
| main ()
| {
| if (sizeof ((int16_t)))
| 	    return 0;
|   ;
|   return 0;
| }
configure:13046: result: yes
configure:13063: checking for int32_t
configure:13063: cc -c -g -O2 -fvisibility=hidden  conftest.c >&5
configure:13063: $? = 0
configure:13063: cc -c -g -O2 -fvisibility=hidden  conftest.c >&5
conftest.c: In function 'main':
conftest.c:123:22: error: expected expression before ')' token
  123 | if (sizeof ((int32_t)))
      |                      ^
configure:13063: $? = 1
configure: failed program was:
| /* confdefs.h */
| #define PACKAGE_NAME "PHP"
| #define PACKAGE_TARNAME "php"
| #define PACKAGE_VERSION "7.4.0"
| #define PACKAGE_STRING "PHP 7.4.0"
| #define PACKAGE_BUGREPORT "https://bugs.php.net"
| #define PACKAGE_URL "https://www.php.net"
| #define STDC_HEADERS 1
| #define HAVE_SYS_TYPES_H 1
| #define HAVE_SYS_STAT_H 1
| #define HAVE_STDLIB_H 1
| #define HAVE_STRING_H 1
| #define HAVE_MEMORY_H 1
| #define HAVE_STRINGS_H 1
| #define HAVE_INTTYPES_H 1
| #define HAVE_STDINT_H 1
| #define HAVE_UNISTD_H 1
| #define __EXTENSIONS__ 1
| #define _ALL_SOURCE 1
| #define _GNU_SOURCE 1
| #define _POSIX_PTHREAD_SEMANTICS 1
| #define _TANDEM_SOURCE 1
| #define HAVE_DEV_URANDOM 1
| #define HAVE_GCC_GLOBAL_REGS 1
| #define HAVE_HUGE_VAL_INF 1
| #define HAVE_CPUID_COUNT 1
| #define GWINSZ_IN_SYS_IOCTL 1
| #define HAVE_PHPDBG 1
| #define PHPDBG_DEBUG 0
| #define PHP_WRITE_STDOUT 1
| #define HAVE_SOCKET 1
| #define HAVE_SOCKETPAIR 1
| #define HAVE_HTONL 1
| #define HAVE_GETHOSTNAME 1
| #define HAVE_GETHOSTBYADDR 1
| #define HAVE_DLOPEN 1
| #define HAVE_LIBDL 1
| #define HAVE_DLSYM 1
| #define HAVE_LIBDL 1
| #define HAVE_LIBM 1
| #define HAVE_INET_ATON 1
| #define HAVE_INTTYPES_H 1
| #define HAVE_STDINT_H 1
| #define HAVE_DIRENT_H 1
| #define HAVE_SYS_PARAM_H 1
| #define HAVE_SYS_TYPES_H 1
| #define HAVE_SYS_TIME_H 1
| #define HAVE_NETINET_IN_H 1
| #define HAVE_ALLOCA_H 1
| #define HAVE_ARPA_INET_H 1
| #define HAVE_ARPA_NAMESER_H 1
| #define HAVE_CRYPT_H 1
| #define HAVE_FCNTL_H 1
| #define HAVE_GRP_H 1
| #define HAVE_LANGINFO_H 1
| #define HAVE_LOCALE_H 1
| #define HAVE_MALLOC_H 1
| #define HAVE_MONETARY_H 1
| #define HAVE_NETDB_H 1
| #define HAVE_POLL_H 1
| #define HAVE_PWD_H 1
| #define HAVE_RESOLV_H 1
| #define HAVE_STRINGS_H 1
| #define HAVE_SYSLOG_H 1
| #define HAVE_SYSEXITS_H 1
| #define HAVE_SYS_IOCTL_H 1
| #define HAVE_SYS_FILE_H 1
| #define HAVE_SYS_MMAN_H 1
| #define HAVE_SYS_MOUNT_H 1
| #define HAVE_SYS_POLL_H 1
| #define HAVE_SYS_RESOURCE_H 1
| #define HAVE_SYS_SELECT_H 1
| #define HAVE_SYS_SOCKET_H 1
| #define HAVE_SYS_STAT_H 1
| #define HAVE_SYS_STATFS_H 1
| #define HAVE_SYS_STATVFS_H 1
| #define HAVE_SYS_VFS_H 1
| #define HAVE_SYS_UIO_H 1
| #define HAVE_SYS_WAIT_H 1
| #define HAVE_TERMIOS_H 1
| #define HAVE_UNISTD_H 1
| #define HAVE_UTIME_H 1
| #define HAVE_SYS_UTSNAME_H 1
| #define HAVE_SYS_IPC_H 1
| #define HAVE_DLFCN_H 1
| #define HAVE_TMMINTRIN_H 1
| #define HAVE_NMMINTRIN_H 1
| #define HAVE_IMMINTRIN_H 1
| #define HAVE_FOPENCOOKIE 1
| #define COOKIE_IO_FUNCTIONS_T cookie_io_functions_t
| #define COOKIE_SEEKER_USES_OFF64_T 1
| #define HAVE_STRUCT_TM_TM_ZONE 1
| #define HAVE_TM_ZONE 1
| #define MISSING_FCLOSE_DECL 0
| #define HAVE_STRUCT_FLOCK 1
| #define HAVE_SOCKLEN_T 1
| #define SIZEOF_INTMAX_T 8
| #define HAVE_INTMAX_T 1
| #define SIZEOF_SSIZE_T 8
| #define HAVE_SSIZE_T 1
| #define SIZEOF_PTRDIFF_T 8
| #define HAVE_PTRDIFF_T 1
| #define SIZEOF_SHORT 2
| #define SIZEOF_INT 4
| #define SIZEOF_LONG 8
| #define SIZEOF_LONG_LONG 8
| #define SIZEOF_SIZE_T 8
| #define HAVE_INT8_T 1
| #define HAVE_INT16_T 1
| /* end confdefs.h.  */
| 
| #if HAVE_STDINT_H
| # include <stdint.h>
| #endif
| #if HAVE_SYS_TYPES_H
| # include <sys/types.h>
| #endif
| 
| 
| int
| main ()
| {
| if (sizeof ((int32_t)))
| 	    return 0;
|   ;
|   return 0;
| }
configure:13063: result: yes
configure:13080: checking for int64_t
configure:13080: cc -c -g -O2 -fvisibility=hidden  conftest.c >&5
configure:13080: $? = 0
configure:13080: cc -c -g -O2 -fvisibility=hidden  conftest.c >&5
conftest.c: In function 'main':
conftest.c:124:22: error: expected expression before ')' token
  124 | if (sizeof ((int64_t)))
      |                      ^
configure:13080: $? = 1
configure: failed program was:
| /* confdefs.h */
| #define PACKAGE_NAME "PHP"
| #define PACKAGE_TARNAME "php"
| #define PACKAGE_VERSION "7.4.0"
| #define PACKAGE_STRING "PHP 7.4.0"
| #define PACKAGE_BUGREPORT "https://bugs.php.net"
| #define PACKAGE_URL "https://www.php.net"
| #define STDC_HEADERS 1
| #define HAVE_SYS_TYPES_H 1
| #define HAVE_SYS_STAT_H 1
| #define HAVE_STDLIB_H 1
| #define HAVE_STRING_H 1
| #define HAVE_MEMORY_H 1
| #define HAVE_STRINGS_H 1
| #define HAVE_INTTYPES_H 1
| #define HAVE_STDINT_H 1
| #define HAVE_UNISTD_H 1
| #define __EXTENSIONS__ 1
| #define _ALL_SOURCE 1
| #define _GNU_SOURCE 1
| #define _POSIX_PTHREAD_SEMANTICS 1
| #define _TANDEM_SOURCE 1
| #define HAVE_DEV_URANDOM 1
| #define HAVE_GCC_GLOBAL_REGS 1
| #define HAVE_HUGE_VAL_INF 1
| #define HAVE_CPUID_COUNT 1
| #define GWINSZ_IN_SYS_IOCTL 1
| #define HAVE_PHPDBG 1
| #define PHPDBG_DEBUG 0
| #define PHP_WRITE_STDOUT 1
| #define HAVE_SOCKET 1
| #define HAVE_SOCKETPAIR 1
| #define HAVE_HTONL 1
| #define HAVE_GETHOSTNAME 1
| #define HAVE_GETHOSTBYADDR 1
| #define HAVE_DLOPEN 1
| #define HAVE_LIBDL 1
| #define HAVE_DLSYM 1
| #define HAVE_LIBDL 1
| #define HAVE_LIBM 1
| #define HAVE_INET_ATON 1
| #define HAVE_INTTYPES_H 1
| #define HAVE_STDINT_H 1
| #define HAVE_DIRENT_H 1
| #define HAVE_SYS_PARAM_H 1
| #define HAVE_SYS_TYPES_H 1
| #define HAVE_SYS_TIME_H 1
| #define HAVE_NETINET_IN_H 1
| #define HAVE_ALLOCA_H 1
| #define HAVE_ARPA_INET_H 1
| #define HAVE_ARPA_NAMESER_H 1
| #define HAVE_CRYPT_H 1
| #define HAVE_FCNTL_H 1
| #define HAVE_GRP_H 1
| #define HAVE_LANGINFO_H 1
| #define HAVE_LOCALE_H 1
| #define HAVE_MALLOC_H 1
| #define HAVE_MONETARY_H 1
| #define HAVE_NETDB_H 1
| #define HAVE_POLL_H 1
| #define HAVE_PWD_H 1
| #define HAVE_RESOLV_H 1
| #define HAVE_STRINGS_H 1
| #define HAVE_SYSLOG_H 1
| #define HAVE_SYSEXITS_H 1
| #define HAVE_SYS_IOCTL_H 1
| #define HAVE_SYS_FILE_H 1
| #define HAVE_SYS_MMAN_H 1
| #define HAVE_SYS_MOUNT_H 1
| #define HAVE_SYS_POLL_H 1
| #define HAVE_SYS_RESOURCE_H 1
| #define HAVE_SYS_SELECT_H 1
| #define HAVE_SYS_SOCKET_H 1
| #define HAVE_SYS_STAT_H 1
| #define HAVE_SYS_STATFS_H 1
| #define HAVE_SYS_STATVFS_H 1
| #define HAVE_SYS_VFS_H 1
| #define HAVE_SYS_UIO_H 1
| #define HAVE_SYS_WAIT_H 1
| #define HAVE_TERMIOS_H 1
| #define HAVE_UNISTD_H 1
| #define HAVE_UTIME_H 1
| #define HAVE_SYS_UTSNAME_H 1
| #define HAVE_SYS_IPC_H 1
| #define HAVE_DLFCN_H 1
| #define HAVE_TMMINTRIN_H 1
| #define HAVE_NMMINTRIN_H 1
| #define HAVE_IMMINTRIN_H 1
| #define HAVE_FOPENCOOKIE 1
| #define COOKIE_IO_FUNCTIONS_T cookie_io_functions_t
| #define COOKIE_SEEKER_USES_OFF64_T 1
| #define HAVE_STRUCT_TM_TM_ZONE 1
| #define HAVE_TM_ZONE 1
| #define MISSING_FCLOSE_DECL 0
| #define HAVE_STRUCT_FLOCK 1
| #define HAVE_SOCKLEN_T 1
| #define SIZEOF_INTMAX_T 8
| #define HAVE_INTMAX_T 1
| #define SIZEOF_SSIZE_T 8
| #define HAVE_SSIZE_T 1
| #define SIZEOF_PTRDIFF_T 8
| #define HAVE_PTRDIFF_T 1
| #define SIZEOF_SHORT 2
| #define SIZEOF_INT 4
| #define SIZEOF_LONG 8
| #define SIZEOF_LONG_LONG 8
| #define SIZEOF_SIZE_T 8
| #define HAVE_INT8_T 1
| #define HAVE_INT16_T 1
| #define HAVE_INT32_T 1
| /* end confdefs.h.  */
| 
| #if HAVE_STDINT_H
| # include <stdint.h>
| #endif
| #if HAVE_SYS_TYPES_H
| # include <sys/types.h>
| #endif
| 
| 
| int
| main ()
| {
| if (sizeof ((int64_t)))
| 	    return 0;
|   ;
|   return 0;
| }
configure:13080: result: yes
configure:13097: checking for uint8
configure:13097: cc -c -g -O2 -fvisibility=hidden  conftest.c >&5
conftest.c: In function 'main':
conftest.c:125:13: error: 'uint8' undeclared (first use in this function); did you mean 'uint'?
  125 | if (sizeof (uint8))
      |             ^~~~~
      |             uint
conftest.c:125:13: note: each undeclared identifier is reported only once for each function it appears in
configure:13097: $? = 1
configure: failed program was:
| /* confdefs.h */
| #define PACKAGE_NAME "PHP"
| #define PACKAGE_TARNAME "php"
| #define PACKAGE_VERSION "7.4.0"
| #define PACKAGE_STRING "PHP 7.4.0"
| #define PACKAGE_BUGREPORT "https://bugs.php.net"
| #define PACKAGE_URL "https://www.php.net"
| #define STDC_HEADERS 1
| #define HAVE_SYS_TYPES_H 1
| #define HAVE_SYS_STAT_H 1
| #define HAVE_STDLIB_H 1
| #define HAVE_STRING_H 1
| #define HAVE_MEMORY_H 1
| #define HAVE_STRINGS_H 1
| #define HAVE_INTTYPES_H 1
| #define HAVE_STDINT_H 1
| #define HAVE_UNISTD_H 1
| #define __EXTENSIONS__ 1
| #define _ALL_SOURCE 1
| #define _GNU_SOURCE 1
| #define _POSIX_PTHREAD_SEMANTICS 1
| #define _TANDEM_SOURCE 1
| #define HAVE_DEV_URANDOM 1
| #define HAVE_GCC_GLOBAL_REGS 1
| #define HAVE_HUGE_VAL_INF 1
| #define HAVE_CPUID_COUNT 1
| #define GWINSZ_IN_SYS_IOCTL 1
| #define HAVE_PHPDBG 1
| #define PHPDBG_DEBUG 0
| #define PHP_WRITE_STDOUT 1
| #define HAVE_SOCKET 1
| #define HAVE_SOCKETPAIR 1
| #define HAVE_HTONL 1
| #define HAVE_GETHOSTNAME 1
| #define HAVE_GETHOSTBYADDR 1
| #define HAVE_DLOPEN 1
| #define HAVE_LIBDL 1
| #define HAVE_DLSYM 1
| #define HAVE_LIBDL 1
| #define HAVE_LIBM 1
| #define HAVE_INET_ATON 1
| #define HAVE_INTTYPES_H 1
| #define HAVE_STDINT_H 1
| #define HAVE_DIRENT_H 1
| #define HAVE_SYS_PARAM_H 1
| #define HAVE_SYS_TYPES_H 1
| #define HAVE_SYS_TIME_H 1
| #define HAVE_NETINET_IN_H 1
| #define HAVE_ALLOCA_H 1
| #define HAVE_ARPA_INET_H 1
| #define HAVE_ARPA_NAMESER_H 1
| #define HAVE_CRYPT_H 1
| #define HAVE_FCNTL_H 1
| #define HAVE_GRP_H 1
| #define HAVE_LANGINFO_H 1
| #define HAVE_LOCALE_H 1
| #define HAVE_MALLOC_H 1
| #define HAVE_MONETARY_H 1
| #define HAVE_NETDB_H 1
| #define HAVE_POLL_H 1
| #define HAVE_PWD_H 1
| #define HAVE_RESOLV_H 1
| #define HAVE_STRINGS_H 1
| #define HAVE_SYSLOG_H 1
| #define HAVE_SYSEXITS_H 1
| #define HAVE_SYS_IOCTL_H 1
| #define HAVE_SYS_FILE_H 1
| #define HAVE_SYS_MMAN_H 1
| #define HAVE_SYS_MOUNT_H 1
| #define HAVE_SYS_POLL_H 1
| #define HAVE_SYS_RESOURCE_H 1
| #define HAVE_SYS_SELECT_H 1
| #define HAVE_SYS_SOCKET_H 1
| #define HAVE_SYS_STAT_H 1
| #define HAVE_SYS_STATFS_H 1
| #define HAVE_SYS_STATVFS_H 1
| #define HAVE_SYS_VFS_H 1
| #define HAVE_SYS_UIO_H 1
| #define HAVE_SYS_WAIT_H 1
| #define HAVE_TERMIOS_H 1
| #define HAVE_UNISTD_H 1
| #define HAVE_UTIME_H 1
| #define HAVE_SYS_UTSNAME_H 1
| #define HAVE_SYS_IPC_H 1
| #define HAVE_DLFCN_H 1
| #define HAVE_TMMINTRIN_H 1
| #define HAVE_NMMINTRIN_H 1
| #define HAVE_IMMINTRIN_H 1
| #define HAVE_FOPENCOOKIE 1
| #define COOKIE_IO_FUNCTIONS_T cookie_io_functions_t
| #define COOKIE_SEEKER_USES_OFF64_T 1
| #define HAVE_STRUCT_TM_TM_ZONE 1
| #define HAVE_TM_ZONE 1
| #define MISSING_FCLOSE_DECL 0
| #define HAVE_STRUCT_FLOCK 1
| #define HAVE_SOCKLEN_T 1
| #define SIZEOF_INTMAX_T 8
| #define HAVE_INTMAX_T 1
| #define SIZEOF_SSIZE_T 8
| #define HAVE_SSIZE_T 1
| #define SIZEOF_PTRDIFF_T 8
| #define HAVE_PTRDIFF_T 1
| #define SIZEOF_SHORT 2
| #define SIZEOF_INT 4
| #define SIZEOF_LONG 8
| #define SIZEOF_LONG_LONG 8
| #define SIZEOF_SIZE_T 8
| #define HAVE_INT8_T 1
| #define HAVE_INT16_T 1
| #define HAVE_INT32_T 1
| #define HAVE_INT64_T 1
| /* end confdefs.h.  */
| 
| #if HAVE_STDINT_H
| # include <stdint.h>
| #endif
| #if HAVE_SYS_TYPES_H
| # include <sys/types.h>
| #endif
| 
| 
| int
| main ()
| {
| if (sizeof (uint8))
| 	 return 0;
|   ;
|   return 0;
| }
configure:13097: result: no
configure:13114: checking for uint16
configure:13114: cc -c -g -O2 -fvisibility=hidden  conftest.c >&5
conftest.c: In function 'main':
conftest.c:125:13: error: 'uint16' undeclared (first use in this function); did you mean 'uint'?
  125 | if (sizeof (uint16))
      |             ^~~~~~
      |             uint
conftest.c:125:13: note: each undeclared identifier is reported only once for each function it appears in
configure:13114: $? = 1
configure: failed program was:
| /* confdefs.h */
| #define PACKAGE_NAME "PHP"
| #define PACKAGE_TARNAME "php"
| #define PACKAGE_VERSION "7.4.0"
| #define PACKAGE_STRING "PHP 7.4.0"
| #define PACKAGE_BUGREPORT "https://bugs.php.net"
| #define PACKAGE_URL "https://www.php.net"
| #define STDC_HEADERS 1
| #define HAVE_SYS_TYPES_H 1
| #define HAVE_SYS_STAT_H 1
| #define HAVE_STDLIB_H 1
| #define HAVE_STRING_H 1
| #define HAVE_MEMORY_H 1
| #define HAVE_STRINGS_H 1
| #define HAVE_INTTYPES_H 1
| #define HAVE_STDINT_H 1
| #define HAVE_UNISTD_H 1
| #define __EXTENSIONS__ 1
| #define _ALL_SOURCE 1
| #define _GNU_SOURCE 1
| #define _POSIX_PTHREAD_SEMANTICS 1
| #define _TANDEM_SOURCE 1
| #define HAVE_DEV_URANDOM 1
| #define HAVE_GCC_GLOBAL_REGS 1
| #define HAVE_HUGE_VAL_INF 1
| #define HAVE_CPUID_COUNT 1
| #define GWINSZ_IN_SYS_IOCTL 1
| #define HAVE_PHPDBG 1
| #define PHPDBG_DEBUG 0
| #define PHP_WRITE_STDOUT 1
| #define HAVE_SOCKET 1
| #define HAVE_SOCKETPAIR 1
| #define HAVE_HTONL 1
| #define HAVE_GETHOSTNAME 1
| #define HAVE_GETHOSTBYADDR 1
| #define HAVE_DLOPEN 1
| #define HAVE_LIBDL 1
| #define HAVE_DLSYM 1
| #define HAVE_LIBDL 1
| #define HAVE_LIBM 1
| #define HAVE_INET_ATON 1
| #define HAVE_INTTYPES_H 1
| #define HAVE_STDINT_H 1
| #define HAVE_DIRENT_H 1
| #define HAVE_SYS_PARAM_H 1
| #define HAVE_SYS_TYPES_H 1
| #define HAVE_SYS_TIME_H 1
| #define HAVE_NETINET_IN_H 1
| #define HAVE_ALLOCA_H 1
| #define HAVE_ARPA_INET_H 1
| #define HAVE_ARPA_NAMESER_H 1
| #define HAVE_CRYPT_H 1
| #define HAVE_FCNTL_H 1
| #define HAVE_GRP_H 1
| #define HAVE_LANGINFO_H 1
| #define HAVE_LOCALE_H 1
| #define HAVE_MALLOC_H 1
| #define HAVE_MONETARY_H 1
| #define HAVE_NETDB_H 1
| #define HAVE_POLL_H 1
| #define HAVE_PWD_H 1
| #define HAVE_RESOLV_H 1
| #define HAVE_STRINGS_H 1
| #define HAVE_SYSLOG_H 1
| #define HAVE_SYSEXITS_H 1
| #define HAVE_SYS_IOCTL_H 1
| #define HAVE_SYS_FILE_H 1
| #define HAVE_SYS_MMAN_H 1
| #define HAVE_SYS_MOUNT_H 1
| #define HAVE_SYS_POLL_H 1
| #define HAVE_SYS_RESOURCE_H 1
| #define HAVE_SYS_SELECT_H 1
| #define HAVE_SYS_SOCKET_H 1
| #define HAVE_SYS_STAT_H 1
| #define HAVE_SYS_STATFS_H 1
| #define HAVE_SYS_STATVFS_H 1
| #define HAVE_SYS_VFS_H 1
| #define HAVE_SYS_UIO_H 1
| #define HAVE_SYS_WAIT_H 1
| #define HAVE_TERMIOS_H 1
| #define HAVE_UNISTD_H 1
| #define HAVE_UTIME_H 1
| #define HAVE_SYS_UTSNAME_H 1
| #define HAVE_SYS_IPC_H 1
| #define HAVE_DLFCN_H 1
| #define HAVE_TMMINTRIN_H 1
| #define HAVE_NMMINTRIN_H 1
| #define HAVE_IMMINTRIN_H 1
| #define HAVE_FOPENCOOKIE 1
| #define COOKIE_IO_FUNCTIONS_T cookie_io_functions_t
| #define COOKIE_SEEKER_USES_OFF64_T 1
| #define HAVE_STRUCT_TM_TM_ZONE 1
| #define HAVE_TM_ZONE 1
| #define MISSING_FCLOSE_DECL 0
| #define HAVE_STRUCT_FLOCK 1
| #define HAVE_SOCKLEN_T 1
| #define SIZEOF_INTMAX_T 8
| #define HAVE_INTMAX_T 1
| #define SIZEOF_SSIZE_T 8
| #define HAVE_SSIZE_T 1
| #define SIZEOF_PTRDIFF_T 8
| #define HAVE_PTRDIFF_T 1
| #define SIZEOF_SHORT 2
| #define SIZEOF_INT 4
| #define SIZEOF_LONG 8
| #define SIZEOF_LONG_LONG 8
| #define SIZEOF_SIZE_T 8
| #define HAVE_INT8_T 1
| #define HAVE_INT16_T 1
| #define HAVE_INT32_T 1
| #define HAVE_INT64_T 1
| /* end confdefs.h.  */
| 
| #if HAVE_STDINT_H
| # include <stdint.h>
| #endif
| #if HAVE_SYS_TYPES_H
| # include <sys/types.h>
| #endif
| 
| 
| int
| main ()
| {
| if (sizeof (uint16))
| 	 return 0;
|   ;
|   return 0;
| }
configure:13114: result: no
configure:13131: checking for uint32
configure:13131: cc -c -g -O2 -fvisibility=hidden  conftest.c >&5
conftest.c: In function 'main':
conftest.c:125:13: error: 'uint32' undeclared (first use in this function); did you mean 'uint'?
  125 | if (sizeof (uint32))
      |             ^~~~~~
      |             uint
conftest.c:125:13: note: each undeclared identifier is reported only once for each function it appears in
configure:13131: $? = 1
configure: failed program was:
| /* confdefs.h */
| #define PACKAGE_NAME "PHP"
| #define PACKAGE_TARNAME "php"
| #define PACKAGE_VERSION "7.4.0"
| #define PACKAGE_STRING "PHP 7.4.0"
| #define PACKAGE_BUGREPORT "https://bugs.php.net"
| #define PACKAGE_URL "https://www.php.net"
| #define STDC_HEADERS 1
| #define HAVE_SYS_TYPES_H 1
| #define HAVE_SYS_STAT_H 1
| #define HAVE_STDLIB_H 1
| #define HAVE_STRING_H 1
| #define HAVE_MEMORY_H 1
| #define HAVE_STRINGS_H 1
| #define HAVE_INTTYPES_H 1
| #define HAVE_STDINT_H 1
| #define HAVE_UNISTD_H 1
| #define __EXTENSIONS__ 1
| #define _ALL_SOURCE 1
| #define _GNU_SOURCE 1
| #define _POSIX_PTHREAD_SEMANTICS 1
| #define _TANDEM_SOURCE 1
| #define HAVE_DEV_URANDOM 1
| #define HAVE_GCC_GLOBAL_REGS 1
| #define HAVE_HUGE_VAL_INF 1
| #define HAVE_CPUID_COUNT 1
| #define GWINSZ_IN_SYS_IOCTL 1
| #define HAVE_PHPDBG 1
| #define PHPDBG_DEBUG 0
| #define PHP_WRITE_STDOUT 1
| #define HAVE_SOCKET 1
| #define HAVE_SOCKETPAIR 1
| #define HAVE_HTONL 1
| #define HAVE_GETHOSTNAME 1
| #define HAVE_GETHOSTBYADDR 1
| #define HAVE_DLOPEN 1
| #define HAVE_LIBDL 1
| #define HAVE_DLSYM 1
| #define HAVE_LIBDL 1
| #define HAVE_LIBM 1
| #define HAVE_INET_ATON 1
| #define HAVE_INTTYPES_H 1
| #define HAVE_STDINT_H 1
| #define HAVE_DIRENT_H 1
| #define HAVE_SYS_PARAM_H 1
| #define HAVE_SYS_TYPES_H 1
| #define HAVE_SYS_TIME_H 1
| #define HAVE_NETINET_IN_H 1
| #define HAVE_ALLOCA_H 1
| #define HAVE_ARPA_INET_H 1
| #define HAVE_ARPA_NAMESER_H 1
| #define HAVE_CRYPT_H 1
| #define HAVE_FCNTL_H 1
| #define HAVE_GRP_H 1
| #define HAVE_LANGINFO_H 1
| #define HAVE_LOCALE_H 1
| #define HAVE_MALLOC_H 1
| #define HAVE_MONETARY_H 1
| #define HAVE_NETDB_H 1
| #define HAVE_POLL_H 1
| #define HAVE_PWD_H 1
| #define HAVE_RESOLV_H 1
| #define HAVE_STRINGS_H 1
| #define HAVE_SYSLOG_H 1
| #define HAVE_SYSEXITS_H 1
| #define HAVE_SYS_IOCTL_H 1
| #define HAVE_SYS_FILE_H 1
| #define HAVE_SYS_MMAN_H 1
| #define HAVE_SYS_MOUNT_H 1
| #define HAVE_SYS_POLL_H 1
| #define HAVE_SYS_RESOURCE_H 1
| #define HAVE_SYS_SELECT_H 1
| #define HAVE_SYS_SOCKET_H 1
| #define HAVE_SYS_STAT_H 1
| #define HAVE_SYS_STATFS_H 1
| #define HAVE_SYS_STATVFS_H 1
| #define HAVE_SYS_VFS_H 1
| #define HAVE_SYS_UIO_H 1
| #define HAVE_SYS_WAIT_H 1
| #define HAVE_TERMIOS_H 1
| #define HAVE_UNISTD_H 1
| #define HAVE_UTIME_H 1
| #define HAVE_SYS_UTSNAME_H 1
| #define HAVE_SYS_IPC_H 1
| #define HAVE_DLFCN_H 1
| #define HAVE_TMMINTRIN_H 1
| #define HAVE_NMMINTRIN_H 1
| #define HAVE_IMMINTRIN_H 1
| #define HAVE_FOPENCOOKIE 1
| #define COOKIE_IO_FUNCTIONS_T cookie_io_functions_t
| #define COOKIE_SEEKER_USES_OFF64_T 1
| #define HAVE_STRUCT_TM_TM_ZONE 1
| #define HAVE_TM_ZONE 1
| #define MISSING_FCLOSE_DECL 0
| #define HAVE_STRUCT_FLOCK 1
| #define HAVE_SOCKLEN_T 1
| #define SIZEOF_INTMAX_T 8
| #define HAVE_INTMAX_T 1
| #define SIZEOF_SSIZE_T 8
| #define HAVE_SSIZE_T 1
| #define SIZEOF_PTRDIFF_T 8
| #define HAVE_PTRDIFF_T 1
| #define SIZEOF_SHORT 2
| #define SIZEOF_INT 4
| #define SIZEOF_LONG 8
| #define SIZEOF_LONG_LONG 8
| #define SIZEOF_SIZE_T 8
| #define HAVE_INT8_T 1
| #define HAVE_INT16_T 1
| #define HAVE_INT32_T 1
| #define HAVE_INT64_T 1
| /* end confdefs.h.  */
| 
| #if HAVE_STDINT_H
| # include <stdint.h>
| #endif
| #if HAVE_SYS_TYPES_H
| # include <sys/types.h>
| #endif
| 
| 
| int
| main ()
| {
| if (sizeof (uint32))
| 	 return 0;
|   ;
|   return 0;
| }
configure:13131: result: no
configure:13148: checking for uint64
configure:13148: cc -c -g -O2 -fvisibility=hidden  conftest.c >&5
conftest.c: In function 'main':
conftest.c:125:13: error: 'uint64' undeclared (first use in this function); did you mean 'uint'?
  125 | if (sizeof (uint64))
      |             ^~~~~~
      |             uint
conftest.c:125:13: note: each undeclared identifier is reported only once for each function it appears in
configure:13148: $? = 1
configure: failed program was:
| /* confdefs.h */
| #define PACKAGE_NAME "PHP"
| #define PACKAGE_TARNAME "php"
| #define PACKAGE_VERSION "7.4.0"
| #define PACKAGE_STRING "PHP 7.4.0"
| #define PACKAGE_BUGREPORT "https://bugs.php.net"
| #define PACKAGE_URL "https://www.php.net"
| #define STDC_HEADERS 1
| #define HAVE_SYS_TYPES_H 1
| #define HAVE_SYS_STAT_H 1
| #define HAVE_STDLIB_H 1
| #define HAVE_STRING_H 1
| #define HAVE_MEMORY_H 1
| #define HAVE_STRINGS_H 1
| #define HAVE_INTTYPES_H 1
| #define HAVE_STDINT_H 1
| #define HAVE_UNISTD_H 1
| #define __EXTENSIONS__ 1
| #define _ALL_SOURCE 1
| #define _GNU_SOURCE 1
| #define _POSIX_PTHREAD_SEMANTICS 1
| #define _TANDEM_SOURCE 1
| #define HAVE_DEV_URANDOM 1
| #define HAVE_GCC_GLOBAL_REGS 1
| #define HAVE_HUGE_VAL_INF 1
| #define HAVE_CPUID_COUNT 1
| #define GWINSZ_IN_SYS_IOCTL 1
| #define HAVE_PHPDBG 1
| #define PHPDBG_DEBUG 0
| #define PHP_WRITE_STDOUT 1
| #define HAVE_SOCKET 1
| #define HAVE_SOCKETPAIR 1
| #define HAVE_HTONL 1
| #define HAVE_GETHOSTNAME 1
| #define HAVE_GETHOSTBYADDR 1
| #define HAVE_DLOPEN 1
| #define HAVE_LIBDL 1
| #define HAVE_DLSYM 1
| #define HAVE_LIBDL 1
| #define HAVE_LIBM 1
| #define HAVE_INET_ATON 1
| #define HAVE_INTTYPES_H 1
| #define HAVE_STDINT_H 1
| #define HAVE_DIRENT_H 1
| #define HAVE_SYS_PARAM_H 1
| #define HAVE_SYS_TYPES_H 1
| #define HAVE_SYS_TIME_H 1
| #define HAVE_NETINET_IN_H 1
| #define HAVE_ALLOCA_H 1
| #define HAVE_ARPA_INET_H 1
| #define HAVE_ARPA_NAMESER_H 1
| #define HAVE_CRYPT_H 1
| #define HAVE_FCNTL_H 1
| #define HAVE_GRP_H 1
| #define HAVE_LANGINFO_H 1
| #define HAVE_LOCALE_H 1
| #define HAVE_MALLOC_H 1
| #define HAVE_MONETARY_H 1
| #define HAVE_NETDB_H 1
| #define HAVE_POLL_H 1
| #define HAVE_PWD_H 1
| #define HAVE_RESOLV_H 1
| #define HAVE_STRINGS_H 1
| #define HAVE_SYSLOG_H 1
| #define HAVE_SYSEXITS_H 1
| #define HAVE_SYS_IOCTL_H 1
| #define HAVE_SYS_FILE_H 1
| #define HAVE_SYS_MMAN_H 1
| #define HAVE_SYS_MOUNT_H 1
| #define HAVE_SYS_POLL_H 1
| #define HAVE_SYS_RESOURCE_H 1
| #define HAVE_SYS_SELECT_H 1
| #define HAVE_SYS_SOCKET_H 1
| #define HAVE_SYS_STAT_H 1
| #define HAVE_SYS_STATFS_H 1
| #define HAVE_SYS_STATVFS_H 1
| #define HAVE_SYS_VFS_H 1
| #define HAVE_SYS_UIO_H 1
| #define HAVE_SYS_WAIT_H 1
| #define HAVE_TERMIOS_H 1
| #define HAVE_UNISTD_H 1
| #define HAVE_UTIME_H 1
| #define HAVE_SYS_UTSNAME_H 1
| #define HAVE_SYS_IPC_H 1
| #define HAVE_DLFCN_H 1
| #define HAVE_TMMINTRIN_H 1
| #define HAVE_NMMINTRIN_H 1
| #define HAVE_IMMINTRIN_H 1
| #define HAVE_FOPENCOOKIE 1
| #define COOKIE_IO_FUNCTIONS_T cookie_io_functions_t
| #define COOKIE_SEEKER_USES_OFF64_T 1
| #define HAVE_STRUCT_TM_TM_ZONE 1
| #define HAVE_TM_ZONE 1
| #define MISSING_FCLOSE_DECL 0
| #define HAVE_STRUCT_FLOCK 1
| #define HAVE_SOCKLEN_T 1
| #define SIZEOF_INTMAX_T 8
| #define HAVE_INTMAX_T 1
| #define SIZEOF_SSIZE_T 8
| #define HAVE_SSIZE_T 1
| #define SIZEOF_PTRDIFF_T 8
| #define HAVE_PTRDIFF_T 1
| #define SIZEOF_SHORT 2
| #define SIZEOF_INT 4
| #define SIZEOF_LONG 8
| #define SIZEOF_LONG_LONG 8
| #define SIZEOF_SIZE_T 8
| #define HAVE_INT8_T 1
| #define HAVE_INT16_T 1
| #define HAVE_INT32_T 1
| #define HAVE_INT64_T 1
| /* end confdefs.h.  */
| 
| #if HAVE_STDINT_H
| # include <stdint.h>
| #endif
| #if HAVE_SYS_TYPES_H
| # include <sys/types.h>
| #endif
| 
| 
| int
| main ()
| {
| if (sizeof (uint64))
| 	 return 0;
|   ;
|   return 0;
| }
configure:13148: result: no
configure:13165: checking for uint8_t
configure:13165: cc -c -g -O2 -fvisibility=hidden  conftest.c >&5
configure:13165: $? = 0
configure:13165: cc -c -g -O2 -fvisibility=hidden  conftest.c >&5
conftest.c: In function 'main':
conftest.c:125:22: error: expected expression before ')' token
  125 | if (sizeof ((uint8_t)))
      |                      ^
configure:13165: $? = 1
configure: failed program was:
| /* confdefs.h */
| #define PACKAGE_NAME "PHP"
| #define PACKAGE_TARNAME "php"
| #define PACKAGE_VERSION "7.4.0"
| #define PACKAGE_STRING "PHP 7.4.0"
| #define PACKAGE_BUGREPORT "https://bugs.php.net"
| #define PACKAGE_URL "https://www.php.net"
| #define STDC_HEADERS 1
| #define HAVE_SYS_TYPES_H 1
| #define HAVE_SYS_STAT_H 1
| #define HAVE_STDLIB_H 1
| #define HAVE_STRING_H 1
| #define HAVE_MEMORY_H 1
| #define HAVE_STRINGS_H 1
| #define HAVE_INTTYPES_H 1
| #define HAVE_STDINT_H 1
| #define HAVE_UNISTD_H 1
| #define __EXTENSIONS__ 1
| #define _ALL_SOURCE 1
| #define _GNU_SOURCE 1
| #define _POSIX_PTHREAD_SEMANTICS 1
| #define _TANDEM_SOURCE 1
| #define HAVE_DEV_URANDOM 1
| #define HAVE_GCC_GLOBAL_REGS 1
| #define HAVE_HUGE_VAL_INF 1
| #define HAVE_CPUID_COUNT 1
| #define GWINSZ_IN_SYS_IOCTL 1
| #define HAVE_PHPDBG 1
| #define PHPDBG_DEBUG 0
| #define PHP_WRITE_STDOUT 1
| #define HAVE_SOCKET 1
| #define HAVE_SOCKETPAIR 1
| #define HAVE_HTONL 1
| #define HAVE_GETHOSTNAME 1
| #define HAVE_GETHOSTBYADDR 1
| #define HAVE_DLOPEN 1
| #define HAVE_LIBDL 1
| #define HAVE_DLSYM 1
| #define HAVE_LIBDL 1
| #define HAVE_LIBM 1
| #define HAVE_INET_ATON 1
| #define HAVE_INTTYPES_H 1
| #define HAVE_STDINT_H 1
| #define HAVE_DIRENT_H 1
| #define HAVE_SYS_PARAM_H 1
| #define HAVE_SYS_TYPES_H 1
| #define HAVE_SYS_TIME_H 1
| #define HAVE_NETINET_IN_H 1
| #define HAVE_ALLOCA_H 1
| #define HAVE_ARPA_INET_H 1
| #define HAVE_ARPA_NAMESER_H 1
| #define HAVE_CRYPT_H 1
| #define HAVE_FCNTL_H 1
| #define HAVE_GRP_H 1
| #define HAVE_LANGINFO_H 1
| #define HAVE_LOCALE_H 1
| #define HAVE_MALLOC_H 1
| #define HAVE_MONETARY_H 1
| #define HAVE_NETDB_H 1
| #define HAVE_POLL_H 1
| #define HAVE_PWD_H 1
| #define HAVE_RESOLV_H 1
| #define HAVE_STRINGS_H 1
| #define HAVE_SYSLOG_H 1
| #define HAVE_SYSEXITS_H 1
| #define HAVE_SYS_IOCTL_H 1
| #define HAVE_SYS_FILE_H 1
| #define HAVE_SYS_MMAN_H 1
| #define HAVE_SYS_MOUNT_H 1
| #define HAVE_SYS_POLL_H 1
| #define HAVE_SYS_RESOURCE_H 1
| #define HAVE_SYS_SELECT_H 1
| #define HAVE_SYS_SOCKET_H 1
| #define HAVE_SYS_STAT_H 1
| #define HAVE_SYS_STATFS_H 1
| #define HAVE_SYS_STATVFS_H 1
| #define HAVE_SYS_VFS_H 1
| #define HAVE_SYS_UIO_H 1
| #define HAVE_SYS_WAIT_H 1
| #define HAVE_TERMIOS_H 1
| #define HAVE_UNISTD_H 1
| #define HAVE_UTIME_H 1
| #define HAVE_SYS_UTSNAME_H 1
| #define HAVE_SYS_IPC_H 1
| #define HAVE_DLFCN_H 1
| #define HAVE_TMMINTRIN_H 1
| #define HAVE_NMMINTRIN_H 1
| #define HAVE_IMMINTRIN_H 1
| #define HAVE_FOPENCOOKIE 1
| #define COOKIE_IO_FUNCTIONS_T cookie_io_functions_t
| #define COOKIE_SEEKER_USES_OFF64_T 1
| #define HAVE_STRUCT_TM_TM_ZONE 1
| #define HAVE_TM_ZONE 1
| #define MISSING_FCLOSE_DECL 0
| #define HAVE_STRUCT_FLOCK 1
| #define HAVE_SOCKLEN_T 1
| #define SIZEOF_INTMAX_T 8
| #define HAVE_INTMAX_T 1
| #define SIZEOF_SSIZE_T 8
| #define HAVE_SSIZE_T 1
| #define SIZEOF_PTRDIFF_T 8
| #define HAVE_PTRDIFF_T 1
| #define SIZEOF_SHORT 2
| #define SIZEOF_INT 4
| #define SIZEOF_LONG 8
| #define SIZEOF_LONG_LONG 8
| #define SIZEOF_SIZE_T 8
| #define HAVE_INT8_T 1
| #define HAVE_INT16_T 1
| #define HAVE_INT32_T 1
| #define HAVE_INT64_T 1
| /* end confdefs.h.  */
| 
| #if HAVE_STDINT_H
| # include <stdint.h>
| #endif
| #if HAVE_SYS_TYPES_H
| # include <sys/types.h>
| #endif
| 
| 
| int
| main ()
| {
| if (sizeof ((uint8_t)))
| 	    return 0;
|   ;
|   return 0;
| }
configure:13165: result: yes
configure:13182: checking for uint16_t
configure:13182: cc -c -g -O2 -fvisibility=hidden  conftest.c >&5
configure:13182: $? = 0
configure:13182: cc -c -g -O2 -fvisibility=hidden  conftest.c >&5
conftest.c: In function 'main':
conftest.c:126:23: error: expected expression before ')' token
  126 | if (sizeof ((uint16_t)))
      |                       ^
configure:13182: $? = 1
configure: failed program was:
| /* confdefs.h */
| #define PACKAGE_NAME "PHP"
| #define PACKAGE_TARNAME "php"
| #define PACKAGE_VERSION "7.4.0"
| #define PACKAGE_STRING "PHP 7.4.0"
| #define PACKAGE_BUGREPORT "https://bugs.php.net"
| #define PACKAGE_URL "https://www.php.net"
| #define STDC_HEADERS 1
| #define HAVE_SYS_TYPES_H 1
| #define HAVE_SYS_STAT_H 1
| #define HAVE_STDLIB_H 1
| #define HAVE_STRING_H 1
| #define HAVE_MEMORY_H 1
| #define HAVE_STRINGS_H 1
| #define HAVE_INTTYPES_H 1
| #define HAVE_STDINT_H 1
| #define HAVE_UNISTD_H 1
| #define __EXTENSIONS__ 1
| #define _ALL_SOURCE 1
| #define _GNU_SOURCE 1
| #define _POSIX_PTHREAD_SEMANTICS 1
| #define _TANDEM_SOURCE 1
| #define HAVE_DEV_URANDOM 1
| #define HAVE_GCC_GLOBAL_REGS 1
| #define HAVE_HUGE_VAL_INF 1
| #define HAVE_CPUID_COUNT 1
| #define GWINSZ_IN_SYS_IOCTL 1
| #define HAVE_PHPDBG 1
| #define PHPDBG_DEBUG 0
| #define PHP_WRITE_STDOUT 1
| #define HAVE_SOCKET 1
| #define HAVE_SOCKETPAIR 1
| #define HAVE_HTONL 1
| #define HAVE_GETHOSTNAME 1
| #define HAVE_GETHOSTBYADDR 1
| #define HAVE_DLOPEN 1
| #define HAVE_LIBDL 1
| #define HAVE_DLSYM 1
| #define HAVE_LIBDL 1
| #define HAVE_LIBM 1
| #define HAVE_INET_ATON 1
| #define HAVE_INTTYPES_H 1
| #define HAVE_STDINT_H 1
| #define HAVE_DIRENT_H 1
| #define HAVE_SYS_PARAM_H 1
| #define HAVE_SYS_TYPES_H 1
| #define HAVE_SYS_TIME_H 1
| #define HAVE_NETINET_IN_H 1
| #define HAVE_ALLOCA_H 1
| #define HAVE_ARPA_INET_H 1
| #define HAVE_ARPA_NAMESER_H 1
| #define HAVE_CRYPT_H 1
| #define HAVE_FCNTL_H 1
| #define HAVE_GRP_H 1
| #define HAVE_LANGINFO_H 1
| #define HAVE_LOCALE_H 1
| #define HAVE_MALLOC_H 1
| #define HAVE_MONETARY_H 1
| #define HAVE_NETDB_H 1
| #define HAVE_POLL_H 1
| #define HAVE_PWD_H 1
| #define HAVE_RESOLV_H 1
| #define HAVE_STRINGS_H 1
| #define HAVE_SYSLOG_H 1
| #define HAVE_SYSEXITS_H 1
| #define HAVE_SYS_IOCTL_H 1
| #define HAVE_SYS_FILE_H 1
| #define HAVE_SYS_MMAN_H 1
| #define HAVE_SYS_MOUNT_H 1
| #define HAVE_SYS_POLL_H 1
| #define HAVE_SYS_RESOURCE_H 1
| #define HAVE_SYS_SELECT_H 1
| #define HAVE_SYS_SOCKET_H 1
| #define HAVE_SYS_STAT_H 1
| #define HAVE_SYS_STATFS_H 1
| #define HAVE_SYS_STATVFS_H 1
| #define HAVE_SYS_VFS_H 1
| #define HAVE_SYS_UIO_H 1
| #define HAVE_SYS_WAIT_H 1
| #define HAVE_TERMIOS_H 1
| #define HAVE_UNISTD_H 1
| #define HAVE_UTIME_H 1
| #define HAVE_SYS_UTSNAME_H 1
| #define HAVE_SYS_IPC_H 1
| #define HAVE_DLFCN_H 1
| #define HAVE_TMMINTRIN_H 1
| #define HAVE_NMMINTRIN_H 1
| #define HAVE_IMMINTRIN_H 1
| #define HAVE_FOPENCOOKIE 1
| #define COOKIE_IO_FUNCTIONS_T cookie_io_functions_t
| #define COOKIE_SEEKER_USES_OFF64_T 1
| #define HAVE_STRUCT_TM_TM_ZONE 1
| #define HAVE_TM_ZONE 1
| #define MISSING_FCLOSE_DECL 0
| #define HAVE_STRUCT_FLOCK 1
| #define HAVE_SOCKLEN_T 1
| #define SIZEOF_INTMAX_T 8
| #define HAVE_INTMAX_T 1
| #define SIZEOF_SSIZE_T 8
| #define HAVE_SSIZE_T 1
| #define SIZEOF_PTRDIFF_T 8
| #define HAVE_PTRDIFF_T 1
| #define SIZEOF_SHORT 2
| #define SIZEOF_INT 4
| #define SIZEOF_LONG 8
| #define SIZEOF_LONG_LONG 8
| #define SIZEOF_SIZE_T 8
| #define HAVE_INT8_T 1
| #define HAVE_INT16_T 1
| #define HAVE_INT32_T 1
| #define HAVE_INT64_T 1
| #define HAVE_UINT8_T 1
| /* end confdefs.h.  */
| 
| #if HAVE_STDINT_H
| # include <stdint.h>
| #endif
| #if HAVE_SYS_TYPES_H
| # include <sys/types.h>
| #endif
| 
| 
| int
| main ()
| {
| if (sizeof ((uint16_t)))
| 	    return 0;
|   ;
|   return 0;
| }
configure:13182: result: yes
configure:13199: checking for uint32_t
configure:13199: cc -c -g -O2 -fvisibility=hidden  conftest.c >&5
configure:13199: $? = 0
configure:13199: cc -c -g -O2 -fvisibility=hidden  conftest.c >&5
conftest.c: In function 'main':
conftest.c:127:23: error: expected expression before ')' token
  127 | if (sizeof ((uint32_t)))
      |                       ^
configure:13199: $? = 1
configure: failed program was:
| /* confdefs.h */
| #define PACKAGE_NAME "PHP"
| #define PACKAGE_TARNAME "php"
| #define PACKAGE_VERSION "7.4.0"
| #define PACKAGE_STRING "PHP 7.4.0"
| #define PACKAGE_BUGREPORT "https://bugs.php.net"
| #define PACKAGE_URL "https://www.php.net"
| #define STDC_HEADERS 1
| #define HAVE_SYS_TYPES_H 1
| #define HAVE_SYS_STAT_H 1
| #define HAVE_STDLIB_H 1
| #define HAVE_STRING_H 1
| #define HAVE_MEMORY_H 1
| #define HAVE_STRINGS_H 1
| #define HAVE_INTTYPES_H 1
| #define HAVE_STDINT_H 1
| #define HAVE_UNISTD_H 1
| #define __EXTENSIONS__ 1
| #define _ALL_SOURCE 1
| #define _GNU_SOURCE 1
| #define _POSIX_PTHREAD_SEMANTICS 1
| #define _TANDEM_SOURCE 1
| #define HAVE_DEV_URANDOM 1
| #define HAVE_GCC_GLOBAL_REGS 1
| #define HAVE_HUGE_VAL_INF 1
| #define HAVE_CPUID_COUNT 1
| #define GWINSZ_IN_SYS_IOCTL 1
| #define HAVE_PHPDBG 1
| #define PHPDBG_DEBUG 0
| #define PHP_WRITE_STDOUT 1
| #define HAVE_SOCKET 1
| #define HAVE_SOCKETPAIR 1
| #define HAVE_HTONL 1
| #define HAVE_GETHOSTNAME 1
| #define HAVE_GETHOSTBYADDR 1
| #define HAVE_DLOPEN 1
| #define HAVE_LIBDL 1
| #define HAVE_DLSYM 1
| #define HAVE_LIBDL 1
| #define HAVE_LIBM 1
| #define HAVE_INET_ATON 1
| #define HAVE_INTTYPES_H 1
| #define HAVE_STDINT_H 1
| #define HAVE_DIRENT_H 1
| #define HAVE_SYS_PARAM_H 1
| #define HAVE_SYS_TYPES_H 1
| #define HAVE_SYS_TIME_H 1
| #define HAVE_NETINET_IN_H 1
| #define HAVE_ALLOCA_H 1
| #define HAVE_ARPA_INET_H 1
| #define HAVE_ARPA_NAMESER_H 1
| #define HAVE_CRYPT_H 1
| #define HAVE_FCNTL_H 1
| #define HAVE_GRP_H 1
| #define HAVE_LANGINFO_H 1
| #define HAVE_LOCALE_H 1
| #define HAVE_MALLOC_H 1
| #define HAVE_MONETARY_H 1
| #define HAVE_NETDB_H 1
| #define HAVE_POLL_H 1
| #define HAVE_PWD_H 1
| #define HAVE_RESOLV_H 1
| #define HAVE_STRINGS_H 1
| #define HAVE_SYSLOG_H 1
| #define HAVE_SYSEXITS_H 1
| #define HAVE_SYS_IOCTL_H 1
| #define HAVE_SYS_FILE_H 1
| #define HAVE_SYS_MMAN_H 1
| #define HAVE_SYS_MOUNT_H 1
| #define HAVE_SYS_POLL_H 1
| #define HAVE_SYS_RESOURCE_H 1
| #define HAVE_SYS_SELECT_H 1
| #define HAVE_SYS_SOCKET_H 1
| #define HAVE_SYS_STAT_H 1
| #define HAVE_SYS_STATFS_H 1
| #define HAVE_SYS_STATVFS_H 1
| #define HAVE_SYS_VFS_H 1
| #define HAVE_SYS_UIO_H 1
| #define HAVE_SYS_WAIT_H 1
| #define HAVE_TERMIOS_H 1
| #define HAVE_UNISTD_H 1
| #define HAVE_UTIME_H 1
| #define HAVE_SYS_UTSNAME_H 1
| #define HAVE_SYS_IPC_H 1
| #define HAVE_DLFCN_H 1
| #define HAVE_TMMINTRIN_H 1
| #define HAVE_NMMINTRIN_H 1
| #define HAVE_IMMINTRIN_H 1
| #define HAVE_FOPENCOOKIE 1
| #define COOKIE_IO_FUNCTIONS_T cookie_io_functions_t
| #define COOKIE_SEEKER_USES_OFF64_T 1
| #define HAVE_STRUCT_TM_TM_ZONE 1
| #define HAVE_TM_ZONE 1
| #define MISSING_FCLOSE_DECL 0
| #define HAVE_STRUCT_FLOCK 1
| #define HAVE_SOCKLEN_T 1
| #define SIZEOF_INTMAX_T 8
| #define HAVE_INTMAX_T 1
| #define SIZEOF_SSIZE_T 8
| #define HAVE_SSIZE_T 1
| #define SIZEOF_PTRDIFF_T 8
| #define HAVE_PTRDIFF_T 1
| #define SIZEOF_SHORT 2
| #define SIZEOF_INT 4
| #define SIZEOF_LONG 8
| #define SIZEOF_LONG_LONG 8
| #define SIZEOF_SIZE_T 8
| #define HAVE_INT8_T 1
| #define HAVE_INT16_T 1
| #define HAVE_INT32_T 1
| #define HAVE_INT64_T 1
| #define HAVE_UINT8_T 1
| #define HAVE_UINT16_T 1
| /* end confdefs.h.  */
| 
| #if HAVE_STDINT_H
| # include <stdint.h>
| #endif
| #if HAVE_SYS_TYPES_H
| # include <sys/types.h>
| #endif
| 
| 
| int
| main ()
| {
| if (sizeof ((uint32_t)))
| 	    return 0;
|   ;
|   return 0;
| }
configure:13199: result: yes
configure:13216: checking for uint64_t
configure:13216: cc -c -g -O2 -fvisibility=hidden  conftest.c >&5
configure:13216: $? = 0
configure:13216: cc -c -g -O2 -fvisibility=hidden  conftest.c >&5
conftest.c: In function 'main':
conftest.c:128:23: error: expected expression before ')' token
  128 | if (sizeof ((uint64_t)))
      |                       ^
configure:13216: $? = 1
configure: failed program was:
| /* confdefs.h */
| #define PACKAGE_NAME "PHP"
| #define PACKAGE_TARNAME "php"
| #define PACKAGE_VERSION "7.4.0"
| #define PACKAGE_STRING "PHP 7.4.0"
| #define PACKAGE_BUGREPORT "https://bugs.php.net"
| #define PACKAGE_URL "https://www.php.net"
| #define STDC_HEADERS 1
| #define HAVE_SYS_TYPES_H 1
| #define HAVE_SYS_STAT_H 1
| #define HAVE_STDLIB_H 1
| #define HAVE_STRING_H 1
| #define HAVE_MEMORY_H 1
| #define HAVE_STRINGS_H 1
| #define HAVE_INTTYPES_H 1
| #define HAVE_STDINT_H 1
| #define HAVE_UNISTD_H 1
| #define __EXTENSIONS__ 1
| #define _ALL_SOURCE 1
| #define _GNU_SOURCE 1
| #define _POSIX_PTHREAD_SEMANTICS 1
| #define _TANDEM_SOURCE 1
| #define HAVE_DEV_URANDOM 1
| #define HAVE_GCC_GLOBAL_REGS 1
| #define HAVE_HUGE_VAL_INF 1
| #define HAVE_CPUID_COUNT 1
| #define GWINSZ_IN_SYS_IOCTL 1
| #define HAVE_PHPDBG 1
| #define PHPDBG_DEBUG 0
| #define PHP_WRITE_STDOUT 1
| #define HAVE_SOCKET 1
| #define HAVE_SOCKETPAIR 1
| #define HAVE_HTONL 1
| #define HAVE_GETHOSTNAME 1
| #define HAVE_GETHOSTBYADDR 1
| #define HAVE_DLOPEN 1
| #define HAVE_LIBDL 1
| #define HAVE_DLSYM 1
| #define HAVE_LIBDL 1
| #define HAVE_LIBM 1
| #define HAVE_INET_ATON 1
| #define HAVE_INTTYPES_H 1
| #define HAVE_STDINT_H 1
| #define HAVE_DIRENT_H 1
| #define HAVE_SYS_PARAM_H 1
| #define HAVE_SYS_TYPES_H 1
| #define HAVE_SYS_TIME_H 1
| #define HAVE_NETINET_IN_H 1
| #define HAVE_ALLOCA_H 1
| #define HAVE_ARPA_INET_H 1
| #define HAVE_ARPA_NAMESER_H 1
| #define HAVE_CRYPT_H 1
| #define HAVE_FCNTL_H 1
| #define HAVE_GRP_H 1
| #define HAVE_LANGINFO_H 1
| #define HAVE_LOCALE_H 1
| #define HAVE_MALLOC_H 1
| #define HAVE_MONETARY_H 1
| #define HAVE_NETDB_H 1
| #define HAVE_POLL_H 1
| #define HAVE_PWD_H 1
| #define HAVE_RESOLV_H 1
| #define HAVE_STRINGS_H 1
| #define HAVE_SYSLOG_H 1
| #define HAVE_SYSEXITS_H 1
| #define HAVE_SYS_IOCTL_H 1
| #define HAVE_SYS_FILE_H 1
| #define HAVE_SYS_MMAN_H 1
| #define HAVE_SYS_MOUNT_H 1
| #define HAVE_SYS_POLL_H 1
| #define HAVE_SYS_RESOURCE_H 1
| #define HAVE_SYS_SELECT_H 1
| #define HAVE_SYS_SOCKET_H 1
| #define HAVE_SYS_STAT_H 1
| #define HAVE_SYS_STATFS_H 1
| #define HAVE_SYS_STATVFS_H 1
| #define HAVE_SYS_VFS_H 1
| #define HAVE_SYS_UIO_H 1
| #define HAVE_SYS_WAIT_H 1
| #define HAVE_TERMIOS_H 1
| #define HAVE_UNISTD_H 1
| #define HAVE_UTIME_H 1
| #define HAVE_SYS_UTSNAME_H 1
| #define HAVE_SYS_IPC_H 1
| #define HAVE_DLFCN_H 1
| #define HAVE_TMMINTRIN_H 1
| #define HAVE_NMMINTRIN_H 1
| #define HAVE_IMMINTRIN_H 1
| #define HAVE_FOPENCOOKIE 1
| #define COOKIE_IO_FUNCTIONS_T cookie_io_functions_t
| #define COOKIE_SEEKER_USES_OFF64_T 1
| #define HAVE_STRUCT_TM_TM_ZONE 1
| #define HAVE_TM_ZONE 1
| #define MISSING_FCLOSE_DECL 0
| #define HAVE_STRUCT_FLOCK 1
| #define HAVE_SOCKLEN_T 1
| #define SIZEOF_INTMAX_T 8
| #define HAVE_INTMAX_T 1
| #define SIZEOF_SSIZE_T 8
| #define HAVE_SSIZE_T 1
| #define SIZEOF_PTRDIFF_T 8
| #define HAVE_PTRDIFF_T 1
| #define SIZEOF_SHORT 2
| #define SIZEOF_INT 4
| #define SIZEOF_LONG 8
| #define SIZEOF_LONG_LONG 8
| #define SIZEOF_SIZE_T 8
| #define HAVE_INT8_T 1
| #define HAVE_INT16_T 1
| #define HAVE_INT32_T 1
| #define HAVE_INT64_T 1
| #define HAVE_UINT8_T 1
| #define HAVE_UINT16_T 1
| #define HAVE_UINT32_T 1
| /* end confdefs.h.  */
| 
| #if HAVE_STDINT_H
| # include <stdint.h>
| #endif
| #if HAVE_SYS_TYPES_H
| # include <sys/types.h>
| #endif
| 
| 
| int
| main ()
| {
| if (sizeof ((uint64_t)))
| 	    return 0;
|   ;
|   return 0;
| }
configure:13216: result: yes
configure:13233: checking for u_int8_t
configure:13233: cc -c -g -O2 -fvisibility=hidden  conftest.c >&5
configure:13233: $? = 0
configure:13233: cc -c -g -O2 -fvisibility=hidden  conftest.c >&5
conftest.c: In function 'main':
conftest.c:129:23: error: expected expression before ')' token
  129 | if (sizeof ((u_int8_t)))
      |                       ^
configure:13233: $? = 1
configure: failed program was:
| /* confdefs.h */
| #define PACKAGE_NAME "PHP"
| #define PACKAGE_TARNAME "php"
| #define PACKAGE_VERSION "7.4.0"
| #define PACKAGE_STRING "PHP 7.4.0"
| #define PACKAGE_BUGREPORT "https://bugs.php.net"
| #define PACKAGE_URL "https://www.php.net"
| #define STDC_HEADERS 1
| #define HAVE_SYS_TYPES_H 1
| #define HAVE_SYS_STAT_H 1
| #define HAVE_STDLIB_H 1
| #define HAVE_STRING_H 1
| #define HAVE_MEMORY_H 1
| #define HAVE_STRINGS_H 1
| #define HAVE_INTTYPES_H 1
| #define HAVE_STDINT_H 1
| #define HAVE_UNISTD_H 1
| #define __EXTENSIONS__ 1
| #define _ALL_SOURCE 1
| #define _GNU_SOURCE 1
| #define _POSIX_PTHREAD_SEMANTICS 1
| #define _TANDEM_SOURCE 1
| #define HAVE_DEV_URANDOM 1
| #define HAVE_GCC_GLOBAL_REGS 1
| #define HAVE_HUGE_VAL_INF 1
| #define HAVE_CPUID_COUNT 1
| #define GWINSZ_IN_SYS_IOCTL 1
| #define HAVE_PHPDBG 1
| #define PHPDBG_DEBUG 0
| #define PHP_WRITE_STDOUT 1
| #define HAVE_SOCKET 1
| #define HAVE_SOCKETPAIR 1
| #define HAVE_HTONL 1
| #define HAVE_GETHOSTNAME 1
| #define HAVE_GETHOSTBYADDR 1
| #define HAVE_DLOPEN 1
| #define HAVE_LIBDL 1
| #define HAVE_DLSYM 1
| #define HAVE_LIBDL 1
| #define HAVE_LIBM 1
| #define HAVE_INET_ATON 1
| #define HAVE_INTTYPES_H 1
| #define HAVE_STDINT_H 1
| #define HAVE_DIRENT_H 1
| #define HAVE_SYS_PARAM_H 1
| #define HAVE_SYS_TYPES_H 1
| #define HAVE_SYS_TIME_H 1
| #define HAVE_NETINET_IN_H 1
| #define HAVE_ALLOCA_H 1
| #define HAVE_ARPA_INET_H 1
| #define HAVE_ARPA_NAMESER_H 1
| #define HAVE_CRYPT_H 1
| #define HAVE_FCNTL_H 1
| #define HAVE_GRP_H 1
| #define HAVE_LANGINFO_H 1
| #define HAVE_LOCALE_H 1
| #define HAVE_MALLOC_H 1
| #define HAVE_MONETARY_H 1
| #define HAVE_NETDB_H 1
| #define HAVE_POLL_H 1
| #define HAVE_PWD_H 1
| #define HAVE_RESOLV_H 1
| #define HAVE_STRINGS_H 1
| #define HAVE_SYSLOG_H 1
| #define HAVE_SYSEXITS_H 1
| #define HAVE_SYS_IOCTL_H 1
| #define HAVE_SYS_FILE_H 1
| #define HAVE_SYS_MMAN_H 1
| #define HAVE_SYS_MOUNT_H 1
| #define HAVE_SYS_POLL_H 1
| #define HAVE_SYS_RESOURCE_H 1
| #define HAVE_SYS_SELECT_H 1
| #define HAVE_SYS_SOCKET_H 1
| #define HAVE_SYS_STAT_H 1
| #define HAVE_SYS_STATFS_H 1
| #define HAVE_SYS_STATVFS_H 1
| #define HAVE_SYS_VFS_H 1
| #define HAVE_SYS_UIO_H 1
| #define HAVE_SYS_WAIT_H 1
| #define HAVE_TERMIOS_H 1
| #define HAVE_UNISTD_H 1
| #define HAVE_UTIME_H 1
| #define HAVE_SYS_UTSNAME_H 1
| #define HAVE_SYS_IPC_H 1
| #define HAVE_DLFCN_H 1
| #define HAVE_TMMINTRIN_H 1
| #define HAVE_NMMINTRIN_H 1
| #define HAVE_IMMINTRIN_H 1
| #define HAVE_FOPENCOOKIE 1
| #define COOKIE_IO_FUNCTIONS_T cookie_io_functions_t
| #define COOKIE_SEEKER_USES_OFF64_T 1
| #define HAVE_STRUCT_TM_TM_ZONE 1
| #define HAVE_TM_ZONE 1
| #define MISSING_FCLOSE_DECL 0
| #define HAVE_STRUCT_FLOCK 1
| #define HAVE_SOCKLEN_T 1
| #define SIZEOF_INTMAX_T 8
| #define HAVE_INTMAX_T 1
| #define SIZEOF_SSIZE_T 8
| #define HAVE_SSIZE_T 1
| #define SIZEOF_PTRDIFF_T 8
| #define HAVE_PTRDIFF_T 1
| #define SIZEOF_SHORT 2
| #define SIZEOF_INT 4
| #define SIZEOF_LONG 8
| #define SIZEOF_LONG_LONG 8
| #define SIZEOF_SIZE_T 8
| #define HAVE_INT8_T 1
| #define HAVE_INT16_T 1
| #define HAVE_INT32_T 1
| #define HAVE_INT64_T 1
| #define HAVE_UINT8_T 1
| #define HAVE_UINT16_T 1
| #define HAVE_UINT32_T 1
| #define HAVE_UINT64_T 1
| /* end confdefs.h.  */
| 
| #if HAVE_STDINT_H
| # include <stdint.h>
| #endif
| #if HAVE_SYS_TYPES_H
| # include <sys/types.h>
| #endif
| 
| 
| int
| main ()
| {
| if (sizeof ((u_int8_t)))
| 	    return 0;
|   ;
|   return 0;
| }
configure:13233: result: yes
configure:13250: checking for u_int16_t
configure:13250: cc -c -g -O2 -fvisibility=hidden  conftest.c >&5
configure:13250: $? = 0
configure:13250: cc -c -g -O2 -fvisibility=hidden  conftest.c >&5
conftest.c: In function 'main':
conftest.c:130:24: error: expected expression before ')' token
  130 | if (sizeof ((u_int16_t)))
      |                        ^
configure:13250: $? = 1
configure: failed program was:
| /* confdefs.h */
| #define PACKAGE_NAME "PHP"
| #define PACKAGE_TARNAME "php"
| #define PACKAGE_VERSION "7.4.0"
| #define PACKAGE_STRING "PHP 7.4.0"
| #define PACKAGE_BUGREPORT "https://bugs.php.net"
| #define PACKAGE_URL "https://www.php.net"
| #define STDC_HEADERS 1
| #define HAVE_SYS_TYPES_H 1
| #define HAVE_SYS_STAT_H 1
| #define HAVE_STDLIB_H 1
| #define HAVE_STRING_H 1
| #define HAVE_MEMORY_H 1
| #define HAVE_STRINGS_H 1
| #define HAVE_INTTYPES_H 1
| #define HAVE_STDINT_H 1
| #define HAVE_UNISTD_H 1
| #define __EXTENSIONS__ 1
| #define _ALL_SOURCE 1
| #define _GNU_SOURCE 1
| #define _POSIX_PTHREAD_SEMANTICS 1
| #define _TANDEM_SOURCE 1
| #define HAVE_DEV_URANDOM 1
| #define HAVE_GCC_GLOBAL_REGS 1
| #define HAVE_HUGE_VAL_INF 1
| #define HAVE_CPUID_COUNT 1
| #define GWINSZ_IN_SYS_IOCTL 1
| #define HAVE_PHPDBG 1
| #define PHPDBG_DEBUG 0
| #define PHP_WRITE_STDOUT 1
| #define HAVE_SOCKET 1
| #define HAVE_SOCKETPAIR 1
| #define HAVE_HTONL 1
| #define HAVE_GETHOSTNAME 1
| #define HAVE_GETHOSTBYADDR 1
| #define HAVE_DLOPEN 1
| #define HAVE_LIBDL 1
| #define HAVE_DLSYM 1
| #define HAVE_LIBDL 1
| #define HAVE_LIBM 1
| #define HAVE_INET_ATON 1
| #define HAVE_INTTYPES_H 1
| #define HAVE_STDINT_H 1
| #define HAVE_DIRENT_H 1
| #define HAVE_SYS_PARAM_H 1
| #define HAVE_SYS_TYPES_H 1
| #define HAVE_SYS_TIME_H 1
| #define HAVE_NETINET_IN_H 1
| #define HAVE_ALLOCA_H 1
| #define HAVE_ARPA_INET_H 1
| #define HAVE_ARPA_NAMESER_H 1
| #define HAVE_CRYPT_H 1
| #define HAVE_FCNTL_H 1
| #define HAVE_GRP_H 1
| #define HAVE_LANGINFO_H 1
| #define HAVE_LOCALE_H 1
| #define HAVE_MALLOC_H 1
| #define HAVE_MONETARY_H 1
| #define HAVE_NETDB_H 1
| #define HAVE_POLL_H 1
| #define HAVE_PWD_H 1
| #define HAVE_RESOLV_H 1
| #define HAVE_STRINGS_H 1
| #define HAVE_SYSLOG_H 1
| #define HAVE_SYSEXITS_H 1
| #define HAVE_SYS_IOCTL_H 1
| #define HAVE_SYS_FILE_H 1
| #define HAVE_SYS_MMAN_H 1
| #define HAVE_SYS_MOUNT_H 1
| #define HAVE_SYS_POLL_H 1
| #define HAVE_SYS_RESOURCE_H 1
| #define HAVE_SYS_SELECT_H 1
| #define HAVE_SYS_SOCKET_H 1
| #define HAVE_SYS_STAT_H 1
| #define HAVE_SYS_STATFS_H 1
| #define HAVE_SYS_STATVFS_H 1
| #define HAVE_SYS_VFS_H 1
| #define HAVE_SYS_UIO_H 1
| #define HAVE_SYS_WAIT_H 1
| #define HAVE_TERMIOS_H 1
| #define HAVE_UNISTD_H 1
| #define HAVE_UTIME_H 1
| #define HAVE_SYS_UTSNAME_H 1
| #define HAVE_SYS_IPC_H 1
| #define HAVE_DLFCN_H 1
| #define HAVE_TMMINTRIN_H 1
| #define HAVE_NMMINTRIN_H 1
| #define HAVE_IMMINTRIN_H 1
| #define HAVE_FOPENCOOKIE 1
| #define COOKIE_IO_FUNCTIONS_T cookie_io_functions_t
| #define COOKIE_SEEKER_USES_OFF64_T 1
| #define HAVE_STRUCT_TM_TM_ZONE 1
| #define HAVE_TM_ZONE 1
| #define MISSING_FCLOSE_DECL 0
| #define HAVE_STRUCT_FLOCK 1
| #define HAVE_SOCKLEN_T 1
| #define SIZEOF_INTMAX_T 8
| #define HAVE_INTMAX_T 1
| #define SIZEOF_SSIZE_T 8
| #define HAVE_SSIZE_T 1
| #define SIZEOF_PTRDIFF_T 8
| #define HAVE_PTRDIFF_T 1
| #define SIZEOF_SHORT 2
| #define SIZEOF_INT 4
| #define SIZEOF_LONG 8
| #define SIZEOF_LONG_LONG 8
| #define SIZEOF_SIZE_T 8
| #define HAVE_INT8_T 1
| #define HAVE_INT16_T 1
| #define HAVE_INT32_T 1
| #define HAVE_INT64_T 1
| #define HAVE_UINT8_T 1
| #define HAVE_UINT16_T 1
| #define HAVE_UINT32_T 1
| #define HAVE_UINT64_T 1
| #define HAVE_U_INT8_T 1
| /* end confdefs.h.  */
| 
| #if HAVE_STDINT_H
| # include <stdint.h>
| #endif
| #if HAVE_SYS_TYPES_H
| # include <sys/types.h>
| #endif
| 
| 
| int
| main ()
| {
| if (sizeof ((u_int16_t)))
| 	    return 0;
|   ;
|   return 0;
| }
configure:13250: result: yes
configure:13267: checking for u_int32_t
configure:13267: cc -c -g -O2 -fvisibility=hidden  conftest.c >&5
configure:13267: $? = 0
configure:13267: cc -c -g -O2 -fvisibility=hidden  conftest.c >&5
conftest.c: In function 'main':
conftest.c:131:24: error: expected expression before ')' token
  131 | if (sizeof ((u_int32_t)))
      |                        ^
configure:13267: $? = 1
configure: failed program was:
| /* confdefs.h */
| #define PACKAGE_NAME "PHP"
| #define PACKAGE_TARNAME "php"
| #define PACKAGE_VERSION "7.4.0"
| #define PACKAGE_STRING "PHP 7.4.0"
| #define PACKAGE_BUGREPORT "https://bugs.php.net"
| #define PACKAGE_URL "https://www.php.net"
| #define STDC_HEADERS 1
| #define HAVE_SYS_TYPES_H 1
| #define HAVE_SYS_STAT_H 1
| #define HAVE_STDLIB_H 1
| #define HAVE_STRING_H 1
| #define HAVE_MEMORY_H 1
| #define HAVE_STRINGS_H 1
| #define HAVE_INTTYPES_H 1
| #define HAVE_STDINT_H 1
| #define HAVE_UNISTD_H 1
| #define __EXTENSIONS__ 1
| #define _ALL_SOURCE 1
| #define _GNU_SOURCE 1
| #define _POSIX_PTHREAD_SEMANTICS 1
| #define _TANDEM_SOURCE 1
| #define HAVE_DEV_URANDOM 1
| #define HAVE_GCC_GLOBAL_REGS 1
| #define HAVE_HUGE_VAL_INF 1
| #define HAVE_CPUID_COUNT 1
| #define GWINSZ_IN_SYS_IOCTL 1
| #define HAVE_PHPDBG 1
| #define PHPDBG_DEBUG 0
| #define PHP_WRITE_STDOUT 1
| #define HAVE_SOCKET 1
| #define HAVE_SOCKETPAIR 1
| #define HAVE_HTONL 1
| #define HAVE_GETHOSTNAME 1
| #define HAVE_GETHOSTBYADDR 1
| #define HAVE_DLOPEN 1
| #define HAVE_LIBDL 1
| #define HAVE_DLSYM 1
| #define HAVE_LIBDL 1
| #define HAVE_LIBM 1
| #define HAVE_INET_ATON 1
| #define HAVE_INTTYPES_H 1
| #define HAVE_STDINT_H 1
| #define HAVE_DIRENT_H 1
| #define HAVE_SYS_PARAM_H 1
| #define HAVE_SYS_TYPES_H 1
| #define HAVE_SYS_TIME_H 1
| #define HAVE_NETINET_IN_H 1
| #define HAVE_ALLOCA_H 1
| #define HAVE_ARPA_INET_H 1
| #define HAVE_ARPA_NAMESER_H 1
| #define HAVE_CRYPT_H 1
| #define HAVE_FCNTL_H 1
| #define HAVE_GRP_H 1
| #define HAVE_LANGINFO_H 1
| #define HAVE_LOCALE_H 1
| #define HAVE_MALLOC_H 1
| #define HAVE_MONETARY_H 1
| #define HAVE_NETDB_H 1
| #define HAVE_POLL_H 1
| #define HAVE_PWD_H 1
| #define HAVE_RESOLV_H 1
| #define HAVE_STRINGS_H 1
| #define HAVE_SYSLOG_H 1
| #define HAVE_SYSEXITS_H 1
| #define HAVE_SYS_IOCTL_H 1
| #define HAVE_SYS_FILE_H 1
| #define HAVE_SYS_MMAN_H 1
| #define HAVE_SYS_MOUNT_H 1
| #define HAVE_SYS_POLL_H 1
| #define HAVE_SYS_RESOURCE_H 1
| #define HAVE_SYS_SELECT_H 1
| #define HAVE_SYS_SOCKET_H 1
| #define HAVE_SYS_STAT_H 1
| #define HAVE_SYS_STATFS_H 1
| #define HAVE_SYS_STATVFS_H 1
| #define HAVE_SYS_VFS_H 1
| #define HAVE_SYS_UIO_H 1
| #define HAVE_SYS_WAIT_H 1
| #define HAVE_TERMIOS_H 1
| #define HAVE_UNISTD_H 1
| #define HAVE_UTIME_H 1
| #define HAVE_SYS_UTSNAME_H 1
| #define HAVE_SYS_IPC_H 1
| #define HAVE_DLFCN_H 1
| #define HAVE_TMMINTRIN_H 1
| #define HAVE_NMMINTRIN_H 1
| #define HAVE_IMMINTRIN_H 1
| #define HAVE_FOPENCOOKIE 1
| #define COOKIE_IO_FUNCTIONS_T cookie_io_functions_t
| #define COOKIE_SEEKER_USES_OFF64_T 1
| #define HAVE_STRUCT_TM_TM_ZONE 1
| #define HAVE_TM_ZONE 1
| #define MISSING_FCLOSE_DECL 0
| #define HAVE_STRUCT_FLOCK 1
| #define HAVE_SOCKLEN_T 1
| #define SIZEOF_INTMAX_T 8
| #define HAVE_INTMAX_T 1
| #define SIZEOF_SSIZE_T 8
| #define HAVE_SSIZE_T 1
| #define SIZEOF_PTRDIFF_T 8
| #define HAVE_PTRDIFF_T 1
| #define SIZEOF_SHORT 2
| #define SIZEOF_INT 4
| #define SIZEOF_LONG 8
| #define SIZEOF_LONG_LONG 8
| #define SIZEOF_SIZE_T 8
| #define HAVE_INT8_T 1
| #define HAVE_INT16_T 1
| #define HAVE_INT32_T 1
| #define HAVE_INT64_T 1
| #define HAVE_UINT8_T 1
| #define HAVE_UINT16_T 1
| #define HAVE_UINT32_T 1
| #define HAVE_UINT64_T 1
| #define HAVE_U_INT8_T 1
| #define HAVE_U_INT16_T 1
| /* end confdefs.h.  */
| 
| #if HAVE_STDINT_H
| # include <stdint.h>
| #endif
| #if HAVE_SYS_TYPES_H
| # include <sys/types.h>
| #endif
| 
| 
| int
| main ()
| {
| if (sizeof ((u_int32_t)))
| 	    return 0;
|   ;
|   return 0;
| }
configure:13267: result: yes
configure:13284: checking for u_int64_t
configure:13284: cc -c -g -O2 -fvisibility=hidden  conftest.c >&5
configure:13284: $? = 0
configure:13284: cc -c -g -O2 -fvisibility=hidden  conftest.c >&5
conftest.c: In function 'main':
conftest.c:132:24: error: expected expression before ')' token
  132 | if (sizeof ((u_int64_t)))
      |                        ^
configure:13284: $? = 1
configure: failed program was:
| /* confdefs.h */
| #define PACKAGE_NAME "PHP"
| #define PACKAGE_TARNAME "php"
| #define PACKAGE_VERSION "7.4.0"
| #define PACKAGE_STRING "PHP 7.4.0"
| #define PACKAGE_BUGREPORT "https://bugs.php.net"
| #define PACKAGE_URL "https://www.php.net"
| #define STDC_HEADERS 1
| #define HAVE_SYS_TYPES_H 1
| #define HAVE_SYS_STAT_H 1
| #define HAVE_STDLIB_H 1
| #define HAVE_STRING_H 1
| #define HAVE_MEMORY_H 1
| #define HAVE_STRINGS_H 1
| #define HAVE_INTTYPES_H 1
| #define HAVE_STDINT_H 1
| #define HAVE_UNISTD_H 1
| #define __EXTENSIONS__ 1
| #define _ALL_SOURCE 1
| #define _GNU_SOURCE 1
| #define _POSIX_PTHREAD_SEMANTICS 1
| #define _TANDEM_SOURCE 1
| #define HAVE_DEV_URANDOM 1
| #define HAVE_GCC_GLOBAL_REGS 1
| #define HAVE_HUGE_VAL_INF 1
| #define HAVE_CPUID_COUNT 1
| #define GWINSZ_IN_SYS_IOCTL 1
| #define HAVE_PHPDBG 1
| #define PHPDBG_DEBUG 0
| #define PHP_WRITE_STDOUT 1
| #define HAVE_SOCKET 1
| #define HAVE_SOCKETPAIR 1
| #define HAVE_HTONL 1
| #define HAVE_GETHOSTNAME 1
| #define HAVE_GETHOSTBYADDR 1
| #define HAVE_DLOPEN 1
| #define HAVE_LIBDL 1
| #define HAVE_DLSYM 1
| #define HAVE_LIBDL 1
| #define HAVE_LIBM 1
| #define HAVE_INET_ATON 1
| #define HAVE_INTTYPES_H 1
| #define HAVE_STDINT_H 1
| #define HAVE_DIRENT_H 1
| #define HAVE_SYS_PARAM_H 1
| #define HAVE_SYS_TYPES_H 1
| #define HAVE_SYS_TIME_H 1
| #define HAVE_NETINET_IN_H 1
| #define HAVE_ALLOCA_H 1
| #define HAVE_ARPA_INET_H 1
| #define HAVE_ARPA_NAMESER_H 1
| #define HAVE_CRYPT_H 1
| #define HAVE_FCNTL_H 1
| #define HAVE_GRP_H 1
| #define HAVE_LANGINFO_H 1
| #define HAVE_LOCALE_H 1
| #define HAVE_MALLOC_H 1
| #define HAVE_MONETARY_H 1
| #define HAVE_NETDB_H 1
| #define HAVE_POLL_H 1
| #define HAVE_PWD_H 1
| #define HAVE_RESOLV_H 1
| #define HAVE_STRINGS_H 1
| #define HAVE_SYSLOG_H 1
| #define HAVE_SYSEXITS_H 1
| #define HAVE_SYS_IOCTL_H 1
| #define HAVE_SYS_FILE_H 1
| #define HAVE_SYS_MMAN_H 1
| #define HAVE_SYS_MOUNT_H 1
| #define HAVE_SYS_POLL_H 1
| #define HAVE_SYS_RESOURCE_H 1
| #define HAVE_SYS_SELECT_H 1
| #define HAVE_SYS_SOCKET_H 1
| #define HAVE_SYS_STAT_H 1
| #define HAVE_SYS_STATFS_H 1
| #define HAVE_SYS_STATVFS_H 1
| #define HAVE_SYS_VFS_H 1
| #define HAVE_SYS_UIO_H 1
| #define HAVE_SYS_WAIT_H 1
| #define HAVE_TERMIOS_H 1
| #define HAVE_UNISTD_H 1
| #define HAVE_UTIME_H 1
| #define HAVE_SYS_UTSNAME_H 1
| #define HAVE_SYS_IPC_H 1
| #define HAVE_DLFCN_H 1
| #define HAVE_TMMINTRIN_H 1
| #define HAVE_NMMINTRIN_H 1
| #define HAVE_IMMINTRIN_H 1
| #define HAVE_FOPENCOOKIE 1
| #define COOKIE_IO_FUNCTIONS_T cookie_io_functions_t
| #define COOKIE_SEEKER_USES_OFF64_T 1
| #define HAVE_STRUCT_TM_TM_ZONE 1
| #define HAVE_TM_ZONE 1
| #define MISSING_FCLOSE_DECL 0
| #define HAVE_STRUCT_FLOCK 1
| #define HAVE_SOCKLEN_T 1
| #define SIZEOF_INTMAX_T 8
| #define HAVE_INTMAX_T 1
| #define SIZEOF_SSIZE_T 8
| #define HAVE_SSIZE_T 1
| #define SIZEOF_PTRDIFF_T 8
| #define HAVE_PTRDIFF_T 1
| #define SIZEOF_SHORT 2
| #define SIZEOF_INT 4
| #define SIZEOF_LONG 8
| #define SIZEOF_LONG_LONG 8
| #define SIZEOF_SIZE_T 8
| #define HAVE_INT8_T 1
| #define HAVE_INT16_T 1
| #define HAVE_INT32_T 1
| #define HAVE_INT64_T 1
| #define HAVE_UINT8_T 1
| #define HAVE_UINT16_T 1
| #define HAVE_UINT32_T 1
| #define HAVE_UINT64_T 1
| #define HAVE_U_INT8_T 1
| #define HAVE_U_INT16_T 1
| #define HAVE_U_INT32_T 1
| /* end confdefs.h.  */
| 
| #if HAVE_STDINT_H
| # include <stdint.h>
| #endif
| #if HAVE_SYS_TYPES_H
| # include <sys/types.h>
| #endif
| 
| 
| int
| main ()
| {
| if (sizeof ((u_int64_t)))
| 	    return 0;
|   ;
|   return 0;
| }
configure:13284: result: yes
configure:13305: checking for __builtin_expect
configure:13321: cc -o conftest -g -O2 -fvisibility=hidden   conftest.c -lm -ldl  >&5
configure:13321: $? = 0
configure:13324: result: yes
configure:13344: checking for __builtin_clz
configure:13360: cc -o conftest -g -O2 -fvisibility=hidden   conftest.c -lm -ldl  >&5
configure:13360: $? = 0
configure:13363: result: yes
configure:13383: checking for __builtin_ctzl
configure:13399: cc -o conftest -g -O2 -fvisibility=hidden   conftest.c -lm -ldl  >&5
configure:13399: $? = 0
configure:13402: result: yes
configure:13422: checking for __builtin_ctzll
configure:13438: cc -o conftest -g -O2 -fvisibility=hidden   conftest.c -lm -ldl  >&5
configure:13438: $? = 0
configure:13441: result: yes
configure:13461: checking for __builtin_smull_overflow
configure:13478: cc -o conftest -g -O2 -fvisibility=hidden   conftest.c -lm -ldl  >&5
configure:13478: $? = 0
configure:13481: result: yes
configure:13501: checking for __builtin_smulll_overflow
configure:13518: cc -o conftest -g -O2 -fvisibility=hidden   conftest.c -lm -ldl  >&5
configure:13518: $? = 0
configure:13521: result: yes
configure:13541: checking for __builtin_saddl_overflow
configure:13558: cc -o conftest -g -O2 -fvisibility=hidden   conftest.c -lm -ldl  >&5
configure:13558: $? = 0
configure:13561: result: yes
configure:13581: checking for __builtin_saddll_overflow
configure:13598: cc -o conftest -g -O2 -fvisibility=hidden   conftest.c -lm -ldl  >&5
configure:13598: $? = 0
configure:13601: result: yes
configure:13621: checking for __builtin_ssubl_overflow
configure:13638: cc -o conftest -g -O2 -fvisibility=hidden   conftest.c -lm -ldl  >&5
configure:13638: $? = 0
configure:13641: result: yes
configure:13661: checking for __builtin_ssubll_overflow
configure:13678: cc -o conftest -g -O2 -fvisibility=hidden   conftest.c -lm -ldl  >&5
configure:13678: $? = 0
configure:13681: result: yes
configure:13701: checking for __builtin_cpu_init
configure:13717: cc -o conftest -g -O2 -fvisibility=hidden   conftest.c -lm -ldl  >&5
configure:13717: $? = 0
configure:13720: result: yes
configure:13740: checking for __builtin_cpu_supports
configure:13756: cc -o conftest -g -O2 -fvisibility=hidden   conftest.c -lm -ldl  >&5
configure:13756: $? = 0
configure:13759: result: yes
configure:13784: checking for ssse3 instructions supports
configure:13798: cc -o conftest -g -O2 -fvisibility=hidden   conftest.c -lm -ldl  >&5
configure:13798: $? = 0
configure:13798: ./conftest
configure:13798: $? = 0
configure:13801: result: yes
configure:13826: checking for sse4.2 instructions supports
configure:13840: cc -o conftest -g -O2 -fvisibility=hidden   conftest.c -lm -ldl  >&5
configure:13840: $? = 0
configure:13840: ./conftest
configure:13840: $? = 0
configure:13843: result: yes
configure:13868: checking for avx instructions supports
configure:13882: cc -o conftest -g -O2 -fvisibility=hidden   conftest.c -lm -ldl  >&5
configure:13882: $? = 0
configure:13882: ./conftest
configure:13882: $? = 0
configure:13885: result: yes
configure:13910: checking for avx2 instructions supports
configure:13924: cc -o conftest -g -O2 -fvisibility=hidden   conftest.c -lm -ldl  >&5
configure:13924: $? = 0
configure:13924: ./conftest
configure:13924: $? = 1
configure: program exited with status 1
configure: failed program was:
| /* confdefs.h */
| #define PACKAGE_NAME "PHP"
| #define PACKAGE_TARNAME "php"
| #define PACKAGE_VERSION "7.4.0"
| #define PACKAGE_STRING "PHP 7.4.0"
| #define PACKAGE_BUGREPORT "https://bugs.php.net"
| #define PACKAGE_URL "https://www.php.net"
| #define STDC_HEADERS 1
| #define HAVE_SYS_TYPES_H 1
| #define HAVE_SYS_STAT_H 1
| #define HAVE_STDLIB_H 1
| #define HAVE_STRING_H 1
| #define HAVE_MEMORY_H 1
| #define HAVE_STRINGS_H 1
| #define HAVE_INTTYPES_H 1
| #define HAVE_STDINT_H 1
| #define HAVE_UNISTD_H 1
| #define __EXTENSIONS__ 1
| #define _ALL_SOURCE 1
| #define _GNU_SOURCE 1
| #define _POSIX_PTHREAD_SEMANTICS 1
| #define _TANDEM_SOURCE 1
| #define HAVE_DEV_URANDOM 1
| #define HAVE_GCC_GLOBAL_REGS 1
| #define HAVE_HUGE_VAL_INF 1
| #define HAVE_CPUID_COUNT 1
| #define GWINSZ_IN_SYS_IOCTL 1
| #define HAVE_PHPDBG 1
| #define PHPDBG_DEBUG 0
| #define PHP_WRITE_STDOUT 1
| #define HAVE_SOCKET 1
| #define HAVE_SOCKETPAIR 1
| #define HAVE_HTONL 1
| #define HAVE_GETHOSTNAME 1
| #define HAVE_GETHOSTBYADDR 1
| #define HAVE_DLOPEN 1
| #define HAVE_LIBDL 1
| #define HAVE_DLSYM 1
| #define HAVE_LIBDL 1
| #define HAVE_LIBM 1
| #define HAVE_INET_ATON 1
| #define HAVE_INTTYPES_H 1
| #define HAVE_STDINT_H 1
| #define HAVE_DIRENT_H 1
| #define HAVE_SYS_PARAM_H 1
| #define HAVE_SYS_TYPES_H 1
| #define HAVE_SYS_TIME_H 1
| #define HAVE_NETINET_IN_H 1
| #define HAVE_ALLOCA_H 1
| #define HAVE_ARPA_INET_H 1
| #define HAVE_ARPA_NAMESER_H 1
| #define HAVE_CRYPT_H 1
| #define HAVE_FCNTL_H 1
| #define HAVE_GRP_H 1
| #define HAVE_LANGINFO_H 1
| #define HAVE_LOCALE_H 1
| #define HAVE_MALLOC_H 1
| #define HAVE_MONETARY_H 1
| #define HAVE_NETDB_H 1
| #define HAVE_POLL_H 1
| #define HAVE_PWD_H 1
| #define HAVE_RESOLV_H 1
| #define HAVE_STRINGS_H 1
| #define HAVE_SYSLOG_H 1
| #define HAVE_SYSEXITS_H 1
| #define HAVE_SYS_IOCTL_H 1
| #define HAVE_SYS_FILE_H 1
| #define HAVE_SYS_MMAN_H 1
| #define HAVE_SYS_MOUNT_H 1
| #define HAVE_SYS_POLL_H 1
| #define HAVE_SYS_RESOURCE_H 1
| #define HAVE_SYS_SELECT_H 1
| #define HAVE_SYS_SOCKET_H 1
| #define HAVE_SYS_STAT_H 1
| #define HAVE_SYS_STATFS_H 1
| #define HAVE_SYS_STATVFS_H 1
| #define HAVE_SYS_VFS_H 1
| #define HAVE_SYS_UIO_H 1
| #define HAVE_SYS_WAIT_H 1
| #define HAVE_TERMIOS_H 1
| #define HAVE_UNISTD_H 1
| #define HAVE_UTIME_H 1
| #define HAVE_SYS_UTSNAME_H 1
| #define HAVE_SYS_IPC_H 1
| #define HAVE_DLFCN_H 1
| #define HAVE_TMMINTRIN_H 1
| #define HAVE_NMMINTRIN_H 1
| #define HAVE_IMMINTRIN_H 1
| #define HAVE_FOPENCOOKIE 1
| #define COOKIE_IO_FUNCTIONS_T cookie_io_functions_t
| #define COOKIE_SEEKER_USES_OFF64_T 1
| #define HAVE_STRUCT_TM_TM_ZONE 1
| #define HAVE_TM_ZONE 1
| #define MISSING_FCLOSE_DECL 0
| #define HAVE_STRUCT_FLOCK 1
| #define HAVE_SOCKLEN_T 1
| #define SIZEOF_INTMAX_T 8
| #define HAVE_INTMAX_T 1
| #define SIZEOF_SSIZE_T 8
| #define HAVE_SSIZE_T 1
| #define SIZEOF_PTRDIFF_T 8
| #define HAVE_PTRDIFF_T 1
| #define SIZEOF_SHORT 2
| #define SIZEOF_INT 4
| #define SIZEOF_LONG 8
| #define SIZEOF_LONG_LONG 8
| #define SIZEOF_SIZE_T 8
| #define HAVE_INT8_T 1
| #define HAVE_INT16_T 1
| #define HAVE_INT32_T 1
| #define HAVE_INT64_T 1
| #define HAVE_UINT8_T 1
| #define HAVE_UINT16_T 1
| #define HAVE_UINT32_T 1
| #define HAVE_UINT64_T 1
| #define HAVE_U_INT8_T 1
| #define HAVE_U_INT16_T 1
| #define HAVE_U_INT32_T 1
| #define HAVE_U_INT64_T 1
| #define PHP_HAVE_BUILTIN_EXPECT 1
| #define PHP_HAVE_BUILTIN_CLZ 1
| #define PHP_HAVE_BUILTIN_CTZL 1
| #define PHP_HAVE_BUILTIN_CTZLL 1
| #define PHP_HAVE_BUILTIN_SMULL_OVERFLOW 1
| #define PHP_HAVE_BUILTIN_SMULLL_OVERFLOW 1
| #define PHP_HAVE_BUILTIN_SADDL_OVERFLOW 1
| #define PHP_HAVE_BUILTIN_SADDLL_OVERFLOW 1
| #define PHP_HAVE_BUILTIN_SSUBL_OVERFLOW 1
| #define PHP_HAVE_BUILTIN_SSUBLL_OVERFLOW 1
| #define PHP_HAVE_BUILTIN_CPU_INIT 1
| #define PHP_HAVE_BUILTIN_CPU_SUPPORTS 1
| #define PHP_HAVE_SSSE3_INSTRUCTIONS 1
| #define PHP_HAVE_SSE4_2_INSTRUCTIONS 1
| #define PHP_HAVE_AVX_INSTRUCTIONS 1
| /* end confdefs.h.  */
| 
| int main() {
| 	return __builtin_cpu_supports("avx2")? 0 : 1;
| }
| 
configure:13932: result: no
configure:13948: checking for struct tm.tm_gmtoff
configure:13948: cc -c -g -O2 -fvisibility=hidden  conftest.c >&5
configure:13948: $? = 0
configure:13948: result: yes
configure:13959: checking for struct stat.st_blksize
configure:13959: cc -c -g -O2 -fvisibility=hidden  conftest.c >&5
configure:13959: $? = 0
configure:13959: result: yes
configure:13968: checking for struct stat.st_rdev
configure:13968: cc -c -g -O2 -fvisibility=hidden  conftest.c >&5
configure:13968: $? = 0
configure:13968: result: yes
configure:13979: checking for struct stat.st_blocks
configure:13979: cc -c -g -O2 -fvisibility=hidden  conftest.c >&5
configure:13979: $? = 0
configure:13979: result: yes
configure:14001: checking for size_t
configure:14001: cc -c -g -O2 -fvisibility=hidden  conftest.c >&5
configure:14001: $? = 0
configure:14001: cc -c -g -O2 -fvisibility=hidden  conftest.c >&5
conftest.c: In function 'main':
conftest.c:178:21: error: expected expression before ')' token
  178 | if (sizeof ((size_t)))
      |                     ^
configure:14001: $? = 1
configure: failed program was:
| /* confdefs.h */
| #define PACKAGE_NAME "PHP"
| #define PACKAGE_TARNAME "php"
| #define PACKAGE_VERSION "7.4.0"
| #define PACKAGE_STRING "PHP 7.4.0"
| #define PACKAGE_BUGREPORT "https://bugs.php.net"
| #define PACKAGE_URL "https://www.php.net"
| #define STDC_HEADERS 1
| #define HAVE_SYS_TYPES_H 1
| #define HAVE_SYS_STAT_H 1
| #define HAVE_STDLIB_H 1
| #define HAVE_STRING_H 1
| #define HAVE_MEMORY_H 1
| #define HAVE_STRINGS_H 1
| #define HAVE_INTTYPES_H 1
| #define HAVE_STDINT_H 1
| #define HAVE_UNISTD_H 1
| #define __EXTENSIONS__ 1
| #define _ALL_SOURCE 1
| #define _GNU_SOURCE 1
| #define _POSIX_PTHREAD_SEMANTICS 1
| #define _TANDEM_SOURCE 1
| #define HAVE_DEV_URANDOM 1
| #define HAVE_GCC_GLOBAL_REGS 1
| #define HAVE_HUGE_VAL_INF 1
| #define HAVE_CPUID_COUNT 1
| #define GWINSZ_IN_SYS_IOCTL 1
| #define HAVE_PHPDBG 1
| #define PHPDBG_DEBUG 0
| #define PHP_WRITE_STDOUT 1
| #define HAVE_SOCKET 1
| #define HAVE_SOCKETPAIR 1
| #define HAVE_HTONL 1
| #define HAVE_GETHOSTNAME 1
| #define HAVE_GETHOSTBYADDR 1
| #define HAVE_DLOPEN 1
| #define HAVE_LIBDL 1
| #define HAVE_DLSYM 1
| #define HAVE_LIBDL 1
| #define HAVE_LIBM 1
| #define HAVE_INET_ATON 1
| #define HAVE_INTTYPES_H 1
| #define HAVE_STDINT_H 1
| #define HAVE_DIRENT_H 1
| #define HAVE_SYS_PARAM_H 1
| #define HAVE_SYS_TYPES_H 1
| #define HAVE_SYS_TIME_H 1
| #define HAVE_NETINET_IN_H 1
| #define HAVE_ALLOCA_H 1
| #define HAVE_ARPA_INET_H 1
| #define HAVE_ARPA_NAMESER_H 1
| #define HAVE_CRYPT_H 1
| #define HAVE_FCNTL_H 1
| #define HAVE_GRP_H 1
| #define HAVE_LANGINFO_H 1
| #define HAVE_LOCALE_H 1
| #define HAVE_MALLOC_H 1
| #define HAVE_MONETARY_H 1
| #define HAVE_NETDB_H 1
| #define HAVE_POLL_H 1
| #define HAVE_PWD_H 1
| #define HAVE_RESOLV_H 1
| #define HAVE_STRINGS_H 1
| #define HAVE_SYSLOG_H 1
| #define HAVE_SYSEXITS_H 1
| #define HAVE_SYS_IOCTL_H 1
| #define HAVE_SYS_FILE_H 1
| #define HAVE_SYS_MMAN_H 1
| #define HAVE_SYS_MOUNT_H 1
| #define HAVE_SYS_POLL_H 1
| #define HAVE_SYS_RESOURCE_H 1
| #define HAVE_SYS_SELECT_H 1
| #define HAVE_SYS_SOCKET_H 1
| #define HAVE_SYS_STAT_H 1
| #define HAVE_SYS_STATFS_H 1
| #define HAVE_SYS_STATVFS_H 1
| #define HAVE_SYS_VFS_H 1
| #define HAVE_SYS_UIO_H 1
| #define HAVE_SYS_WAIT_H 1
| #define HAVE_TERMIOS_H 1
| #define HAVE_UNISTD_H 1
| #define HAVE_UTIME_H 1
| #define HAVE_SYS_UTSNAME_H 1
| #define HAVE_SYS_IPC_H 1
| #define HAVE_DLFCN_H 1
| #define HAVE_TMMINTRIN_H 1
| #define HAVE_NMMINTRIN_H 1
| #define HAVE_IMMINTRIN_H 1
| #define HAVE_FOPENCOOKIE 1
| #define COOKIE_IO_FUNCTIONS_T cookie_io_functions_t
| #define COOKIE_SEEKER_USES_OFF64_T 1
| #define HAVE_STRUCT_TM_TM_ZONE 1
| #define HAVE_TM_ZONE 1
| #define MISSING_FCLOSE_DECL 0
| #define HAVE_STRUCT_FLOCK 1
| #define HAVE_SOCKLEN_T 1
| #define SIZEOF_INTMAX_T 8
| #define HAVE_INTMAX_T 1
| #define SIZEOF_SSIZE_T 8
| #define HAVE_SSIZE_T 1
| #define SIZEOF_PTRDIFF_T 8
| #define HAVE_PTRDIFF_T 1
| #define SIZEOF_SHORT 2
| #define SIZEOF_INT 4
| #define SIZEOF_LONG 8
| #define SIZEOF_LONG_LONG 8
| #define SIZEOF_SIZE_T 8
| #define HAVE_INT8_T 1
| #define HAVE_INT16_T 1
| #define HAVE_INT32_T 1
| #define HAVE_INT64_T 1
| #define HAVE_UINT8_T 1
| #define HAVE_UINT16_T 1
| #define HAVE_UINT32_T 1
| #define HAVE_UINT64_T 1
| #define HAVE_U_INT8_T 1
| #define HAVE_U_INT16_T 1
| #define HAVE_U_INT32_T 1
| #define HAVE_U_INT64_T 1
| #define PHP_HAVE_BUILTIN_EXPECT 1
| #define PHP_HAVE_BUILTIN_CLZ 1
| #define PHP_HAVE_BUILTIN_CTZL 1
| #define PHP_HAVE_BUILTIN_CTZLL 1
| #define PHP_HAVE_BUILTIN_SMULL_OVERFLOW 1
| #define PHP_HAVE_BUILTIN_SMULLL_OVERFLOW 1
| #define PHP_HAVE_BUILTIN_SADDL_OVERFLOW 1
| #define PHP_HAVE_BUILTIN_SADDLL_OVERFLOW 1
| #define PHP_HAVE_BUILTIN_SSUBL_OVERFLOW 1
| #define PHP_HAVE_BUILTIN_SSUBLL_OVERFLOW 1
| #define PHP_HAVE_BUILTIN_CPU_INIT 1
| #define PHP_HAVE_BUILTIN_CPU_SUPPORTS 1
| #define PHP_HAVE_SSSE3_INSTRUCTIONS 1
| #define PHP_HAVE_SSE4_2_INSTRUCTIONS 1
| #define PHP_HAVE_AVX_INSTRUCTIONS 1
| #define PHP_HAVE_AVX2_INSTRUCTIONS 0
| #define HAVE_STRUCT_TM_TM_GMTOFF 1
| #define HAVE_STRUCT_STAT_ST_BLKSIZE 1
| #define HAVE_STRUCT_STAT_ST_RDEV 1
| #define HAVE_STRUCT_STAT_ST_BLOCKS 1
| #define HAVE_ST_BLOCKS 1
| /* end confdefs.h.  */
| #include <stdio.h>
| #ifdef HAVE_SYS_TYPES_H
| # include <sys/types.h>
| #endif
| #ifdef HAVE_SYS_STAT_H
| # include <sys/stat.h>
| #endif
| #ifdef STDC_HEADERS
| # include <stdlib.h>
| # include <stddef.h>
| #else
| # ifdef HAVE_STDLIB_H
| #  include <stdlib.h>
| # endif
| #endif
| #ifdef HAVE_STRING_H
| # if !defined STDC_HEADERS && defined HAVE_MEMORY_H
| #  include <memory.h>
| # endif
| # include <string.h>
| #endif
| #ifdef HAVE_STRINGS_H
| # include <strings.h>
| #endif
| #ifdef HAVE_INTTYPES_H
| # include <inttypes.h>
| #endif
| #ifdef HAVE_STDINT_H
| # include <stdint.h>
| #endif
| #ifdef HAVE_UNISTD_H
| # include <unistd.h>
| #endif
| int
| main ()
| {
| if (sizeof ((size_t)))
| 	    return 0;
|   ;
|   return 0;
| }
configure:14001: result: yes
configure:14012: checking for uid_t in sys/types.h
configure:14031: result: yes
configure:14044: checking for struct sockaddr_storage
configure:14061: cc -c -g -O2 -fvisibility=hidden  conftest.c >&5
configure:14061: $? = 0
configure:14069: result: yes
configure:14076: checking for field sa_len in struct sockaddr
configure:14094: cc -c -g -O2 -fvisibility=hidden  conftest.c >&5
conftest.c: In function 'main':
conftest.c:148:44: error: 'struct sockaddr' has no member named 'sa_len'
  148 | static struct sockaddr sa; int n = (int) sa.sa_len; return n;
      |                                            ^
configure:14094: $? = 1
configure: failed program was:
| /* confdefs.h */
| #define PACKAGE_NAME "PHP"
| #define PACKAGE_TARNAME "php"
| #define PACKAGE_VERSION "7.4.0"
| #define PACKAGE_STRING "PHP 7.4.0"
| #define PACKAGE_BUGREPORT "https://bugs.php.net"
| #define PACKAGE_URL "https://www.php.net"
| #define STDC_HEADERS 1
| #define HAVE_SYS_TYPES_H 1
| #define HAVE_SYS_STAT_H 1
| #define HAVE_STDLIB_H 1
| #define HAVE_STRING_H 1
| #define HAVE_MEMORY_H 1
| #define HAVE_STRINGS_H 1
| #define HAVE_INTTYPES_H 1
| #define HAVE_STDINT_H 1
| #define HAVE_UNISTD_H 1
| #define __EXTENSIONS__ 1
| #define _ALL_SOURCE 1
| #define _GNU_SOURCE 1
| #define _POSIX_PTHREAD_SEMANTICS 1
| #define _TANDEM_SOURCE 1
| #define HAVE_DEV_URANDOM 1
| #define HAVE_GCC_GLOBAL_REGS 1
| #define HAVE_HUGE_VAL_INF 1
| #define HAVE_CPUID_COUNT 1
| #define GWINSZ_IN_SYS_IOCTL 1
| #define HAVE_PHPDBG 1
| #define PHPDBG_DEBUG 0
| #define PHP_WRITE_STDOUT 1
| #define HAVE_SOCKET 1
| #define HAVE_SOCKETPAIR 1
| #define HAVE_HTONL 1
| #define HAVE_GETHOSTNAME 1
| #define HAVE_GETHOSTBYADDR 1
| #define HAVE_DLOPEN 1
| #define HAVE_LIBDL 1
| #define HAVE_DLSYM 1
| #define HAVE_LIBDL 1
| #define HAVE_LIBM 1
| #define HAVE_INET_ATON 1
| #define HAVE_INTTYPES_H 1
| #define HAVE_STDINT_H 1
| #define HAVE_DIRENT_H 1
| #define HAVE_SYS_PARAM_H 1
| #define HAVE_SYS_TYPES_H 1
| #define HAVE_SYS_TIME_H 1
| #define HAVE_NETINET_IN_H 1
| #define HAVE_ALLOCA_H 1
| #define HAVE_ARPA_INET_H 1
| #define HAVE_ARPA_NAMESER_H 1
| #define HAVE_CRYPT_H 1
| #define HAVE_FCNTL_H 1
| #define HAVE_GRP_H 1
| #define HAVE_LANGINFO_H 1
| #define HAVE_LOCALE_H 1
| #define HAVE_MALLOC_H 1
| #define HAVE_MONETARY_H 1
| #define HAVE_NETDB_H 1
| #define HAVE_POLL_H 1
| #define HAVE_PWD_H 1
| #define HAVE_RESOLV_H 1
| #define HAVE_STRINGS_H 1
| #define HAVE_SYSLOG_H 1
| #define HAVE_SYSEXITS_H 1
| #define HAVE_SYS_IOCTL_H 1
| #define HAVE_SYS_FILE_H 1
| #define HAVE_SYS_MMAN_H 1
| #define HAVE_SYS_MOUNT_H 1
| #define HAVE_SYS_POLL_H 1
| #define HAVE_SYS_RESOURCE_H 1
| #define HAVE_SYS_SELECT_H 1
| #define HAVE_SYS_SOCKET_H 1
| #define HAVE_SYS_STAT_H 1
| #define HAVE_SYS_STATFS_H 1
| #define HAVE_SYS_STATVFS_H 1
| #define HAVE_SYS_VFS_H 1
| #define HAVE_SYS_UIO_H 1
| #define HAVE_SYS_WAIT_H 1
| #define HAVE_TERMIOS_H 1
| #define HAVE_UNISTD_H 1
| #define HAVE_UTIME_H 1
| #define HAVE_SYS_UTSNAME_H 1
| #define HAVE_SYS_IPC_H 1
| #define HAVE_DLFCN_H 1
| #define HAVE_TMMINTRIN_H 1
| #define HAVE_NMMINTRIN_H 1
| #define HAVE_IMMINTRIN_H 1
| #define HAVE_FOPENCOOKIE 1
| #define COOKIE_IO_FUNCTIONS_T cookie_io_functions_t
| #define COOKIE_SEEKER_USES_OFF64_T 1
| #define HAVE_STRUCT_TM_TM_ZONE 1
| #define HAVE_TM_ZONE 1
| #define MISSING_FCLOSE_DECL 0
| #define HAVE_STRUCT_FLOCK 1
| #define HAVE_SOCKLEN_T 1
| #define SIZEOF_INTMAX_T 8
| #define HAVE_INTMAX_T 1
| #define SIZEOF_SSIZE_T 8
| #define HAVE_SSIZE_T 1
| #define SIZEOF_PTRDIFF_T 8
| #define HAVE_PTRDIFF_T 1
| #define SIZEOF_SHORT 2
| #define SIZEOF_INT 4
| #define SIZEOF_LONG 8
| #define SIZEOF_LONG_LONG 8
| #define SIZEOF_SIZE_T 8
| #define HAVE_INT8_T 1
| #define HAVE_INT16_T 1
| #define HAVE_INT32_T 1
| #define HAVE_INT64_T 1
| #define HAVE_UINT8_T 1
| #define HAVE_UINT16_T 1
| #define HAVE_UINT32_T 1
| #define HAVE_UINT64_T 1
| #define HAVE_U_INT8_T 1
| #define HAVE_U_INT16_T 1
| #define HAVE_U_INT32_T 1
| #define HAVE_U_INT64_T 1
| #define PHP_HAVE_BUILTIN_EXPECT 1
| #define PHP_HAVE_BUILTIN_CLZ 1
| #define PHP_HAVE_BUILTIN_CTZL 1
| #define PHP_HAVE_BUILTIN_CTZLL 1
| #define PHP_HAVE_BUILTIN_SMULL_OVERFLOW 1
| #define PHP_HAVE_BUILTIN_SMULLL_OVERFLOW 1
| #define PHP_HAVE_BUILTIN_SADDL_OVERFLOW 1
| #define PHP_HAVE_BUILTIN_SADDLL_OVERFLOW 1
| #define PHP_HAVE_BUILTIN_SSUBL_OVERFLOW 1
| #define PHP_HAVE_BUILTIN_SSUBLL_OVERFLOW 1
| #define PHP_HAVE_BUILTIN_CPU_INIT 1
| #define PHP_HAVE_BUILTIN_CPU_SUPPORTS 1
| #define PHP_HAVE_SSSE3_INSTRUCTIONS 1
| #define PHP_HAVE_SSE4_2_INSTRUCTIONS 1
| #define PHP_HAVE_AVX_INSTRUCTIONS 1
| #define PHP_HAVE_AVX2_INSTRUCTIONS 0
| #define HAVE_STRUCT_TM_TM_GMTOFF 1
| #define HAVE_STRUCT_STAT_ST_BLKSIZE 1
| #define HAVE_STRUCT_STAT_ST_RDEV 1
| #define HAVE_STRUCT_STAT_ST_BLOCKS 1
| #define HAVE_ST_BLOCKS 1
| #define HAVE_SOCKADDR_STORAGE 1
| /* end confdefs.h.  */
| #include <sys/types.h>
| #include <sys/socket.h>
| int
| main ()
| {
| static struct sockaddr sa; int n = (int) sa.sa_len; return n;
|   ;
|   return 0;
| }
configure:14102: result: no
configure:14119: checking for __attribute__((ifunc))
configure:14142: cc -o conftest -g -O2 -fvisibility=hidden   conftest.c -lm -ldl  >&5
configure:14142: $? = 0
configure:14155: result: yes
configure:14171: checking for __attribute__((target))
configure:14192: cc -o conftest -g -O2 -fvisibility=hidden   conftest.c -lm -ldl  >&5
configure:14192: $? = 0
configure:14205: result: yes
configure:14221: checking for IPv6 support
configure:14239: cc -o conftest -g -O2 -fvisibility=hidden   conftest.c -lm -ldl  >&5
configure:14239: $? = 0
configure:14247: result: yes
configure:14320: checking for alphasort
configure:14320: cc -o conftest -g -O2 -fvisibility=hidden   conftest.c -lm -ldl  >&5
configure:14320: $? = 0
configure:14320: result: yes
configure:14320: checking for asctime_r
configure:14320: cc -o conftest -g -O2 -fvisibility=hidden   conftest.c -lm -ldl  >&5
configure:14320: $? = 0
configure:14320: result: yes
configure:14320: checking for chroot
configure:14320: cc -o conftest -g -O2 -fvisibility=hidden   conftest.c -lm -ldl  >&5
configure:14320: $? = 0
configure:14320: result: yes
configure:14320: checking for ctime_r
configure:14320: cc -o conftest -g -O2 -fvisibility=hidden   conftest.c -lm -ldl  >&5
configure:14320: $? = 0
configure:14320: result: yes
configure:14320: checking for crypt
configure:14320: cc -o conftest -g -O2 -fvisibility=hidden   conftest.c -lm -ldl  >&5
/usr/bin/ld: /tmp/ccmcpvsP.o: in function `main':
/app/conftest.c:183: undefined reference to `crypt'
collect2: error: ld returned 1 exit status
configure:14320: $? = 1
configure: failed program was:
| /* confdefs.h */
| #define PACKAGE_NAME "PHP"
| #define PACKAGE_TARNAME "php"
| #define PACKAGE_VERSION "7.4.0"
| #define PACKAGE_STRING "PHP 7.4.0"
| #define PACKAGE_BUGREPORT "https://bugs.php.net"
| #define PACKAGE_URL "https://www.php.net"
| #define STDC_HEADERS 1
| #define HAVE_SYS_TYPES_H 1
| #define HAVE_SYS_STAT_H 1
| #define HAVE_STDLIB_H 1
| #define HAVE_STRING_H 1
| #define HAVE_MEMORY_H 1
| #define HAVE_STRINGS_H 1
| #define HAVE_INTTYPES_H 1
| #define HAVE_STDINT_H 1
| #define HAVE_UNISTD_H 1
| #define __EXTENSIONS__ 1
| #define _ALL_SOURCE 1
| #define _GNU_SOURCE 1
| #define _POSIX_PTHREAD_SEMANTICS 1
| #define _TANDEM_SOURCE 1
| #define HAVE_DEV_URANDOM 1
| #define HAVE_GCC_GLOBAL_REGS 1
| #define HAVE_HUGE_VAL_INF 1
| #define HAVE_CPUID_COUNT 1
| #define GWINSZ_IN_SYS_IOCTL 1
| #define HAVE_PHPDBG 1
| #define PHPDBG_DEBUG 0
| #define PHP_WRITE_STDOUT 1
| #define HAVE_SOCKET 1
| #define HAVE_SOCKETPAIR 1
| #define HAVE_HTONL 1
| #define HAVE_GETHOSTNAME 1
| #define HAVE_GETHOSTBYADDR 1
| #define HAVE_DLOPEN 1
| #define HAVE_LIBDL 1
| #define HAVE_DLSYM 1
| #define HAVE_LIBDL 1
| #define HAVE_LIBM 1
| #define HAVE_INET_ATON 1
| #define HAVE_INTTYPES_H 1
| #define HAVE_STDINT_H 1
| #define HAVE_DIRENT_H 1
| #define HAVE_SYS_PARAM_H 1
| #define HAVE_SYS_TYPES_H 1
| #define HAVE_SYS_TIME_H 1
| #define HAVE_NETINET_IN_H 1
| #define HAVE_ALLOCA_H 1
| #define HAVE_ARPA_INET_H 1
| #define HAVE_ARPA_NAMESER_H 1
| #define HAVE_CRYPT_H 1
| #define HAVE_FCNTL_H 1
| #define HAVE_GRP_H 1
| #define HAVE_LANGINFO_H 1
| #define HAVE_LOCALE_H 1
| #define HAVE_MALLOC_H 1
| #define HAVE_MONETARY_H 1
| #define HAVE_NETDB_H 1
| #define HAVE_POLL_H 1
| #define HAVE_PWD_H 1
| #define HAVE_RESOLV_H 1
| #define HAVE_STRINGS_H 1
| #define HAVE_SYSLOG_H 1
| #define HAVE_SYSEXITS_H 1
| #define HAVE_SYS_IOCTL_H 1
| #define HAVE_SYS_FILE_H 1
| #define HAVE_SYS_MMAN_H 1
| #define HAVE_SYS_MOUNT_H 1
| #define HAVE_SYS_POLL_H 1
| #define HAVE_SYS_RESOURCE_H 1
| #define HAVE_SYS_SELECT_H 1
| #define HAVE_SYS_SOCKET_H 1
| #define HAVE_SYS_STAT_H 1
| #define HAVE_SYS_STATFS_H 1
| #define HAVE_SYS_STATVFS_H 1
| #define HAVE_SYS_VFS_H 1
| #define HAVE_SYS_UIO_H 1
| #define HAVE_SYS_WAIT_H 1
| #define HAVE_TERMIOS_H 1
| #define HAVE_UNISTD_H 1
| #define HAVE_UTIME_H 1
| #define HAVE_SYS_UTSNAME_H 1
| #define HAVE_SYS_IPC_H 1
| #define HAVE_DLFCN_H 1
| #define HAVE_TMMINTRIN_H 1
| #define HAVE_NMMINTRIN_H 1
| #define HAVE_IMMINTRIN_H 1
| #define HAVE_FOPENCOOKIE 1
| #define COOKIE_IO_FUNCTIONS_T cookie_io_functions_t
| #define COOKIE_SEEKER_USES_OFF64_T 1
| #define HAVE_STRUCT_TM_TM_ZONE 1
| #define HAVE_TM_ZONE 1
| #define MISSING_FCLOSE_DECL 0
| #define HAVE_STRUCT_FLOCK 1
| #define HAVE_SOCKLEN_T 1
| #define SIZEOF_INTMAX_T 8
| #define HAVE_INTMAX_T 1
| #define SIZEOF_SSIZE_T 8
| #define HAVE_SSIZE_T 1
| #define SIZEOF_PTRDIFF_T 8
| #define HAVE_PTRDIFF_T 1
| #define SIZEOF_SHORT 2
| #define SIZEOF_INT 4
| #define SIZEOF_LONG 8
| #define SIZEOF_LONG_LONG 8
| #define SIZEOF_SIZE_T 8
| #define HAVE_INT8_T 1
| #define HAVE_INT16_T 1
| #define HAVE_INT32_T 1
| #define HAVE_INT64_T 1
| #define HAVE_UINT8_T 1
| #define HAVE_UINT16_T 1
| #define HAVE_UINT32_T 1
| #define HAVE_UINT64_T 1
| #define HAVE_U_INT8_T 1
| #define HAVE_U_INT16_T 1
| #define HAVE_U_INT32_T 1
| #define HAVE_U_INT64_T 1
| #define PHP_HAVE_BUILTIN_EXPECT 1
| #define PHP_HAVE_BUILTIN_CLZ 1
| #define PHP_HAVE_BUILTIN_CTZL 1
| #define PHP_HAVE_BUILTIN_CTZLL 1
| #define PHP_HAVE_BUILTIN_SMULL_OVERFLOW 1
| #define PHP_HAVE_BUILTIN_SMULLL_OVERFLOW 1
| #define PHP_HAVE_BUILTIN_SADDL_OVERFLOW 1
| #define PHP_HAVE_BUILTIN_SADDLL_OVERFLOW 1
| #define PHP_HAVE_BUILTIN_SSUBL_OVERFLOW 1
| #define PHP_HAVE_BUILTIN_SSUBLL_OVERFLOW 1
| #define PHP_HAVE_BUILTIN_CPU_INIT 1
| #define PHP_HAVE_BUILTIN_CPU_SUPPORTS 1
| #define PHP_HAVE_SSSE3_INSTRUCTIONS 1
| #define PHP_HAVE_SSE4_2_INSTRUCTIONS 1
| #define PHP_HAVE_AVX_INSTRUCTIONS 1
| #define PHP_HAVE_AVX2_INSTRUCTIONS 0
| #define HAVE_STRUCT_TM_TM_GMTOFF 1
| #define HAVE_STRUCT_STAT_ST_BLKSIZE 1
| #define HAVE_STRUCT_STAT_ST_RDEV 1
| #define HAVE_STRUCT_STAT_ST_BLOCKS 1
| #define HAVE_ST_BLOCKS 1
| #define HAVE_SOCKADDR_STORAGE 1
| #define HAVE_FUNC_ATTRIBUTE_IFUNC 1
| #define HAVE_FUNC_ATTRIBUTE_TARGET 1
| #define HAVE_ALPHASORT 1
| #define HAVE_ASCTIME_R 1
| #define HAVE_CHROOT 1
| #define HAVE_CTIME_R 1
| /* end confdefs.h.  */
| /* Define crypt to an innocuous variant, in case <limits.h> declares crypt.
|    For example, HP-UX 11i <limits.h> declares gettimeofday.  */
| #define crypt innocuous_crypt
| 
| /* System header to define __stub macros and hopefully few prototypes,
|     which can conflict with char crypt (); below.
|     Prefer <limits.h> to <assert.h> if __STDC__ is defined, since
|     <limits.h> exists even on freestanding compilers.  */
| 
| #ifdef __STDC__
| # include <limits.h>
| #else
| # include <assert.h>
| #endif
| 
| #undef crypt
| 
| /* Override any GCC internal prototype to avoid an error.
|    Use char because int might match the return type of a GCC
|    builtin and then its argument prototype would still apply.  */
| #ifdef __cplusplus
| extern "C"
| #endif
| char crypt ();
| /* The GNU C library defines this for functions which it implements
|     to always fail with ENOSYS.  Some functions are actually named
|     something starting with __ and the normal name is an alias.  */
| #if defined __stub_crypt || defined __stub___crypt
| choke me
| #endif
| 
| int
| main ()
| {
| return crypt ();
|   ;
|   return 0;
| }
configure:14320: result: no
configure:14320: checking for explicit_memset
configure:14320: cc -o conftest -g -O2 -fvisibility=hidden   conftest.c -lm -ldl  >&5
/usr/bin/ld: /tmp/cc3Tm6qa.o: in function `main':
/app/conftest.c:183: undefined reference to `explicit_memset'
collect2: error: ld returned 1 exit status
configure:14320: $? = 1
configure: failed program was:
| /* confdefs.h */
| #define PACKAGE_NAME "PHP"
| #define PACKAGE_TARNAME "php"
| #define PACKAGE_VERSION "7.4.0"
| #define PACKAGE_STRING "PHP 7.4.0"
| #define PACKAGE_BUGREPORT "https://bugs.php.net"
| #define PACKAGE_URL "https://www.php.net"
| #define STDC_HEADERS 1
| #define HAVE_SYS_TYPES_H 1
| #define HAVE_SYS_STAT_H 1
| #define HAVE_STDLIB_H 1
| #define HAVE_STRING_H 1
| #define HAVE_MEMORY_H 1
| #define HAVE_STRINGS_H 1
| #define HAVE_INTTYPES_H 1
| #define HAVE_STDINT_H 1
| #define HAVE_UNISTD_H 1
| #define __EXTENSIONS__ 1
| #define _ALL_SOURCE 1
| #define _GNU_SOURCE 1
| #define _POSIX_PTHREAD_SEMANTICS 1
| #define _TANDEM_SOURCE 1
| #define HAVE_DEV_URANDOM 1
| #define HAVE_GCC_GLOBAL_REGS 1
| #define HAVE_HUGE_VAL_INF 1
| #define HAVE_CPUID_COUNT 1
| #define GWINSZ_IN_SYS_IOCTL 1
| #define HAVE_PHPDBG 1
| #define PHPDBG_DEBUG 0
| #define PHP_WRITE_STDOUT 1
| #define HAVE_SOCKET 1
| #define HAVE_SOCKETPAIR 1
| #define HAVE_HTONL 1
| #define HAVE_GETHOSTNAME 1
| #define HAVE_GETHOSTBYADDR 1
| #define HAVE_DLOPEN 1
| #define HAVE_LIBDL 1
| #define HAVE_DLSYM 1
| #define HAVE_LIBDL 1
| #define HAVE_LIBM 1
| #define HAVE_INET_ATON 1
| #define HAVE_INTTYPES_H 1
| #define HAVE_STDINT_H 1
| #define HAVE_DIRENT_H 1
| #define HAVE_SYS_PARAM_H 1
| #define HAVE_SYS_TYPES_H 1
| #define HAVE_SYS_TIME_H 1
| #define HAVE_NETINET_IN_H 1
| #define HAVE_ALLOCA_H 1
| #define HAVE_ARPA_INET_H 1
| #define HAVE_ARPA_NAMESER_H 1
| #define HAVE_CRYPT_H 1
| #define HAVE_FCNTL_H 1
| #define HAVE_GRP_H 1
| #define HAVE_LANGINFO_H 1
| #define HAVE_LOCALE_H 1
| #define HAVE_MALLOC_H 1
| #define HAVE_MONETARY_H 1
| #define HAVE_NETDB_H 1
| #define HAVE_POLL_H 1
| #define HAVE_PWD_H 1
| #define HAVE_RESOLV_H 1
| #define HAVE_STRINGS_H 1
| #define HAVE_SYSLOG_H 1
| #define HAVE_SYSEXITS_H 1
| #define HAVE_SYS_IOCTL_H 1
| #define HAVE_SYS_FILE_H 1
| #define HAVE_SYS_MMAN_H 1
| #define HAVE_SYS_MOUNT_H 1
| #define HAVE_SYS_POLL_H 1
| #define HAVE_SYS_RESOURCE_H 1
| #define HAVE_SYS_SELECT_H 1
| #define HAVE_SYS_SOCKET_H 1
| #define HAVE_SYS_STAT_H 1
| #define HAVE_SYS_STATFS_H 1
| #define HAVE_SYS_STATVFS_H 1
| #define HAVE_SYS_VFS_H 1
| #define HAVE_SYS_UIO_H 1
| #define HAVE_SYS_WAIT_H 1
| #define HAVE_TERMIOS_H 1
| #define HAVE_UNISTD_H 1
| #define HAVE_UTIME_H 1
| #define HAVE_SYS_UTSNAME_H 1
| #define HAVE_SYS_IPC_H 1
| #define HAVE_DLFCN_H 1
| #define HAVE_TMMINTRIN_H 1
| #define HAVE_NMMINTRIN_H 1
| #define HAVE_IMMINTRIN_H 1
| #define HAVE_FOPENCOOKIE 1
| #define COOKIE_IO_FUNCTIONS_T cookie_io_functions_t
| #define COOKIE_SEEKER_USES_OFF64_T 1
| #define HAVE_STRUCT_TM_TM_ZONE 1
| #define HAVE_TM_ZONE 1
| #define MISSING_FCLOSE_DECL 0
| #define HAVE_STRUCT_FLOCK 1
| #define HAVE_SOCKLEN_T 1
| #define SIZEOF_INTMAX_T 8
| #define HAVE_INTMAX_T 1
| #define SIZEOF_SSIZE_T 8
| #define HAVE_SSIZE_T 1
| #define SIZEOF_PTRDIFF_T 8
| #define HAVE_PTRDIFF_T 1
| #define SIZEOF_SHORT 2
| #define SIZEOF_INT 4
| #define SIZEOF_LONG 8
| #define SIZEOF_LONG_LONG 8
| #define SIZEOF_SIZE_T 8
| #define HAVE_INT8_T 1
| #define HAVE_INT16_T 1
| #define HAVE_INT32_T 1
| #define HAVE_INT64_T 1
| #define HAVE_UINT8_T 1
| #define HAVE_UINT16_T 1
| #define HAVE_UINT32_T 1
| #define HAVE_UINT64_T 1
| #define HAVE_U_INT8_T 1
| #define HAVE_U_INT16_T 1
| #define HAVE_U_INT32_T 1
| #define HAVE_U_INT64_T 1
| #define PHP_HAVE_BUILTIN_EXPECT 1
| #define PHP_HAVE_BUILTIN_CLZ 1
| #define PHP_HAVE_BUILTIN_CTZL 1
| #define PHP_HAVE_BUILTIN_CTZLL 1
| #define PHP_HAVE_BUILTIN_SMULL_OVERFLOW 1
| #define PHP_HAVE_BUILTIN_SMULLL_OVERFLOW 1
| #define PHP_HAVE_BUILTIN_SADDL_OVERFLOW 1
| #define PHP_HAVE_BUILTIN_SADDLL_OVERFLOW 1
| #define PHP_HAVE_BUILTIN_SSUBL_OVERFLOW 1
| #define PHP_HAVE_BUILTIN_SSUBLL_OVERFLOW 1
| #define PHP_HAVE_BUILTIN_CPU_INIT 1
| #define PHP_HAVE_BUILTIN_CPU_SUPPORTS 1
| #define PHP_HAVE_SSSE3_INSTRUCTIONS 1
| #define PHP_HAVE_SSE4_2_INSTRUCTIONS 1
| #define PHP_HAVE_AVX_INSTRUCTIONS 1
| #define PHP_HAVE_AVX2_INSTRUCTIONS 0
| #define HAVE_STRUCT_TM_TM_GMTOFF 1
| #define HAVE_STRUCT_STAT_ST_BLKSIZE 1
| #define HAVE_STRUCT_STAT_ST_RDEV 1
| #define HAVE_STRUCT_STAT_ST_BLOCKS 1
| #define HAVE_ST_BLOCKS 1
| #define HAVE_SOCKADDR_STORAGE 1
| #define HAVE_FUNC_ATTRIBUTE_IFUNC 1
| #define HAVE_FUNC_ATTRIBUTE_TARGET 1
| #define HAVE_ALPHASORT 1
| #define HAVE_ASCTIME_R 1
| #define HAVE_CHROOT 1
| #define HAVE_CTIME_R 1
| /* end confdefs.h.  */
| /* Define explicit_memset to an innocuous variant, in case <limits.h> declares explicit_memset.
|    For example, HP-UX 11i <limits.h> declares gettimeofday.  */
| #define explicit_memset innocuous_explicit_memset
| 
| /* System header to define __stub macros and hopefully few prototypes,
|     which can conflict with char explicit_memset (); below.
|     Prefer <limits.h> to <assert.h> if __STDC__ is defined, since
|     <limits.h> exists even on freestanding compilers.  */
| 
| #ifdef __STDC__
| # include <limits.h>
| #else
| # include <assert.h>
| #endif
| 
| #undef explicit_memset
| 
| /* Override any GCC internal prototype to avoid an error.
|    Use char because int might match the return type of a GCC
|    builtin and then its argument prototype would still apply.  */
| #ifdef __cplusplus
| extern "C"
| #endif
| char explicit_memset ();
| /* The GNU C library defines this for functions which it implements
|     to always fail with ENOSYS.  Some functions are actually named
|     something starting with __ and the normal name is an alias.  */
| #if defined __stub_explicit_memset || defined __stub___explicit_memset
| choke me
| #endif
| 
| int
| main ()
| {
| return explicit_memset ();
|   ;
|   return 0;
| }
configure:14320: result: no
configure:14320: checking for flock
configure:14320: cc -o conftest -g -O2 -fvisibility=hidden   conftest.c -lm -ldl  >&5
configure:14320: $? = 0
configure:14320: result: yes
configure:14320: checking for fpclass
configure:14320: cc -o conftest -g -O2 -fvisibility=hidden   conftest.c -lm -ldl  >&5
/usr/bin/ld: /tmp/cch9LTzY.o: in function `main':
/app/conftest.c:184: undefined reference to `fpclass'
collect2: error: ld returned 1 exit status
configure:14320: $? = 1
configure: failed program was:
| /* confdefs.h */
| #define PACKAGE_NAME "PHP"
| #define PACKAGE_TARNAME "php"
| #define PACKAGE_VERSION "7.4.0"
| #define PACKAGE_STRING "PHP 7.4.0"
| #define PACKAGE_BUGREPORT "https://bugs.php.net"
| #define PACKAGE_URL "https://www.php.net"
| #define STDC_HEADERS 1
| #define HAVE_SYS_TYPES_H 1
| #define HAVE_SYS_STAT_H 1
| #define HAVE_STDLIB_H 1
| #define HAVE_STRING_H 1
| #define HAVE_MEMORY_H 1
| #define HAVE_STRINGS_H 1
| #define HAVE_INTTYPES_H 1
| #define HAVE_STDINT_H 1
| #define HAVE_UNISTD_H 1
| #define __EXTENSIONS__ 1
| #define _ALL_SOURCE 1
| #define _GNU_SOURCE 1
| #define _POSIX_PTHREAD_SEMANTICS 1
| #define _TANDEM_SOURCE 1
| #define HAVE_DEV_URANDOM 1
| #define HAVE_GCC_GLOBAL_REGS 1
| #define HAVE_HUGE_VAL_INF 1
| #define HAVE_CPUID_COUNT 1
| #define GWINSZ_IN_SYS_IOCTL 1
| #define HAVE_PHPDBG 1
| #define PHPDBG_DEBUG 0
| #define PHP_WRITE_STDOUT 1
| #define HAVE_SOCKET 1
| #define HAVE_SOCKETPAIR 1
| #define HAVE_HTONL 1
| #define HAVE_GETHOSTNAME 1
| #define HAVE_GETHOSTBYADDR 1
| #define HAVE_DLOPEN 1
| #define HAVE_LIBDL 1
| #define HAVE_DLSYM 1
| #define HAVE_LIBDL 1
| #define HAVE_LIBM 1
| #define HAVE_INET_ATON 1
| #define HAVE_INTTYPES_H 1
| #define HAVE_STDINT_H 1
| #define HAVE_DIRENT_H 1
| #define HAVE_SYS_PARAM_H 1
| #define HAVE_SYS_TYPES_H 1
| #define HAVE_SYS_TIME_H 1
| #define HAVE_NETINET_IN_H 1
| #define HAVE_ALLOCA_H 1
| #define HAVE_ARPA_INET_H 1
| #define HAVE_ARPA_NAMESER_H 1
| #define HAVE_CRYPT_H 1
| #define HAVE_FCNTL_H 1
| #define HAVE_GRP_H 1
| #define HAVE_LANGINFO_H 1
| #define HAVE_LOCALE_H 1
| #define HAVE_MALLOC_H 1
| #define HAVE_MONETARY_H 1
| #define HAVE_NETDB_H 1
| #define HAVE_POLL_H 1
| #define HAVE_PWD_H 1
| #define HAVE_RESOLV_H 1
| #define HAVE_STRINGS_H 1
| #define HAVE_SYSLOG_H 1
| #define HAVE_SYSEXITS_H 1
| #define HAVE_SYS_IOCTL_H 1
| #define HAVE_SYS_FILE_H 1
| #define HAVE_SYS_MMAN_H 1
| #define HAVE_SYS_MOUNT_H 1
| #define HAVE_SYS_POLL_H 1
| #define HAVE_SYS_RESOURCE_H 1
| #define HAVE_SYS_SELECT_H 1
| #define HAVE_SYS_SOCKET_H 1
| #define HAVE_SYS_STAT_H 1
| #define HAVE_SYS_STATFS_H 1
| #define HAVE_SYS_STATVFS_H 1
| #define HAVE_SYS_VFS_H 1
| #define HAVE_SYS_UIO_H 1
| #define HAVE_SYS_WAIT_H 1
| #define HAVE_TERMIOS_H 1
| #define HAVE_UNISTD_H 1
| #define HAVE_UTIME_H 1
| #define HAVE_SYS_UTSNAME_H 1
| #define HAVE_SYS_IPC_H 1
| #define HAVE_DLFCN_H 1
| #define HAVE_TMMINTRIN_H 1
| #define HAVE_NMMINTRIN_H 1
| #define HAVE_IMMINTRIN_H 1
| #define HAVE_FOPENCOOKIE 1
| #define COOKIE_IO_FUNCTIONS_T cookie_io_functions_t
| #define COOKIE_SEEKER_USES_OFF64_T 1
| #define HAVE_STRUCT_TM_TM_ZONE 1
| #define HAVE_TM_ZONE 1
| #define MISSING_FCLOSE_DECL 0
| #define HAVE_STRUCT_FLOCK 1
| #define HAVE_SOCKLEN_T 1
| #define SIZEOF_INTMAX_T 8
| #define HAVE_INTMAX_T 1
| #define SIZEOF_SSIZE_T 8
| #define HAVE_SSIZE_T 1
| #define SIZEOF_PTRDIFF_T 8
| #define HAVE_PTRDIFF_T 1
| #define SIZEOF_SHORT 2
| #define SIZEOF_INT 4
| #define SIZEOF_LONG 8
| #define SIZEOF_LONG_LONG 8
| #define SIZEOF_SIZE_T 8
| #define HAVE_INT8_T 1
| #define HAVE_INT16_T 1
| #define HAVE_INT32_T 1
| #define HAVE_INT64_T 1
| #define HAVE_UINT8_T 1
| #define HAVE_UINT16_T 1
| #define HAVE_UINT32_T 1
| #define HAVE_UINT64_T 1
| #define HAVE_U_INT8_T 1
| #define HAVE_U_INT16_T 1
| #define HAVE_U_INT32_T 1
| #define HAVE_U_INT64_T 1
| #define PHP_HAVE_BUILTIN_EXPECT 1
| #define PHP_HAVE_BUILTIN_CLZ 1
| #define PHP_HAVE_BUILTIN_CTZL 1
| #define PHP_HAVE_BUILTIN_CTZLL 1
| #define PHP_HAVE_BUILTIN_SMULL_OVERFLOW 1
| #define PHP_HAVE_BUILTIN_SMULLL_OVERFLOW 1
| #define PHP_HAVE_BUILTIN_SADDL_OVERFLOW 1
| #define PHP_HAVE_BUILTIN_SADDLL_OVERFLOW 1
| #define PHP_HAVE_BUILTIN_SSUBL_OVERFLOW 1
| #define PHP_HAVE_BUILTIN_SSUBLL_OVERFLOW 1
| #define PHP_HAVE_BUILTIN_CPU_INIT 1
| #define PHP_HAVE_BUILTIN_CPU_SUPPORTS 1
| #define PHP_HAVE_SSSE3_INSTRUCTIONS 1
| #define PHP_HAVE_SSE4_2_INSTRUCTIONS 1
| #define PHP_HAVE_AVX_INSTRUCTIONS 1
| #define PHP_HAVE_AVX2_INSTRUCTIONS 0
| #define HAVE_STRUCT_TM_TM_GMTOFF 1
| #define HAVE_STRUCT_STAT_ST_BLKSIZE 1
| #define HAVE_STRUCT_STAT_ST_RDEV 1
| #define HAVE_STRUCT_STAT_ST_BLOCKS 1
| #define HAVE_ST_BLOCKS 1
| #define HAVE_SOCKADDR_STORAGE 1
| #define HAVE_FUNC_ATTRIBUTE_IFUNC 1
| #define HAVE_FUNC_ATTRIBUTE_TARGET 1
| #define HAVE_ALPHASORT 1
| #define HAVE_ASCTIME_R 1
| #define HAVE_CHROOT 1
| #define HAVE_CTIME_R 1
| #define HAVE_FLOCK 1
| /* end confdefs.h.  */
| /* Define fpclass to an innocuous variant, in case <limits.h> declares fpclass.
|    For example, HP-UX 11i <limits.h> declares gettimeofday.  */
| #define fpclass innocuous_fpclass
| 
| /* System header to define __stub macros and hopefully few prototypes,
|     which can conflict with char fpclass (); below.
|     Prefer <limits.h> to <assert.h> if __STDC__ is defined, since
|     <limits.h> exists even on freestanding compilers.  */
| 
| #ifdef __STDC__
| # include <limits.h>
| #else
| # include <assert.h>
| #endif
| 
| #undef fpclass
| 
| /* Override any GCC internal prototype to avoid an error.
|    Use char because int might match the return type of a GCC
|    builtin and then its argument prototype would still apply.  */
| #ifdef __cplusplus
| extern "C"
| #endif
| char fpclass ();
| /* The GNU C library defines this for functions which it implements
|     to always fail with ENOSYS.  Some functions are actually named
|     something starting with __ and the normal name is an alias.  */
| #if defined __stub_fpclass || defined __stub___fpclass
| choke me
| #endif
| 
| int
| main ()
| {
| return fpclass ();
|   ;
|   return 0;
| }
configure:14320: result: no
configure:14320: checking for ftok
configure:14320: cc -o conftest -g -O2 -fvisibility=hidden   conftest.c -lm -ldl  >&5
configure:14320: $? = 0
configure:14320: result: yes
configure:14320: checking for funopen
configure:14320: cc -o conftest -g -O2 -fvisibility=hidden   conftest.c -lm -ldl  >&5
/usr/bin/ld: /tmp/cctAbNbM.o: in function `main':
/app/conftest.c:185: undefined reference to `funopen'
collect2: error: ld returned 1 exit status
configure:14320: $? = 1
configure: failed program was:
| /* confdefs.h */
| #define PACKAGE_NAME "PHP"
| #define PACKAGE_TARNAME "php"
| #define PACKAGE_VERSION "7.4.0"
| #define PACKAGE_STRING "PHP 7.4.0"
| #define PACKAGE_BUGREPORT "https://bugs.php.net"
| #define PACKAGE_URL "https://www.php.net"
| #define STDC_HEADERS 1
| #define HAVE_SYS_TYPES_H 1
| #define HAVE_SYS_STAT_H 1
| #define HAVE_STDLIB_H 1
| #define HAVE_STRING_H 1
| #define HAVE_MEMORY_H 1
| #define HAVE_STRINGS_H 1
| #define HAVE_INTTYPES_H 1
| #define HAVE_STDINT_H 1
| #define HAVE_UNISTD_H 1
| #define __EXTENSIONS__ 1
| #define _ALL_SOURCE 1
| #define _GNU_SOURCE 1
| #define _POSIX_PTHREAD_SEMANTICS 1
| #define _TANDEM_SOURCE 1
| #define HAVE_DEV_URANDOM 1
| #define HAVE_GCC_GLOBAL_REGS 1
| #define HAVE_HUGE_VAL_INF 1
| #define HAVE_CPUID_COUNT 1
| #define GWINSZ_IN_SYS_IOCTL 1
| #define HAVE_PHPDBG 1
| #define PHPDBG_DEBUG 0
| #define PHP_WRITE_STDOUT 1
| #define HAVE_SOCKET 1
| #define HAVE_SOCKETPAIR 1
| #define HAVE_HTONL 1
| #define HAVE_GETHOSTNAME 1
| #define HAVE_GETHOSTBYADDR 1
| #define HAVE_DLOPEN 1
| #define HAVE_LIBDL 1
| #define HAVE_DLSYM 1
| #define HAVE_LIBDL 1
| #define HAVE_LIBM 1
| #define HAVE_INET_ATON 1
| #define HAVE_INTTYPES_H 1
| #define HAVE_STDINT_H 1
| #define HAVE_DIRENT_H 1
| #define HAVE_SYS_PARAM_H 1
| #define HAVE_SYS_TYPES_H 1
| #define HAVE_SYS_TIME_H 1
| #define HAVE_NETINET_IN_H 1
| #define HAVE_ALLOCA_H 1
| #define HAVE_ARPA_INET_H 1
| #define HAVE_ARPA_NAMESER_H 1
| #define HAVE_CRYPT_H 1
| #define HAVE_FCNTL_H 1
| #define HAVE_GRP_H 1
| #define HAVE_LANGINFO_H 1
| #define HAVE_LOCALE_H 1
| #define HAVE_MALLOC_H 1
| #define HAVE_MONETARY_H 1
| #define HAVE_NETDB_H 1
| #define HAVE_POLL_H 1
| #define HAVE_PWD_H 1
| #define HAVE_RESOLV_H 1
| #define HAVE_STRINGS_H 1
| #define HAVE_SYSLOG_H 1
| #define HAVE_SYSEXITS_H 1
| #define HAVE_SYS_IOCTL_H 1
| #define HAVE_SYS_FILE_H 1
| #define HAVE_SYS_MMAN_H 1
| #define HAVE_SYS_MOUNT_H 1
| #define HAVE_SYS_POLL_H 1
| #define HAVE_SYS_RESOURCE_H 1
| #define HAVE_SYS_SELECT_H 1
| #define HAVE_SYS_SOCKET_H 1
| #define HAVE_SYS_STAT_H 1
| #define HAVE_SYS_STATFS_H 1
| #define HAVE_SYS_STATVFS_H 1
| #define HAVE_SYS_VFS_H 1
| #define HAVE_SYS_UIO_H 1
| #define HAVE_SYS_WAIT_H 1
| #define HAVE_TERMIOS_H 1
| #define HAVE_UNISTD_H 1
| #define HAVE_UTIME_H 1
| #define HAVE_SYS_UTSNAME_H 1
| #define HAVE_SYS_IPC_H 1
| #define HAVE_DLFCN_H 1
| #define HAVE_TMMINTRIN_H 1
| #define HAVE_NMMINTRIN_H 1
| #define HAVE_IMMINTRIN_H 1
| #define HAVE_FOPENCOOKIE 1
| #define COOKIE_IO_FUNCTIONS_T cookie_io_functions_t
| #define COOKIE_SEEKER_USES_OFF64_T 1
| #define HAVE_STRUCT_TM_TM_ZONE 1
| #define HAVE_TM_ZONE 1
| #define MISSING_FCLOSE_DECL 0
| #define HAVE_STRUCT_FLOCK 1
| #define HAVE_SOCKLEN_T 1
| #define SIZEOF_INTMAX_T 8
| #define HAVE_INTMAX_T 1
| #define SIZEOF_SSIZE_T 8
| #define HAVE_SSIZE_T 1
| #define SIZEOF_PTRDIFF_T 8
| #define HAVE_PTRDIFF_T 1
| #define SIZEOF_SHORT 2
| #define SIZEOF_INT 4
| #define SIZEOF_LONG 8
| #define SIZEOF_LONG_LONG 8
| #define SIZEOF_SIZE_T 8
| #define HAVE_INT8_T 1
| #define HAVE_INT16_T 1
| #define HAVE_INT32_T 1
| #define HAVE_INT64_T 1
| #define HAVE_UINT8_T 1
| #define HAVE_UINT16_T 1
| #define HAVE_UINT32_T 1
| #define HAVE_UINT64_T 1
| #define HAVE_U_INT8_T 1
| #define HAVE_U_INT16_T 1
| #define HAVE_U_INT32_T 1
| #define HAVE_U_INT64_T 1
| #define PHP_HAVE_BUILTIN_EXPECT 1
| #define PHP_HAVE_BUILTIN_CLZ 1
| #define PHP_HAVE_BUILTIN_CTZL 1
| #define PHP_HAVE_BUILTIN_CTZLL 1
| #define PHP_HAVE_BUILTIN_SMULL_OVERFLOW 1
| #define PHP_HAVE_BUILTIN_SMULLL_OVERFLOW 1
| #define PHP_HAVE_BUILTIN_SADDL_OVERFLOW 1
| #define PHP_HAVE_BUILTIN_SADDLL_OVERFLOW 1
| #define PHP_HAVE_BUILTIN_SSUBL_OVERFLOW 1
| #define PHP_HAVE_BUILTIN_SSUBLL_OVERFLOW 1
| #define PHP_HAVE_BUILTIN_CPU_INIT 1
| #define PHP_HAVE_BUILTIN_CPU_SUPPORTS 1
| #define PHP_HAVE_SSSE3_INSTRUCTIONS 1
| #define PHP_HAVE_SSE4_2_INSTRUCTIONS 1
| #define PHP_HAVE_AVX_INSTRUCTIONS 1
| #define PHP_HAVE_AVX2_INSTRUCTIONS 0
| #define HAVE_STRUCT_TM_TM_GMTOFF 1
| #define HAVE_STRUCT_STAT_ST_BLKSIZE 1
| #define HAVE_STRUCT_STAT_ST_RDEV 1
| #define HAVE_STRUCT_STAT_ST_BLOCKS 1
| #define HAVE_ST_BLOCKS 1
| #define HAVE_SOCKADDR_STORAGE 1
| #define HAVE_FUNC_ATTRIBUTE_IFUNC 1
| #define HAVE_FUNC_ATTRIBUTE_TARGET 1
| #define HAVE_ALPHASORT 1
| #define HAVE_ASCTIME_R 1
| #define HAVE_CHROOT 1
| #define HAVE_CTIME_R 1
| #define HAVE_FLOCK 1
| #define HAVE_FTOK 1
| /* end confdefs.h.  */
| /* Define funopen to an innocuous variant, in case <limits.h> declares funopen.
|    For example, HP-UX 11i <limits.h> declares gettimeofday.  */
| #define funopen innocuous_funopen
| 
| /* System header to define __stub macros and hopefully few prototypes,
|     which can conflict with char funopen (); below.
|     Prefer <limits.h> to <assert.h> if __STDC__ is defined, since
|     <limits.h> exists even on freestanding compilers.  */
| 
| #ifdef __STDC__
| # include <limits.h>
| #else
| # include <assert.h>
| #endif
| 
| #undef funopen
| 
| /* Override any GCC internal prototype to avoid an error.
|    Use char because int might match the return type of a GCC
|    builtin and then its argument prototype would still apply.  */
| #ifdef __cplusplus
| extern "C"
| #endif
| char funopen ();
| /* The GNU C library defines this for functions which it implements
|     to always fail with ENOSYS.  Some functions are actually named
|     something starting with __ and the normal name is an alias.  */
| #if defined __stub_funopen || defined __stub___funopen
| choke me
| #endif
| 
| int
| main ()
| {
| return funopen ();
|   ;
|   return 0;
| }
configure:14320: result: no
configure:14320: checking for gai_strerror
configure:14320: cc -o conftest -g -O2 -fvisibility=hidden   conftest.c -lm -ldl  >&5
configure:14320: $? = 0
configure:14320: result: yes
configure:14320: checking for getcwd
configure:14320: cc -o conftest -g -O2 -fvisibility=hidden   conftest.c -lm -ldl  >&5
configure:14320: $? = 0
configure:14320: result: yes
configure:14320: checking for getloadavg
configure:14320: cc -o conftest -g -O2 -fvisibility=hidden   conftest.c -lm -ldl  >&5
configure:14320: $? = 0
configure:14320: result: yes
configure:14320: checking for getlogin
configure:14320: cc -o conftest -g -O2 -fvisibility=hidden   conftest.c -lm -ldl  >&5
configure:14320: $? = 0
configure:14320: result: yes
configure:14320: checking for getprotobyname
configure:14320: cc -o conftest -g -O2 -fvisibility=hidden   conftest.c -lm -ldl  >&5
configure:14320: $? = 0
configure:14320: result: yes
configure:14320: checking for getprotobynumber
configure:14320: cc -o conftest -g -O2 -fvisibility=hidden   conftest.c -lm -ldl  >&5
configure:14320: $? = 0
configure:14320: result: yes
configure:14320: checking for getservbyname
configure:14320: cc -o conftest -g -O2 -fvisibility=hidden   conftest.c -lm -ldl  >&5
configure:14320: $? = 0
configure:14320: result: yes
configure:14320: checking for getservbyport
configure:14320: cc -o conftest -g -O2 -fvisibility=hidden   conftest.c -lm -ldl  >&5
configure:14320: $? = 0
configure:14320: result: yes
configure:14320: checking for getrusage
configure:14320: cc -o conftest -g -O2 -fvisibility=hidden   conftest.c -lm -ldl  >&5
configure:14320: $? = 0
configure:14320: result: yes
configure:14320: checking for gettimeofday
configure:14320: cc -o conftest -g -O2 -fvisibility=hidden   conftest.c -lm -ldl  >&5
configure:14320: $? = 0
configure:14320: result: yes
configure:14320: checking for gmtime_r
configure:14320: cc -o conftest -g -O2 -fvisibility=hidden   conftest.c -lm -ldl  >&5
configure:14320: $? = 0
configure:14320: result: yes
configure:14320: checking for getpwnam_r
configure:14320: cc -o conftest -g -O2 -fvisibility=hidden   conftest.c -lm -ldl  >&5
configure:14320: $? = 0
configure:14320: result: yes
configure:14320: checking for getgrnam_r
configure:14320: cc -o conftest -g -O2 -fvisibility=hidden   conftest.c -lm -ldl  >&5
configure:14320: $? = 0
configure:14320: result: yes
configure:14320: checking for getpwuid_r
configure:14320: cc -o conftest -g -O2 -fvisibility=hidden   conftest.c -lm -ldl  >&5
configure:14320: $? = 0
configure:14320: result: yes
configure:14320: checking for getwd
configure:14320: cc -o conftest -g -O2 -fvisibility=hidden   conftest.c -lm -ldl  >&5
/usr/bin/ld: /tmp/ccYYuf3f.o: in function `main':
/app/conftest.c:199: warning: the `getwd' function is dangerous and should not be used.
configure:14320: $? = 0
configure:14320: result: yes
configure:14320: checking for glob
configure:14320: cc -o conftest -g -O2 -fvisibility=hidden   conftest.c -lm -ldl  >&5
configure:14320: $? = 0
configure:14320: result: yes
configure:14320: checking for grantpt
configure:14320: cc -o conftest -g -O2 -fvisibility=hidden   conftest.c -lm -ldl  >&5
configure:14320: $? = 0
configure:14320: result: yes
configure:14320: checking for inet_ntoa
configure:14320: cc -o conftest -g -O2 -fvisibility=hidden   conftest.c -lm -ldl  >&5
configure:14320: $? = 0
configure:14320: result: yes
configure:14320: checking for inet_ntop
configure:14320: cc -o conftest -g -O2 -fvisibility=hidden   conftest.c -lm -ldl  >&5
configure:14320: $? = 0
configure:14320: result: yes
configure:14320: checking for inet_pton
configure:14320: cc -o conftest -g -O2 -fvisibility=hidden   conftest.c -lm -ldl  >&5
configure:14320: $? = 0
configure:14320: result: yes
configure:14320: checking for localtime_r
configure:14320: cc -o conftest -g -O2 -fvisibility=hidden   conftest.c -lm -ldl  >&5
configure:14320: $? = 0
configure:14320: result: yes
configure:14320: checking for lchown
configure:14320: cc -o conftest -g -O2 -fvisibility=hidden   conftest.c -lm -ldl  >&5
configure:14320: $? = 0
configure:14320: result: yes
configure:14320: checking for mbrlen
configure:14320: cc -o conftest -g -O2 -fvisibility=hidden   conftest.c -lm -ldl  >&5
configure:14320: $? = 0
configure:14320: result: yes
configure:14320: checking for memmove
configure:14320: cc -o conftest -g -O2 -fvisibility=hidden   conftest.c -lm -ldl  >&5
conftest.c:197:6: warning: conflicting types for built-in function 'memmove'; expected 'void *(void *, const void *, long unsigned int)' [-Wbuiltin-declaration-mismatch]
  197 | char memmove ();
      |      ^~~~~~~
conftest.c:185:1: note: 'memmove' is declared in header '<string.h>'
  184 | # include <limits.h>
  185 | #else
configure:14320: $? = 0
configure:14320: result: yes
configure:14320: checking for mkstemp
configure:14320: cc -o conftest -g -O2 -fvisibility=hidden   conftest.c -lm -ldl  >&5
configure:14320: $? = 0
configure:14320: result: yes
configure:14320: checking for mmap
configure:14320: cc -o conftest -g -O2 -fvisibility=hidden   conftest.c -lm -ldl  >&5
configure:14320: $? = 0
configure:14320: result: yes
configure:14320: checking for nice
configure:14320: cc -o conftest -g -O2 -fvisibility=hidden   conftest.c -lm -ldl  >&5
configure:14320: $? = 0
configure:14320: result: yes
configure:14320: checking for nl_langinfo
configure:14320: cc -o conftest -g -O2 -fvisibility=hidden   conftest.c -lm -ldl  >&5
configure:14320: $? = 0
configure:14320: result: yes
configure:14320: checking for poll
configure:14320: cc -o conftest -g -O2 -fvisibility=hidden   conftest.c -lm -ldl  >&5
configure:14320: $? = 0
configure:14320: result: yes
configure:14320: checking for ptsname
configure:14320: cc -o conftest -g -O2 -fvisibility=hidden   conftest.c -lm -ldl  >&5
configure:14320: $? = 0
configure:14320: result: yes
configure:14320: checking for putenv
configure:14320: cc -o conftest -g -O2 -fvisibility=hidden   conftest.c -lm -ldl  >&5
configure:14320: $? = 0
configure:14320: result: yes
configure:14320: checking for realpath
configure:14320: cc -o conftest -g -O2 -fvisibility=hidden   conftest.c -lm -ldl  >&5
configure:14320: $? = 0
configure:14320: result: yes
configure:14320: checking for rand_r
configure:14320: cc -o conftest -g -O2 -fvisibility=hidden   conftest.c -lm -ldl  >&5
configure:14320: $? = 0
configure:14320: result: yes
configure:14320: checking for scandir
configure:14320: cc -o conftest -g -O2 -fvisibility=hidden   conftest.c -lm -ldl  >&5
configure:14320: $? = 0
configure:14320: result: yes
configure:14320: checking for setitimer
configure:14320: cc -o conftest -g -O2 -fvisibility=hidden   conftest.c -lm -ldl  >&5
configure:14320: $? = 0
configure:14320: result: yes
configure:14320: checking for setenv
configure:14320: cc -o conftest -g -O2 -fvisibility=hidden   conftest.c -lm -ldl  >&5
configure:14320: $? = 0
configure:14320: result: yes
configure:14320: checking for shutdown
configure:14320: cc -o conftest -g -O2 -fvisibility=hidden   conftest.c -lm -ldl  >&5
configure:14320: $? = 0
configure:14320: result: yes
configure:14320: checking for sigprocmask
configure:14320: cc -o conftest -g -O2 -fvisibility=hidden   conftest.c -lm -ldl  >&5
configure:14320: $? = 0
configure:14320: result: yes
configure:14320: checking for statfs
configure:14320: cc -o conftest -g -O2 -fvisibility=hidden   conftest.c -lm -ldl  >&5
configure:14320: $? = 0
configure:14320: result: yes
configure:14320: checking for statvfs
configure:14320: cc -o conftest -g -O2 -fvisibility=hidden   conftest.c -lm -ldl  >&5
configure:14320: $? = 0
configure:14320: result: yes
configure:14320: checking for std_syslog
configure:14320: cc -o conftest -g -O2 -fvisibility=hidden   conftest.c -lm -ldl  >&5
/usr/bin/ld: /tmp/ccOdPGv3.o: in function `main':
/app/conftest.c:225: undefined reference to `std_syslog'
collect2: error: ld returned 1 exit status
configure:14320: $? = 1
configure: failed program was:
| /* confdefs.h */
| #define PACKAGE_NAME "PHP"
| #define PACKAGE_TARNAME "php"
| #define PACKAGE_VERSION "7.4.0"
| #define PACKAGE_STRING "PHP 7.4.0"
| #define PACKAGE_BUGREPORT "https://bugs.php.net"
| #define PACKAGE_URL "https://www.php.net"
| #define STDC_HEADERS 1
| #define HAVE_SYS_TYPES_H 1
| #define HAVE_SYS_STAT_H 1
| #define HAVE_STDLIB_H 1
| #define HAVE_STRING_H 1
| #define HAVE_MEMORY_H 1
| #define HAVE_STRINGS_H 1
| #define HAVE_INTTYPES_H 1
| #define HAVE_STDINT_H 1
| #define HAVE_UNISTD_H 1
| #define __EXTENSIONS__ 1
| #define _ALL_SOURCE 1
| #define _GNU_SOURCE 1
| #define _POSIX_PTHREAD_SEMANTICS 1
| #define _TANDEM_SOURCE 1
| #define HAVE_DEV_URANDOM 1
| #define HAVE_GCC_GLOBAL_REGS 1
| #define HAVE_HUGE_VAL_INF 1
| #define HAVE_CPUID_COUNT 1
| #define GWINSZ_IN_SYS_IOCTL 1
| #define HAVE_PHPDBG 1
| #define PHPDBG_DEBUG 0
| #define PHP_WRITE_STDOUT 1
| #define HAVE_SOCKET 1
| #define HAVE_SOCKETPAIR 1
| #define HAVE_HTONL 1
| #define HAVE_GETHOSTNAME 1
| #define HAVE_GETHOSTBYADDR 1
| #define HAVE_DLOPEN 1
| #define HAVE_LIBDL 1
| #define HAVE_DLSYM 1
| #define HAVE_LIBDL 1
| #define HAVE_LIBM 1
| #define HAVE_INET_ATON 1
| #define HAVE_INTTYPES_H 1
| #define HAVE_STDINT_H 1
| #define HAVE_DIRENT_H 1
| #define HAVE_SYS_PARAM_H 1
| #define HAVE_SYS_TYPES_H 1
| #define HAVE_SYS_TIME_H 1
| #define HAVE_NETINET_IN_H 1
| #define HAVE_ALLOCA_H 1
| #define HAVE_ARPA_INET_H 1
| #define HAVE_ARPA_NAMESER_H 1
| #define HAVE_CRYPT_H 1
| #define HAVE_FCNTL_H 1
| #define HAVE_GRP_H 1
| #define HAVE_LANGINFO_H 1
| #define HAVE_LOCALE_H 1
| #define HAVE_MALLOC_H 1
| #define HAVE_MONETARY_H 1
| #define HAVE_NETDB_H 1
| #define HAVE_POLL_H 1
| #define HAVE_PWD_H 1
| #define HAVE_RESOLV_H 1
| #define HAVE_STRINGS_H 1
| #define HAVE_SYSLOG_H 1
| #define HAVE_SYSEXITS_H 1
| #define HAVE_SYS_IOCTL_H 1
| #define HAVE_SYS_FILE_H 1
| #define HAVE_SYS_MMAN_H 1
| #define HAVE_SYS_MOUNT_H 1
| #define HAVE_SYS_POLL_H 1
| #define HAVE_SYS_RESOURCE_H 1
| #define HAVE_SYS_SELECT_H 1
| #define HAVE_SYS_SOCKET_H 1
| #define HAVE_SYS_STAT_H 1
| #define HAVE_SYS_STATFS_H 1
| #define HAVE_SYS_STATVFS_H 1
| #define HAVE_SYS_VFS_H 1
| #define HAVE_SYS_UIO_H 1
| #define HAVE_SYS_WAIT_H 1
| #define HAVE_TERMIOS_H 1
| #define HAVE_UNISTD_H 1
| #define HAVE_UTIME_H 1
| #define HAVE_SYS_UTSNAME_H 1
| #define HAVE_SYS_IPC_H 1
| #define HAVE_DLFCN_H 1
| #define HAVE_TMMINTRIN_H 1
| #define HAVE_NMMINTRIN_H 1
| #define HAVE_IMMINTRIN_H 1
| #define HAVE_FOPENCOOKIE 1
| #define COOKIE_IO_FUNCTIONS_T cookie_io_functions_t
| #define COOKIE_SEEKER_USES_OFF64_T 1
| #define HAVE_STRUCT_TM_TM_ZONE 1
| #define HAVE_TM_ZONE 1
| #define MISSING_FCLOSE_DECL 0
| #define HAVE_STRUCT_FLOCK 1
| #define HAVE_SOCKLEN_T 1
| #define SIZEOF_INTMAX_T 8
| #define HAVE_INTMAX_T 1
| #define SIZEOF_SSIZE_T 8
| #define HAVE_SSIZE_T 1
| #define SIZEOF_PTRDIFF_T 8
| #define HAVE_PTRDIFF_T 1
| #define SIZEOF_SHORT 2
| #define SIZEOF_INT 4
| #define SIZEOF_LONG 8
| #define SIZEOF_LONG_LONG 8
| #define SIZEOF_SIZE_T 8
| #define HAVE_INT8_T 1
| #define HAVE_INT16_T 1
| #define HAVE_INT32_T 1
| #define HAVE_INT64_T 1
| #define HAVE_UINT8_T 1
| #define HAVE_UINT16_T 1
| #define HAVE_UINT32_T 1
| #define HAVE_UINT64_T 1
| #define HAVE_U_INT8_T 1
| #define HAVE_U_INT16_T 1
| #define HAVE_U_INT32_T 1
| #define HAVE_U_INT64_T 1
| #define PHP_HAVE_BUILTIN_EXPECT 1
| #define PHP_HAVE_BUILTIN_CLZ 1
| #define PHP_HAVE_BUILTIN_CTZL 1
| #define PHP_HAVE_BUILTIN_CTZLL 1
| #define PHP_HAVE_BUILTIN_SMULL_OVERFLOW 1
| #define PHP_HAVE_BUILTIN_SMULLL_OVERFLOW 1
| #define PHP_HAVE_BUILTIN_SADDL_OVERFLOW 1
| #define PHP_HAVE_BUILTIN_SADDLL_OVERFLOW 1
| #define PHP_HAVE_BUILTIN_SSUBL_OVERFLOW 1
| #define PHP_HAVE_BUILTIN_SSUBLL_OVERFLOW 1
| #define PHP_HAVE_BUILTIN_CPU_INIT 1
| #define PHP_HAVE_BUILTIN_CPU_SUPPORTS 1
| #define PHP_HAVE_SSSE3_INSTRUCTIONS 1
| #define PHP_HAVE_SSE4_2_INSTRUCTIONS 1
| #define PHP_HAVE_AVX_INSTRUCTIONS 1
| #define PHP_HAVE_AVX2_INSTRUCTIONS 0
| #define HAVE_STRUCT_TM_TM_GMTOFF 1
| #define HAVE_STRUCT_STAT_ST_BLKSIZE 1
| #define HAVE_STRUCT_STAT_ST_RDEV 1
| #define HAVE_STRUCT_STAT_ST_BLOCKS 1
| #define HAVE_ST_BLOCKS 1
| #define HAVE_SOCKADDR_STORAGE 1
| #define HAVE_FUNC_ATTRIBUTE_IFUNC 1
| #define HAVE_FUNC_ATTRIBUTE_TARGET 1
| #define HAVE_ALPHASORT 1
| #define HAVE_ASCTIME_R 1
| #define HAVE_CHROOT 1
| #define HAVE_CTIME_R 1
| #define HAVE_FLOCK 1
| #define HAVE_FTOK 1
| #define HAVE_GAI_STRERROR 1
| #define HAVE_GETCWD 1
| #define HAVE_GETLOADAVG 1
| #define HAVE_GETLOGIN 1
| #define HAVE_GETPROTOBYNAME 1
| #define HAVE_GETPROTOBYNUMBER 1
| #define HAVE_GETSERVBYNAME 1
| #define HAVE_GETSERVBYPORT 1
| #define HAVE_GETRUSAGE 1
| #define HAVE_GETTIMEOFDAY 1
| #define HAVE_GMTIME_R 1
| #define HAVE_GETPWNAM_R 1
| #define HAVE_GETGRNAM_R 1
| #define HAVE_GETPWUID_R 1
| #define HAVE_GETWD 1
| #define HAVE_GLOB 1
| #define HAVE_GRANTPT 1
| #define HAVE_INET_NTOA 1
| #define HAVE_INET_NTOP 1
| #define HAVE_INET_PTON 1
| #define HAVE_LOCALTIME_R 1
| #define HAVE_LCHOWN 1
| #define HAVE_MBRLEN 1
| #define HAVE_MEMMOVE 1
| #define HAVE_MKSTEMP 1
| #define HAVE_MMAP 1
| #define HAVE_NICE 1
| #define HAVE_NL_LANGINFO 1
| #define HAVE_POLL 1
| #define HAVE_PTSNAME 1
| #define HAVE_PUTENV 1
| #define HAVE_REALPATH 1
| #define HAVE_RAND_R 1
| #define HAVE_SCANDIR 1
| #define HAVE_SETITIMER 1
| #define HAVE_SETENV 1
| #define HAVE_SHUTDOWN 1
| #define HAVE_SIGPROCMASK 1
| #define HAVE_STATFS 1
| #define HAVE_STATVFS 1
| /* end confdefs.h.  */
| /* Define std_syslog to an innocuous variant, in case <limits.h> declares std_syslog.
|    For example, HP-UX 11i <limits.h> declares gettimeofday.  */
| #define std_syslog innocuous_std_syslog
| 
| /* System header to define __stub macros and hopefully few prototypes,
|     which can conflict with char std_syslog (); below.
|     Prefer <limits.h> to <assert.h> if __STDC__ is defined, since
|     <limits.h> exists even on freestanding compilers.  */
| 
| #ifdef __STDC__
| # include <limits.h>
| #else
| # include <assert.h>
| #endif
| 
| #undef std_syslog
| 
| /* Override any GCC internal prototype to avoid an error.
|    Use char because int might match the return type of a GCC
|    builtin and then its argument prototype would still apply.  */
| #ifdef __cplusplus
| extern "C"
| #endif
| char std_syslog ();
| /* The GNU C library defines this for functions which it implements
|     to always fail with ENOSYS.  Some functions are actually named
|     something starting with __ and the normal name is an alias.  */
| #if defined __stub_std_syslog || defined __stub___std_syslog
| choke me
| #endif
| 
| int
| main ()
| {
| return std_syslog ();
|   ;
|   return 0;
| }
configure:14320: result: no
configure:14320: checking for strcasecmp
configure:14320: cc -o conftest -g -O2 -fvisibility=hidden   conftest.c -lm -ldl  >&5
conftest.c:214:6: warning: conflicting types for built-in function 'strcasecmp'; expected 'int(const char *, const char *)' [-Wbuiltin-declaration-mismatch]
  214 | char strcasecmp ();
      |      ^~~~~~~~~~
configure:14320: $? = 0
configure:14320: result: yes
configure:14320: checking for strfmon
configure:14320: cc -o conftest -g -O2 -fvisibility=hidden   conftest.c -lm -ldl  >&5
conftest.c:215:6: warning: conflicting types for built-in function 'strfmon'; expected 'long int(char *, long unsigned int,  const char *, ...)' [-Wbuiltin-declaration-mismatch]
  215 | char strfmon ();
      |      ^~~~~~~
configure:14320: $? = 0
configure:14320: result: yes
configure:14320: checking for strnlen
configure:14320: cc -o conftest -g -O2 -fvisibility=hidden   conftest.c -lm -ldl  >&5
conftest.c:216:6: warning: conflicting types for built-in function 'strnlen'; expected 'long unsigned int(const char *, long unsigned int)' [-Wbuiltin-declaration-mismatch]
  216 | char strnlen ();
      |      ^~~~~~~
configure:14320: $? = 0
configure:14320: result: yes
configure:14320: checking for strptime
configure:14320: cc -o conftest -g -O2 -fvisibility=hidden   conftest.c -lm -ldl  >&5
configure:14320: $? = 0
configure:14320: result: yes
configure:14320: checking for strtok_r
configure:14320: cc -o conftest -g -O2 -fvisibility=hidden   conftest.c -lm -ldl  >&5
configure:14320: $? = 0
configure:14320: result: yes
configure:14320: checking for symlink
configure:14320: cc -o conftest -g -O2 -fvisibility=hidden   conftest.c -lm -ldl  >&5
configure:14320: $? = 0
configure:14320: result: yes
configure:14320: checking for tzset
configure:14320: cc -o conftest -g -O2 -fvisibility=hidden   conftest.c -lm -ldl  >&5
configure:14320: $? = 0
configure:14320: result: yes
configure:14320: checking for unlockpt
configure:14320: cc -o conftest -g -O2 -fvisibility=hidden   conftest.c -lm -ldl  >&5
configure:14320: $? = 0
configure:14320: result: yes
configure:14320: checking for unsetenv
configure:14320: cc -o conftest -g -O2 -fvisibility=hidden   conftest.c -lm -ldl  >&5
configure:14320: $? = 0
configure:14320: result: yes
configure:14320: checking for usleep
configure:14320: cc -o conftest -g -O2 -fvisibility=hidden   conftest.c -lm -ldl  >&5
configure:14320: $? = 0
configure:14320: result: yes
configure:14320: checking for utime
configure:14320: cc -o conftest -g -O2 -fvisibility=hidden   conftest.c -lm -ldl  >&5
configure:14320: $? = 0
configure:14320: result: yes
configure:14320: checking for vasprintf
configure:14320: cc -o conftest -g -O2 -fvisibility=hidden   conftest.c -lm -ldl  >&5
configure:14320: $? = 0
configure:14320: result: yes
configure:14320: checking for asprintf
configure:14320: cc -o conftest -g -O2 -fvisibility=hidden   conftest.c -lm -ldl  >&5
configure:14320: $? = 0
configure:14320: result: yes
configure:14320: checking for nanosleep
configure:14320: cc -o conftest -g -O2 -fvisibility=hidden   conftest.c -lm -ldl  >&5
configure:14320: $? = 0
configure:14320: result: yes
configure:14320: checking for memmem
configure:14320: cc -o conftest -g -O2 -fvisibility=hidden   conftest.c -lm -ldl  >&5
configure:14320: $? = 0
configure:14320: result: yes
configure:14338: checking how many arguments gethostbyname_r() takes
configure:14373: cc -c -g -O2 -fvisibility=hidden  conftest.c >&5
conftest.c: In function 'main':
conftest.c:212:19: error: too few arguments to function 'gethostbyname_r'
  212 |             (void)gethostbyname_r(name) /* ; */
      |                   ^~~~~~~~~~~~~~~
In file included from conftest.c:206:
/usr/include/netdb.h:177:12: note: declared here
  177 | extern int gethostbyname_r (const char *__restrict __name,
      |            ^~~~~~~~~~~~~~~
configure:14373: $? = 1
configure: failed program was:
| /* confdefs.h */
| #define PACKAGE_NAME "PHP"
| #define PACKAGE_TARNAME "php"
| #define PACKAGE_VERSION "7.4.0"
| #define PACKAGE_STRING "PHP 7.4.0"
| #define PACKAGE_BUGREPORT "https://bugs.php.net"
| #define PACKAGE_URL "https://www.php.net"
| #define STDC_HEADERS 1
| #define HAVE_SYS_TYPES_H 1
| #define HAVE_SYS_STAT_H 1
| #define HAVE_STDLIB_H 1
| #define HAVE_STRING_H 1
| #define HAVE_MEMORY_H 1
| #define HAVE_STRINGS_H 1
| #define HAVE_INTTYPES_H 1
| #define HAVE_STDINT_H 1
| #define HAVE_UNISTD_H 1
| #define __EXTENSIONS__ 1
| #define _ALL_SOURCE 1
| #define _GNU_SOURCE 1
| #define _POSIX_PTHREAD_SEMANTICS 1
| #define _TANDEM_SOURCE 1
| #define HAVE_DEV_URANDOM 1
| #define HAVE_GCC_GLOBAL_REGS 1
| #define HAVE_HUGE_VAL_INF 1
| #define HAVE_CPUID_COUNT 1
| #define GWINSZ_IN_SYS_IOCTL 1
| #define HAVE_PHPDBG 1
| #define PHPDBG_DEBUG 0
| #define PHP_WRITE_STDOUT 1
| #define HAVE_SOCKET 1
| #define HAVE_SOCKETPAIR 1
| #define HAVE_HTONL 1
| #define HAVE_GETHOSTNAME 1
| #define HAVE_GETHOSTBYADDR 1
| #define HAVE_DLOPEN 1
| #define HAVE_LIBDL 1
| #define HAVE_DLSYM 1
| #define HAVE_LIBDL 1
| #define HAVE_LIBM 1
| #define HAVE_INET_ATON 1
| #define HAVE_INTTYPES_H 1
| #define HAVE_STDINT_H 1
| #define HAVE_DIRENT_H 1
| #define HAVE_SYS_PARAM_H 1
| #define HAVE_SYS_TYPES_H 1
| #define HAVE_SYS_TIME_H 1
| #define HAVE_NETINET_IN_H 1
| #define HAVE_ALLOCA_H 1
| #define HAVE_ARPA_INET_H 1
| #define HAVE_ARPA_NAMESER_H 1
| #define HAVE_CRYPT_H 1
| #define HAVE_FCNTL_H 1
| #define HAVE_GRP_H 1
| #define HAVE_LANGINFO_H 1
| #define HAVE_LOCALE_H 1
| #define HAVE_MALLOC_H 1
| #define HAVE_MONETARY_H 1
| #define HAVE_NETDB_H 1
| #define HAVE_POLL_H 1
| #define HAVE_PWD_H 1
| #define HAVE_RESOLV_H 1
| #define HAVE_STRINGS_H 1
| #define HAVE_SYSLOG_H 1
| #define HAVE_SYSEXITS_H 1
| #define HAVE_SYS_IOCTL_H 1
| #define HAVE_SYS_FILE_H 1
| #define HAVE_SYS_MMAN_H 1
| #define HAVE_SYS_MOUNT_H 1
| #define HAVE_SYS_POLL_H 1
| #define HAVE_SYS_RESOURCE_H 1
| #define HAVE_SYS_SELECT_H 1
| #define HAVE_SYS_SOCKET_H 1
| #define HAVE_SYS_STAT_H 1
| #define HAVE_SYS_STATFS_H 1
| #define HAVE_SYS_STATVFS_H 1
| #define HAVE_SYS_VFS_H 1
| #define HAVE_SYS_UIO_H 1
| #define HAVE_SYS_WAIT_H 1
| #define HAVE_TERMIOS_H 1
| #define HAVE_UNISTD_H 1
| #define HAVE_UTIME_H 1
| #define HAVE_SYS_UTSNAME_H 1
| #define HAVE_SYS_IPC_H 1
| #define HAVE_DLFCN_H 1
| #define HAVE_TMMINTRIN_H 1
| #define HAVE_NMMINTRIN_H 1
| #define HAVE_IMMINTRIN_H 1
| #define HAVE_FOPENCOOKIE 1
| #define COOKIE_IO_FUNCTIONS_T cookie_io_functions_t
| #define COOKIE_SEEKER_USES_OFF64_T 1
| #define HAVE_STRUCT_TM_TM_ZONE 1
| #define HAVE_TM_ZONE 1
| #define MISSING_FCLOSE_DECL 0
| #define HAVE_STRUCT_FLOCK 1
| #define HAVE_SOCKLEN_T 1
| #define SIZEOF_INTMAX_T 8
| #define HAVE_INTMAX_T 1
| #define SIZEOF_SSIZE_T 8
| #define HAVE_SSIZE_T 1
| #define SIZEOF_PTRDIFF_T 8
| #define HAVE_PTRDIFF_T 1
| #define SIZEOF_SHORT 2
| #define SIZEOF_INT 4
| #define SIZEOF_LONG 8
| #define SIZEOF_LONG_LONG 8
| #define SIZEOF_SIZE_T 8
| #define HAVE_INT8_T 1
| #define HAVE_INT16_T 1
| #define HAVE_INT32_T 1
| #define HAVE_INT64_T 1
| #define HAVE_UINT8_T 1
| #define HAVE_UINT16_T 1
| #define HAVE_UINT32_T 1
| #define HAVE_UINT64_T 1
| #define HAVE_U_INT8_T 1
| #define HAVE_U_INT16_T 1
| #define HAVE_U_INT32_T 1
| #define HAVE_U_INT64_T 1
| #define PHP_HAVE_BUILTIN_EXPECT 1
| #define PHP_HAVE_BUILTIN_CLZ 1
| #define PHP_HAVE_BUILTIN_CTZL 1
| #define PHP_HAVE_BUILTIN_CTZLL 1
| #define PHP_HAVE_BUILTIN_SMULL_OVERFLOW 1
| #define PHP_HAVE_BUILTIN_SMULLL_OVERFLOW 1
| #define PHP_HAVE_BUILTIN_SADDL_OVERFLOW 1
| #define PHP_HAVE_BUILTIN_SADDLL_OVERFLOW 1
| #define PHP_HAVE_BUILTIN_SSUBL_OVERFLOW 1
| #define PHP_HAVE_BUILTIN_SSUBLL_OVERFLOW 1
| #define PHP_HAVE_BUILTIN_CPU_INIT 1
| #define PHP_HAVE_BUILTIN_CPU_SUPPORTS 1
| #define PHP_HAVE_SSSE3_INSTRUCTIONS 1
| #define PHP_HAVE_SSE4_2_INSTRUCTIONS 1
| #define PHP_HAVE_AVX_INSTRUCTIONS 1
| #define PHP_HAVE_AVX2_INSTRUCTIONS 0
| #define HAVE_STRUCT_TM_TM_GMTOFF 1
| #define HAVE_STRUCT_STAT_ST_BLKSIZE 1
| #define HAVE_STRUCT_STAT_ST_RDEV 1
| #define HAVE_STRUCT_STAT_ST_BLOCKS 1
| #define HAVE_ST_BLOCKS 1
| #define HAVE_SOCKADDR_STORAGE 1
| #define HAVE_FUNC_ATTRIBUTE_IFUNC 1
| #define HAVE_FUNC_ATTRIBUTE_TARGET 1
| #define HAVE_ALPHASORT 1
| #define HAVE_ASCTIME_R 1
| #define HAVE_CHROOT 1
| #define HAVE_CTIME_R 1
| #define HAVE_FLOCK 1
| #define HAVE_FTOK 1
| #define HAVE_GAI_STRERROR 1
| #define HAVE_GETCWD 1
| #define HAVE_GETLOADAVG 1
| #define HAVE_GETLOGIN 1
| #define HAVE_GETPROTOBYNAME 1
| #define HAVE_GETPROTOBYNUMBER 1
| #define HAVE_GETSERVBYNAME 1
| #define HAVE_GETSERVBYPORT 1
| #define HAVE_GETRUSAGE 1
| #define HAVE_GETTIMEOFDAY 1
| #define HAVE_GMTIME_R 1
| #define HAVE_GETPWNAM_R 1
| #define HAVE_GETGRNAM_R 1
| #define HAVE_GETPWUID_R 1
| #define HAVE_GETWD 1
| #define HAVE_GLOB 1
| #define HAVE_GRANTPT 1
| #define HAVE_INET_NTOA 1
| #define HAVE_INET_NTOP 1
| #define HAVE_INET_PTON 1
| #define HAVE_LOCALTIME_R 1
| #define HAVE_LCHOWN 1
| #define HAVE_MBRLEN 1
| #define HAVE_MEMMOVE 1
| #define HAVE_MKSTEMP 1
| #define HAVE_MMAP 1
| #define HAVE_NICE 1
| #define HAVE_NL_LANGINFO 1
| #define HAVE_POLL 1
| #define HAVE_PTSNAME 1
| #define HAVE_PUTENV 1
| #define HAVE_REALPATH 1
| #define HAVE_RAND_R 1
| #define HAVE_SCANDIR 1
| #define HAVE_SETITIMER 1
| #define HAVE_SETENV 1
| #define HAVE_SHUTDOWN 1
| #define HAVE_SIGPROCMASK 1
| #define HAVE_STATFS 1
| #define HAVE_STATVFS 1
| #define HAVE_STRCASECMP 1
| #define HAVE_STRFMON 1
| #define HAVE_STRNLEN 1
| #define HAVE_STRPTIME 1
| #define HAVE_STRTOK_R 1
| #define HAVE_SYMLINK 1
| #define HAVE_TZSET 1
| #define HAVE_UNLOCKPT 1
| #define HAVE_UNSETENV 1
| #define HAVE_USLEEP 1
| #define HAVE_UTIME 1
| #define HAVE_VASPRINTF 1
| #define HAVE_ASPRINTF 1
| #define HAVE_NANOSLEEP 1
| #define HAVE_MEMMEM 1
| /* end confdefs.h.  */
| #include <netdb.h>
| int
| main ()
| {
| 
|             char *name = "www.gnu.org";
|             (void)gethostbyname_r(name) /* ; */
| 
|   ;
|   return 0;
| }
configure:14403: cc -c -g -O2 -fvisibility=hidden  conftest.c >&5
configure:14403: $? = 0
configure:14503: result: six
configure:14539: checking for nanosleep in -lrt
configure:14564: cc -o conftest -g -O2 -fvisibility=hidden   conftest.c -lrt  -lm -ldl  >&5
configure:14564: $? = 0
configure:14573: result: yes
configure:14635: cc -o conftest -g -O2 -fvisibility=hidden   conftest.c -lm -ldl  -lrt >&5
conftest.c:208:1: warning: return type defaults to 'int' [-Wimplicit-int]
  208 | main() { return (0); }
      | ^~~~
configure:14635: $? = 0
configure:14635: ./conftest
configure:14635: $? = 0
configure:14673: checking for getaddrinfo
configure:14689: cc -o conftest -g -O2 -fvisibility=hidden   conftest.c -lrt -lm -ldl  >&5
configure:14689: $? = 0
configure:14733: cc -o conftest -g -O2 -fvisibility=hidden   conftest.c -lrt -lm -ldl  >&5
conftest.c: In function 'main':
conftest.c:219:3: warning: implicit declaration of function 'memset' [-Wimplicit-function-declaration]
  219 |   memset(&hints, 0, sizeof(hints));
      |   ^~~~~~
conftest.c:219:3: warning: incompatible implicit declaration of built-in function 'memset'
conftest.c:212:1: note: include '<string.h>' or provide a declaration of 'memset'
  211 | #include <netdb.h>
  +++ |+#include <string.h>
  212 | #include <sys/types.h>
conftest.c:223:5: warning: implicit declaration of function 'exit' [-Wimplicit-function-declaration]
  223 |     exit(1);
      |     ^~~~
conftest.c:223:5: warning: incompatible implicit declaration of built-in function 'exit'
conftest.c:212:1: note: include '<stdlib.h>' or provide a declaration of 'exit'
  211 | #include <netdb.h>
  +++ |+#include <stdlib.h>
  212 | #include <sys/types.h>
conftest.c:227:5: warning: incompatible implicit declaration of built-in function 'exit'
  227 |     exit(1);
      |     ^~~~
conftest.c:227:5: note: include '<stdlib.h>' or provide a declaration of 'exit'
conftest.c:235:7: warning: incompatible implicit declaration of built-in function 'exit'
  235 |       exit(1);
      |       ^~~~
conftest.c:235:7: note: include '<stdlib.h>' or provide a declaration of 'exit'
conftest.c:239:7: warning: incompatible implicit declaration of built-in function 'exit'
  239 |       exit(1);
      |       ^~~~
conftest.c:239:7: note: include '<stdlib.h>' or provide a declaration of 'exit'
conftest.c:244:3: warning: incompatible implicit declaration of built-in function 'exit'
  244 |   exit(0);
      |   ^~~~
conftest.c:244:3: note: include '<stdlib.h>' or provide a declaration of 'exit'
configure:14733: $? = 0
configure:14733: ./conftest
configure:14733: $? = 0
configure:14748: result: yes
configure:14756: checking for __sync_fetch_and_add
configure:14772: cc -o conftest -g -O2 -fvisibility=hidden   conftest.c -lrt -lm -ldl  >&5
configure:14772: $? = 0
configure:14780: result: yes
configure:14788: checking for strlcat
configure:14788: cc -o conftest -g -O2 -fvisibility=hidden   conftest.c -lrt -lm -ldl  >&5
/usr/bin/ld: /tmp/cc77jgmy.o: in function `main':
/app/conftest.c:246: undefined reference to `strlcat'
collect2: error: ld returned 1 exit status
configure:14788: $? = 1
configure: failed program was:
| /* confdefs.h */
| #define PACKAGE_NAME "PHP"
| #define PACKAGE_TARNAME "php"
| #define PACKAGE_VERSION "7.4.0"
| #define PACKAGE_STRING "PHP 7.4.0"
| #define PACKAGE_BUGREPORT "https://bugs.php.net"
| #define PACKAGE_URL "https://www.php.net"
| #define STDC_HEADERS 1
| #define HAVE_SYS_TYPES_H 1
| #define HAVE_SYS_STAT_H 1
| #define HAVE_STDLIB_H 1
| #define HAVE_STRING_H 1
| #define HAVE_MEMORY_H 1
| #define HAVE_STRINGS_H 1
| #define HAVE_INTTYPES_H 1
| #define HAVE_STDINT_H 1
| #define HAVE_UNISTD_H 1
| #define __EXTENSIONS__ 1
| #define _ALL_SOURCE 1
| #define _GNU_SOURCE 1
| #define _POSIX_PTHREAD_SEMANTICS 1
| #define _TANDEM_SOURCE 1
| #define HAVE_DEV_URANDOM 1
| #define HAVE_GCC_GLOBAL_REGS 1
| #define HAVE_HUGE_VAL_INF 1
| #define HAVE_CPUID_COUNT 1
| #define GWINSZ_IN_SYS_IOCTL 1
| #define HAVE_PHPDBG 1
| #define PHPDBG_DEBUG 0
| #define PHP_WRITE_STDOUT 1
| #define HAVE_SOCKET 1
| #define HAVE_SOCKETPAIR 1
| #define HAVE_HTONL 1
| #define HAVE_GETHOSTNAME 1
| #define HAVE_GETHOSTBYADDR 1
| #define HAVE_DLOPEN 1
| #define HAVE_LIBDL 1
| #define HAVE_DLSYM 1
| #define HAVE_LIBDL 1
| #define HAVE_LIBM 1
| #define HAVE_INET_ATON 1
| #define HAVE_INTTYPES_H 1
| #define HAVE_STDINT_H 1
| #define HAVE_DIRENT_H 1
| #define HAVE_SYS_PARAM_H 1
| #define HAVE_SYS_TYPES_H 1
| #define HAVE_SYS_TIME_H 1
| #define HAVE_NETINET_IN_H 1
| #define HAVE_ALLOCA_H 1
| #define HAVE_ARPA_INET_H 1
| #define HAVE_ARPA_NAMESER_H 1
| #define HAVE_CRYPT_H 1
| #define HAVE_FCNTL_H 1
| #define HAVE_GRP_H 1
| #define HAVE_LANGINFO_H 1
| #define HAVE_LOCALE_H 1
| #define HAVE_MALLOC_H 1
| #define HAVE_MONETARY_H 1
| #define HAVE_NETDB_H 1
| #define HAVE_POLL_H 1
| #define HAVE_PWD_H 1
| #define HAVE_RESOLV_H 1
| #define HAVE_STRINGS_H 1
| #define HAVE_SYSLOG_H 1
| #define HAVE_SYSEXITS_H 1
| #define HAVE_SYS_IOCTL_H 1
| #define HAVE_SYS_FILE_H 1
| #define HAVE_SYS_MMAN_H 1
| #define HAVE_SYS_MOUNT_H 1
| #define HAVE_SYS_POLL_H 1
| #define HAVE_SYS_RESOURCE_H 1
| #define HAVE_SYS_SELECT_H 1
| #define HAVE_SYS_SOCKET_H 1
| #define HAVE_SYS_STAT_H 1
| #define HAVE_SYS_STATFS_H 1
| #define HAVE_SYS_STATVFS_H 1
| #define HAVE_SYS_VFS_H 1
| #define HAVE_SYS_UIO_H 1
| #define HAVE_SYS_WAIT_H 1
| #define HAVE_TERMIOS_H 1
| #define HAVE_UNISTD_H 1
| #define HAVE_UTIME_H 1
| #define HAVE_SYS_UTSNAME_H 1
| #define HAVE_SYS_IPC_H 1
| #define HAVE_DLFCN_H 1
| #define HAVE_TMMINTRIN_H 1
| #define HAVE_NMMINTRIN_H 1
| #define HAVE_IMMINTRIN_H 1
| #define HAVE_FOPENCOOKIE 1
| #define COOKIE_IO_FUNCTIONS_T cookie_io_functions_t
| #define COOKIE_SEEKER_USES_OFF64_T 1
| #define HAVE_STRUCT_TM_TM_ZONE 1
| #define HAVE_TM_ZONE 1
| #define MISSING_FCLOSE_DECL 0
| #define HAVE_STRUCT_FLOCK 1
| #define HAVE_SOCKLEN_T 1
| #define SIZEOF_INTMAX_T 8
| #define HAVE_INTMAX_T 1
| #define SIZEOF_SSIZE_T 8
| #define HAVE_SSIZE_T 1
| #define SIZEOF_PTRDIFF_T 8
| #define HAVE_PTRDIFF_T 1
| #define SIZEOF_SHORT 2
| #define SIZEOF_INT 4
| #define SIZEOF_LONG 8
| #define SIZEOF_LONG_LONG 8
| #define SIZEOF_SIZE_T 8
| #define HAVE_INT8_T 1
| #define HAVE_INT16_T 1
| #define HAVE_INT32_T 1
| #define HAVE_INT64_T 1
| #define HAVE_UINT8_T 1
| #define HAVE_UINT16_T 1
| #define HAVE_UINT32_T 1
| #define HAVE_UINT64_T 1
| #define HAVE_U_INT8_T 1
| #define HAVE_U_INT16_T 1
| #define HAVE_U_INT32_T 1
| #define HAVE_U_INT64_T 1
| #define PHP_HAVE_BUILTIN_EXPECT 1
| #define PHP_HAVE_BUILTIN_CLZ 1
| #define PHP_HAVE_BUILTIN_CTZL 1
| #define PHP_HAVE_BUILTIN_CTZLL 1
| #define PHP_HAVE_BUILTIN_SMULL_OVERFLOW 1
| #define PHP_HAVE_BUILTIN_SMULLL_OVERFLOW 1
| #define PHP_HAVE_BUILTIN_SADDL_OVERFLOW 1
| #define PHP_HAVE_BUILTIN_SADDLL_OVERFLOW 1
| #define PHP_HAVE_BUILTIN_SSUBL_OVERFLOW 1
| #define PHP_HAVE_BUILTIN_SSUBLL_OVERFLOW 1
| #define PHP_HAVE_BUILTIN_CPU_INIT 1
| #define PHP_HAVE_BUILTIN_CPU_SUPPORTS 1
| #define PHP_HAVE_SSSE3_INSTRUCTIONS 1
| #define PHP_HAVE_SSE4_2_INSTRUCTIONS 1
| #define PHP_HAVE_AVX_INSTRUCTIONS 1
| #define PHP_HAVE_AVX2_INSTRUCTIONS 0
| #define HAVE_STRUCT_TM_TM_GMTOFF 1
| #define HAVE_STRUCT_STAT_ST_BLKSIZE 1
| #define HAVE_STRUCT_STAT_ST_RDEV 1
| #define HAVE_STRUCT_STAT_ST_BLOCKS 1
| #define HAVE_ST_BLOCKS 1
| #define HAVE_SOCKADDR_STORAGE 1
| #define HAVE_FUNC_ATTRIBUTE_IFUNC 1
| #define HAVE_FUNC_ATTRIBUTE_TARGET 1
| #define HAVE_ALPHASORT 1
| #define HAVE_ASCTIME_R 1
| #define HAVE_CHROOT 1
| #define HAVE_CTIME_R 1
| #define HAVE_FLOCK 1
| #define HAVE_FTOK 1
| #define HAVE_GAI_STRERROR 1
| #define HAVE_GETCWD 1
| #define HAVE_GETLOADAVG 1
| #define HAVE_GETLOGIN 1
| #define HAVE_GETPROTOBYNAME 1
| #define HAVE_GETPROTOBYNUMBER 1
| #define HAVE_GETSERVBYNAME 1
| #define HAVE_GETSERVBYPORT 1
| #define HAVE_GETRUSAGE 1
| #define HAVE_GETTIMEOFDAY 1
| #define HAVE_GMTIME_R 1
| #define HAVE_GETPWNAM_R 1
| #define HAVE_GETGRNAM_R 1
| #define HAVE_GETPWUID_R 1
| #define HAVE_GETWD 1
| #define HAVE_GLOB 1
| #define HAVE_GRANTPT 1
| #define HAVE_INET_NTOA 1
| #define HAVE_INET_NTOP 1
| #define HAVE_INET_PTON 1
| #define HAVE_LOCALTIME_R 1
| #define HAVE_LCHOWN 1
| #define HAVE_MBRLEN 1
| #define HAVE_MEMMOVE 1
| #define HAVE_MKSTEMP 1
| #define HAVE_MMAP 1
| #define HAVE_NICE 1
| #define HAVE_NL_LANGINFO 1
| #define HAVE_POLL 1
| #define HAVE_PTSNAME 1
| #define HAVE_PUTENV 1
| #define HAVE_REALPATH 1
| #define HAVE_RAND_R 1
| #define HAVE_SCANDIR 1
| #define HAVE_SETITIMER 1
| #define HAVE_SETENV 1
| #define HAVE_SHUTDOWN 1
| #define HAVE_SIGPROCMASK 1
| #define HAVE_STATFS 1
| #define HAVE_STATVFS 1
| #define HAVE_STRCASECMP 1
| #define HAVE_STRFMON 1
| #define HAVE_STRNLEN 1
| #define HAVE_STRPTIME 1
| #define HAVE_STRTOK_R 1
| #define HAVE_SYMLINK 1
| #define HAVE_TZSET 1
| #define HAVE_UNLOCKPT 1
| #define HAVE_UNSETENV 1
| #define HAVE_USLEEP 1
| #define HAVE_UTIME 1
| #define HAVE_VASPRINTF 1
| #define HAVE_ASPRINTF 1
| #define HAVE_NANOSLEEP 1
| #define HAVE_MEMMEM 1
| #define HAVE_GETHOSTBYNAME_R 1
| #define HAVE_FUNC_GETHOSTBYNAME_R_6 1
| #define HAVE_NANOSLEEP 1
| #define HAVE_LIBRT 1
| #define HAVE_GETADDRINFO 1
| #define HAVE_SYNC_FETCH_AND_ADD 1
| /* end confdefs.h.  */
| /* Define strlcat to an innocuous variant, in case <limits.h> declares strlcat.
|    For example, HP-UX 11i <limits.h> declares gettimeofday.  */
| #define strlcat innocuous_strlcat
| 
| /* System header to define __stub macros and hopefully few prototypes,
|     which can conflict with char strlcat (); below.
|     Prefer <limits.h> to <assert.h> if __STDC__ is defined, since
|     <limits.h> exists even on freestanding compilers.  */
| 
| #ifdef __STDC__
| # include <limits.h>
| #else
| # include <assert.h>
| #endif
| 
| #undef strlcat
| 
| /* Override any GCC internal prototype to avoid an error.
|    Use char because int might match the return type of a GCC
|    builtin and then its argument prototype would still apply.  */
| #ifdef __cplusplus
| extern "C"
| #endif
| char strlcat ();
| /* The GNU C library defines this for functions which it implements
|     to always fail with ENOSYS.  Some functions are actually named
|     something starting with __ and the normal name is an alias.  */
| #if defined __stub_strlcat || defined __stub___strlcat
| choke me
| #endif
| 
| int
| main ()
| {
| return strlcat ();
|   ;
|   return 0;
| }
configure:14788: result: no
configure:14801: checking for strlcpy
configure:14801: cc -o conftest -g -O2 -fvisibility=hidden   conftest.c -lrt -lm -ldl  >&5
/usr/bin/ld: /tmp/ccFhQjXE.o: in function `main':
/app/conftest.c:246: undefined reference to `strlcpy'
collect2: error: ld returned 1 exit status
configure:14801: $? = 1
configure: failed program was:
| /* confdefs.h */
| #define PACKAGE_NAME "PHP"
| #define PACKAGE_TARNAME "php"
| #define PACKAGE_VERSION "7.4.0"
| #define PACKAGE_STRING "PHP 7.4.0"
| #define PACKAGE_BUGREPORT "https://bugs.php.net"
| #define PACKAGE_URL "https://www.php.net"
| #define STDC_HEADERS 1
| #define HAVE_SYS_TYPES_H 1
| #define HAVE_SYS_STAT_H 1
| #define HAVE_STDLIB_H 1
| #define HAVE_STRING_H 1
| #define HAVE_MEMORY_H 1
| #define HAVE_STRINGS_H 1
| #define HAVE_INTTYPES_H 1
| #define HAVE_STDINT_H 1
| #define HAVE_UNISTD_H 1
| #define __EXTENSIONS__ 1
| #define _ALL_SOURCE 1
| #define _GNU_SOURCE 1
| #define _POSIX_PTHREAD_SEMANTICS 1
| #define _TANDEM_SOURCE 1
| #define HAVE_DEV_URANDOM 1
| #define HAVE_GCC_GLOBAL_REGS 1
| #define HAVE_HUGE_VAL_INF 1
| #define HAVE_CPUID_COUNT 1
| #define GWINSZ_IN_SYS_IOCTL 1
| #define HAVE_PHPDBG 1
| #define PHPDBG_DEBUG 0
| #define PHP_WRITE_STDOUT 1
| #define HAVE_SOCKET 1
| #define HAVE_SOCKETPAIR 1
| #define HAVE_HTONL 1
| #define HAVE_GETHOSTNAME 1
| #define HAVE_GETHOSTBYADDR 1
| #define HAVE_DLOPEN 1
| #define HAVE_LIBDL 1
| #define HAVE_DLSYM 1
| #define HAVE_LIBDL 1
| #define HAVE_LIBM 1
| #define HAVE_INET_ATON 1
| #define HAVE_INTTYPES_H 1
| #define HAVE_STDINT_H 1
| #define HAVE_DIRENT_H 1
| #define HAVE_SYS_PARAM_H 1
| #define HAVE_SYS_TYPES_H 1
| #define HAVE_SYS_TIME_H 1
| #define HAVE_NETINET_IN_H 1
| #define HAVE_ALLOCA_H 1
| #define HAVE_ARPA_INET_H 1
| #define HAVE_ARPA_NAMESER_H 1
| #define HAVE_CRYPT_H 1
| #define HAVE_FCNTL_H 1
| #define HAVE_GRP_H 1
| #define HAVE_LANGINFO_H 1
| #define HAVE_LOCALE_H 1
| #define HAVE_MALLOC_H 1
| #define HAVE_MONETARY_H 1
| #define HAVE_NETDB_H 1
| #define HAVE_POLL_H 1
| #define HAVE_PWD_H 1
| #define HAVE_RESOLV_H 1
| #define HAVE_STRINGS_H 1
| #define HAVE_SYSLOG_H 1
| #define HAVE_SYSEXITS_H 1
| #define HAVE_SYS_IOCTL_H 1
| #define HAVE_SYS_FILE_H 1
| #define HAVE_SYS_MMAN_H 1
| #define HAVE_SYS_MOUNT_H 1
| #define HAVE_SYS_POLL_H 1
| #define HAVE_SYS_RESOURCE_H 1
| #define HAVE_SYS_SELECT_H 1
| #define HAVE_SYS_SOCKET_H 1
| #define HAVE_SYS_STAT_H 1
| #define HAVE_SYS_STATFS_H 1
| #define HAVE_SYS_STATVFS_H 1
| #define HAVE_SYS_VFS_H 1
| #define HAVE_SYS_UIO_H 1
| #define HAVE_SYS_WAIT_H 1
| #define HAVE_TERMIOS_H 1
| #define HAVE_UNISTD_H 1
| #define HAVE_UTIME_H 1
| #define HAVE_SYS_UTSNAME_H 1
| #define HAVE_SYS_IPC_H 1
| #define HAVE_DLFCN_H 1
| #define HAVE_TMMINTRIN_H 1
| #define HAVE_NMMINTRIN_H 1
| #define HAVE_IMMINTRIN_H 1
| #define HAVE_FOPENCOOKIE 1
| #define COOKIE_IO_FUNCTIONS_T cookie_io_functions_t
| #define COOKIE_SEEKER_USES_OFF64_T 1
| #define HAVE_STRUCT_TM_TM_ZONE 1
| #define HAVE_TM_ZONE 1
| #define MISSING_FCLOSE_DECL 0
| #define HAVE_STRUCT_FLOCK 1
| #define HAVE_SOCKLEN_T 1
| #define SIZEOF_INTMAX_T 8
| #define HAVE_INTMAX_T 1
| #define SIZEOF_SSIZE_T 8
| #define HAVE_SSIZE_T 1
| #define SIZEOF_PTRDIFF_T 8
| #define HAVE_PTRDIFF_T 1
| #define SIZEOF_SHORT 2
| #define SIZEOF_INT 4
| #define SIZEOF_LONG 8
| #define SIZEOF_LONG_LONG 8
| #define SIZEOF_SIZE_T 8
| #define HAVE_INT8_T 1
| #define HAVE_INT16_T 1
| #define HAVE_INT32_T 1
| #define HAVE_INT64_T 1
| #define HAVE_UINT8_T 1
| #define HAVE_UINT16_T 1
| #define HAVE_UINT32_T 1
| #define HAVE_UINT64_T 1
| #define HAVE_U_INT8_T 1
| #define HAVE_U_INT16_T 1
| #define HAVE_U_INT32_T 1
| #define HAVE_U_INT64_T 1
| #define PHP_HAVE_BUILTIN_EXPECT 1
| #define PHP_HAVE_BUILTIN_CLZ 1
| #define PHP_HAVE_BUILTIN_CTZL 1
| #define PHP_HAVE_BUILTIN_CTZLL 1
| #define PHP_HAVE_BUILTIN_SMULL_OVERFLOW 1
| #define PHP_HAVE_BUILTIN_SMULLL_OVERFLOW 1
| #define PHP_HAVE_BUILTIN_SADDL_OVERFLOW 1
| #define PHP_HAVE_BUILTIN_SADDLL_OVERFLOW 1
| #define PHP_HAVE_BUILTIN_SSUBL_OVERFLOW 1
| #define PHP_HAVE_BUILTIN_SSUBLL_OVERFLOW 1
| #define PHP_HAVE_BUILTIN_CPU_INIT 1
| #define PHP_HAVE_BUILTIN_CPU_SUPPORTS 1
| #define PHP_HAVE_SSSE3_INSTRUCTIONS 1
| #define PHP_HAVE_SSE4_2_INSTRUCTIONS 1
| #define PHP_HAVE_AVX_INSTRUCTIONS 1
| #define PHP_HAVE_AVX2_INSTRUCTIONS 0
| #define HAVE_STRUCT_TM_TM_GMTOFF 1
| #define HAVE_STRUCT_STAT_ST_BLKSIZE 1
| #define HAVE_STRUCT_STAT_ST_RDEV 1
| #define HAVE_STRUCT_STAT_ST_BLOCKS 1
| #define HAVE_ST_BLOCKS 1
| #define HAVE_SOCKADDR_STORAGE 1
| #define HAVE_FUNC_ATTRIBUTE_IFUNC 1
| #define HAVE_FUNC_ATTRIBUTE_TARGET 1
| #define HAVE_ALPHASORT 1
| #define HAVE_ASCTIME_R 1
| #define HAVE_CHROOT 1
| #define HAVE_CTIME_R 1
| #define HAVE_FLOCK 1
| #define HAVE_FTOK 1
| #define HAVE_GAI_STRERROR 1
| #define HAVE_GETCWD 1
| #define HAVE_GETLOADAVG 1
| #define HAVE_GETLOGIN 1
| #define HAVE_GETPROTOBYNAME 1
| #define HAVE_GETPROTOBYNUMBER 1
| #define HAVE_GETSERVBYNAME 1
| #define HAVE_GETSERVBYPORT 1
| #define HAVE_GETRUSAGE 1
| #define HAVE_GETTIMEOFDAY 1
| #define HAVE_GMTIME_R 1
| #define HAVE_GETPWNAM_R 1
| #define HAVE_GETGRNAM_R 1
| #define HAVE_GETPWUID_R 1
| #define HAVE_GETWD 1
| #define HAVE_GLOB 1
| #define HAVE_GRANTPT 1
| #define HAVE_INET_NTOA 1
| #define HAVE_INET_NTOP 1
| #define HAVE_INET_PTON 1
| #define HAVE_LOCALTIME_R 1
| #define HAVE_LCHOWN 1
| #define HAVE_MBRLEN 1
| #define HAVE_MEMMOVE 1
| #define HAVE_MKSTEMP 1
| #define HAVE_MMAP 1
| #define HAVE_NICE 1
| #define HAVE_NL_LANGINFO 1
| #define HAVE_POLL 1
| #define HAVE_PTSNAME 1
| #define HAVE_PUTENV 1
| #define HAVE_REALPATH 1
| #define HAVE_RAND_R 1
| #define HAVE_SCANDIR 1
| #define HAVE_SETITIMER 1
| #define HAVE_SETENV 1
| #define HAVE_SHUTDOWN 1
| #define HAVE_SIGPROCMASK 1
| #define HAVE_STATFS 1
| #define HAVE_STATVFS 1
| #define HAVE_STRCASECMP 1
| #define HAVE_STRFMON 1
| #define HAVE_STRNLEN 1
| #define HAVE_STRPTIME 1
| #define HAVE_STRTOK_R 1
| #define HAVE_SYMLINK 1
| #define HAVE_TZSET 1
| #define HAVE_UNLOCKPT 1
| #define HAVE_UNSETENV 1
| #define HAVE_USLEEP 1
| #define HAVE_UTIME 1
| #define HAVE_VASPRINTF 1
| #define HAVE_ASPRINTF 1
| #define HAVE_NANOSLEEP 1
| #define HAVE_MEMMEM 1
| #define HAVE_GETHOSTBYNAME_R 1
| #define HAVE_FUNC_GETHOSTBYNAME_R_6 1
| #define HAVE_NANOSLEEP 1
| #define HAVE_LIBRT 1
| #define HAVE_GETADDRINFO 1
| #define HAVE_SYNC_FETCH_AND_ADD 1
| /* end confdefs.h.  */
| /* Define strlcpy to an innocuous variant, in case <limits.h> declares strlcpy.
|    For example, HP-UX 11i <limits.h> declares gettimeofday.  */
| #define strlcpy innocuous_strlcpy
| 
| /* System header to define __stub macros and hopefully few prototypes,
|     which can conflict with char strlcpy (); below.
|     Prefer <limits.h> to <assert.h> if __STDC__ is defined, since
|     <limits.h> exists even on freestanding compilers.  */
| 
| #ifdef __STDC__
| # include <limits.h>
| #else
| # include <assert.h>
| #endif
| 
| #undef strlcpy
| 
| /* Override any GCC internal prototype to avoid an error.
|    Use char because int might match the return type of a GCC
|    builtin and then its argument prototype would still apply.  */
| #ifdef __cplusplus
| extern "C"
| #endif
| char strlcpy ();
| /* The GNU C library defines this for functions which it implements
|     to always fail with ENOSYS.  Some functions are actually named
|     something starting with __ and the normal name is an alias.  */
| #if defined __stub_strlcpy || defined __stub___strlcpy
| choke me
| #endif
| 
| int
| main ()
| {
| return strlcpy ();
|   ;
|   return 0;
| }
configure:14801: result: no
configure:14814: checking for explicit_bzero
configure:14814: cc -o conftest -g -O2 -fvisibility=hidden   conftest.c -lrt -lm -ldl  >&5
configure:14814: $? = 0
configure:14814: result: yes
configure:14827: checking for getopt
configure:14827: cc -o conftest -g -O2 -fvisibility=hidden   conftest.c -lrt -lm -ldl  >&5
configure:14827: $? = 0
configure:14827: result: yes
configure:14843: checking for working alloca.h
configure:14860: cc -o conftest -g -O2 -fvisibility=hidden   conftest.c -lrt -lm -ldl  >&5
configure:14860: $? = 0
configure:14868: result: yes
configure:14876: checking for alloca
configure:14913: cc -o conftest -g -O2 -fvisibility=hidden   conftest.c -lrt -lm -ldl  >&5
configure:14913: $? = 0
configure:14921: result: yes
configure:15028: checking for type of reentrant time-related functions
configure:15057: cc -o conftest -g -O2 -fvisibility=hidden   conftest.c -lrt -lm -ldl  >&5
conftest.c:219:1: warning: return type defaults to 'int' [-Wimplicit-int]
  219 | main() {
      | ^~~~
conftest.c: In function 'main':
conftest.c:225:3: warning: assignment to 'int' from 'struct tm *' makes integer from pointer without a cast [-Wint-conversion]
  225 | s = gmtime_r(&old, &t);
      |   ^
conftest.c:226:11: error: too many arguments to function 'asctime_r'
  226 | r = (int) asctime_r(&t, buf, 26);
      |           ^~~~~~~~~
In file included from conftest.c:217:
/usr/include/time.h:149:14: note: declared here
  149 | extern char *asctime_r (const struct tm *__restrict __tp,
      |              ^~~~~~~~~
conftest.c:226:5: warning: cast from pointer to integer of different size [-Wpointer-to-int-cast]
  226 | r = (int) asctime_r(&t, buf, 26);
      |     ^
configure:15057: $? = 1
configure: program exited with status 1
configure: failed program was:
| /* confdefs.h */
| #define PACKAGE_NAME "PHP"
| #define PACKAGE_TARNAME "php"
| #define PACKAGE_VERSION "7.4.0"
| #define PACKAGE_STRING "PHP 7.4.0"
| #define PACKAGE_BUGREPORT "https://bugs.php.net"
| #define PACKAGE_URL "https://www.php.net"
| #define STDC_HEADERS 1
| #define HAVE_SYS_TYPES_H 1
| #define HAVE_SYS_STAT_H 1
| #define HAVE_STDLIB_H 1
| #define HAVE_STRING_H 1
| #define HAVE_MEMORY_H 1
| #define HAVE_STRINGS_H 1
| #define HAVE_INTTYPES_H 1
| #define HAVE_STDINT_H 1
| #define HAVE_UNISTD_H 1
| #define __EXTENSIONS__ 1
| #define _ALL_SOURCE 1
| #define _GNU_SOURCE 1
| #define _POSIX_PTHREAD_SEMANTICS 1
| #define _TANDEM_SOURCE 1
| #define HAVE_DEV_URANDOM 1
| #define HAVE_GCC_GLOBAL_REGS 1
| #define HAVE_HUGE_VAL_INF 1
| #define HAVE_CPUID_COUNT 1
| #define GWINSZ_IN_SYS_IOCTL 1
| #define HAVE_PHPDBG 1
| #define PHPDBG_DEBUG 0
| #define PHP_WRITE_STDOUT 1
| #define HAVE_SOCKET 1
| #define HAVE_SOCKETPAIR 1
| #define HAVE_HTONL 1
| #define HAVE_GETHOSTNAME 1
| #define HAVE_GETHOSTBYADDR 1
| #define HAVE_DLOPEN 1
| #define HAVE_LIBDL 1
| #define HAVE_DLSYM 1
| #define HAVE_LIBDL 1
| #define HAVE_LIBM 1
| #define HAVE_INET_ATON 1
| #define HAVE_INTTYPES_H 1
| #define HAVE_STDINT_H 1
| #define HAVE_DIRENT_H 1
| #define HAVE_SYS_PARAM_H 1
| #define HAVE_SYS_TYPES_H 1
| #define HAVE_SYS_TIME_H 1
| #define HAVE_NETINET_IN_H 1
| #define HAVE_ALLOCA_H 1
| #define HAVE_ARPA_INET_H 1
| #define HAVE_ARPA_NAMESER_H 1
| #define HAVE_CRYPT_H 1
| #define HAVE_FCNTL_H 1
| #define HAVE_GRP_H 1
| #define HAVE_LANGINFO_H 1
| #define HAVE_LOCALE_H 1
| #define HAVE_MALLOC_H 1
| #define HAVE_MONETARY_H 1
| #define HAVE_NETDB_H 1
| #define HAVE_POLL_H 1
| #define HAVE_PWD_H 1
| #define HAVE_RESOLV_H 1
| #define HAVE_STRINGS_H 1
| #define HAVE_SYSLOG_H 1
| #define HAVE_SYSEXITS_H 1
| #define HAVE_SYS_IOCTL_H 1
| #define HAVE_SYS_FILE_H 1
| #define HAVE_SYS_MMAN_H 1
| #define HAVE_SYS_MOUNT_H 1
| #define HAVE_SYS_POLL_H 1
| #define HAVE_SYS_RESOURCE_H 1
| #define HAVE_SYS_SELECT_H 1
| #define HAVE_SYS_SOCKET_H 1
| #define HAVE_SYS_STAT_H 1
| #define HAVE_SYS_STATFS_H 1
| #define HAVE_SYS_STATVFS_H 1
| #define HAVE_SYS_VFS_H 1
| #define HAVE_SYS_UIO_H 1
| #define HAVE_SYS_WAIT_H 1
| #define HAVE_TERMIOS_H 1
| #define HAVE_UNISTD_H 1
| #define HAVE_UTIME_H 1
| #define HAVE_SYS_UTSNAME_H 1
| #define HAVE_SYS_IPC_H 1
| #define HAVE_DLFCN_H 1
| #define HAVE_TMMINTRIN_H 1
| #define HAVE_NMMINTRIN_H 1
| #define HAVE_IMMINTRIN_H 1
| #define HAVE_FOPENCOOKIE 1
| #define COOKIE_IO_FUNCTIONS_T cookie_io_functions_t
| #define COOKIE_SEEKER_USES_OFF64_T 1
| #define HAVE_STRUCT_TM_TM_ZONE 1
| #define HAVE_TM_ZONE 1
| #define MISSING_FCLOSE_DECL 0
| #define HAVE_STRUCT_FLOCK 1
| #define HAVE_SOCKLEN_T 1
| #define SIZEOF_INTMAX_T 8
| #define HAVE_INTMAX_T 1
| #define SIZEOF_SSIZE_T 8
| #define HAVE_SSIZE_T 1
| #define SIZEOF_PTRDIFF_T 8
| #define HAVE_PTRDIFF_T 1
| #define SIZEOF_SHORT 2
| #define SIZEOF_INT 4
| #define SIZEOF_LONG 8
| #define SIZEOF_LONG_LONG 8
| #define SIZEOF_SIZE_T 8
| #define HAVE_INT8_T 1
| #define HAVE_INT16_T 1
| #define HAVE_INT32_T 1
| #define HAVE_INT64_T 1
| #define HAVE_UINT8_T 1
| #define HAVE_UINT16_T 1
| #define HAVE_UINT32_T 1
| #define HAVE_UINT64_T 1
| #define HAVE_U_INT8_T 1
| #define HAVE_U_INT16_T 1
| #define HAVE_U_INT32_T 1
| #define HAVE_U_INT64_T 1
| #define PHP_HAVE_BUILTIN_EXPECT 1
| #define PHP_HAVE_BUILTIN_CLZ 1
| #define PHP_HAVE_BUILTIN_CTZL 1
| #define PHP_HAVE_BUILTIN_CTZLL 1
| #define PHP_HAVE_BUILTIN_SMULL_OVERFLOW 1
| #define PHP_HAVE_BUILTIN_SMULLL_OVERFLOW 1
| #define PHP_HAVE_BUILTIN_SADDL_OVERFLOW 1
| #define PHP_HAVE_BUILTIN_SADDLL_OVERFLOW 1
| #define PHP_HAVE_BUILTIN_SSUBL_OVERFLOW 1
| #define PHP_HAVE_BUILTIN_SSUBLL_OVERFLOW 1
| #define PHP_HAVE_BUILTIN_CPU_INIT 1
| #define PHP_HAVE_BUILTIN_CPU_SUPPORTS 1
| #define PHP_HAVE_SSSE3_INSTRUCTIONS 1
| #define PHP_HAVE_SSE4_2_INSTRUCTIONS 1
| #define PHP_HAVE_AVX_INSTRUCTIONS 1
| #define PHP_HAVE_AVX2_INSTRUCTIONS 0
| #define HAVE_STRUCT_TM_TM_GMTOFF 1
| #define HAVE_STRUCT_STAT_ST_BLKSIZE 1
| #define HAVE_STRUCT_STAT_ST_RDEV 1
| #define HAVE_STRUCT_STAT_ST_BLOCKS 1
| #define HAVE_ST_BLOCKS 1
| #define HAVE_SOCKADDR_STORAGE 1
| #define HAVE_FUNC_ATTRIBUTE_IFUNC 1
| #define HAVE_FUNC_ATTRIBUTE_TARGET 1
| #define HAVE_ALPHASORT 1
| #define HAVE_ASCTIME_R 1
| #define HAVE_CHROOT 1
| #define HAVE_CTIME_R 1
| #define HAVE_FLOCK 1
| #define HAVE_FTOK 1
| #define HAVE_GAI_STRERROR 1
| #define HAVE_GETCWD 1
| #define HAVE_GETLOADAVG 1
| #define HAVE_GETLOGIN 1
| #define HAVE_GETPROTOBYNAME 1
| #define HAVE_GETPROTOBYNUMBER 1
| #define HAVE_GETSERVBYNAME 1
| #define HAVE_GETSERVBYPORT 1
| #define HAVE_GETRUSAGE 1
| #define HAVE_GETTIMEOFDAY 1
| #define HAVE_GMTIME_R 1
| #define HAVE_GETPWNAM_R 1
| #define HAVE_GETGRNAM_R 1
| #define HAVE_GETPWUID_R 1
| #define HAVE_GETWD 1
| #define HAVE_GLOB 1
| #define HAVE_GRANTPT 1
| #define HAVE_INET_NTOA 1
| #define HAVE_INET_NTOP 1
| #define HAVE_INET_PTON 1
| #define HAVE_LOCALTIME_R 1
| #define HAVE_LCHOWN 1
| #define HAVE_MBRLEN 1
| #define HAVE_MEMMOVE 1
| #define HAVE_MKSTEMP 1
| #define HAVE_MMAP 1
| #define HAVE_NICE 1
| #define HAVE_NL_LANGINFO 1
| #define HAVE_POLL 1
| #define HAVE_PTSNAME 1
| #define HAVE_PUTENV 1
| #define HAVE_REALPATH 1
| #define HAVE_RAND_R 1
| #define HAVE_SCANDIR 1
| #define HAVE_SETITIMER 1
| #define HAVE_SETENV 1
| #define HAVE_SHUTDOWN 1
| #define HAVE_SIGPROCMASK 1
| #define HAVE_STATFS 1
| #define HAVE_STATVFS 1
| #define HAVE_STRCASECMP 1
| #define HAVE_STRFMON 1
| #define HAVE_STRNLEN 1
| #define HAVE_STRPTIME 1
| #define HAVE_STRTOK_R 1
| #define HAVE_SYMLINK 1
| #define HAVE_TZSET 1
| #define HAVE_UNLOCKPT 1
| #define HAVE_UNSETENV 1
| #define HAVE_USLEEP 1
| #define HAVE_UTIME 1
| #define HAVE_VASPRINTF 1
| #define HAVE_ASPRINTF 1
| #define HAVE_NANOSLEEP 1
| #define HAVE_MEMMEM 1
| #define HAVE_GETHOSTBYNAME_R 1
| #define HAVE_FUNC_GETHOSTBYNAME_R_6 1
| #define HAVE_NANOSLEEP 1
| #define HAVE_LIBRT 1
| #define HAVE_GETADDRINFO 1
| #define HAVE_SYNC_FETCH_AND_ADD 1
| #define HAVE_EXPLICIT_BZERO 1
| #define HAVE_GETOPT 1
| #define HAVE_ALLOCA_H 1
| #define HAVE_ALLOCA 1
| /* end confdefs.h.  */
| 
| #include <time.h>
| 
| main() {
| char buf[27];
| struct tm t;
| time_t old = 0;
| int r, s;
| 
| s = gmtime_r(&old, &t);
| r = (int) asctime_r(&t, buf, 26);
| if (r == s && s == 0) return (0);
| return (1);
| }
| 
configure:15084: cc -o conftest -g -O2 -fvisibility=hidden   conftest.c -lrt -lm -ldl  >&5
conftest.c:218:1: warning: return type defaults to 'int' [-Wimplicit-int]
  218 | main() {
      | ^~~~
conftest.c: In function 'main':
conftest.c:224:7: error: too many arguments to function 'asctime_r'
  224 |   p = asctime_r(&t, buf, 26);
      |       ^~~~~~~~~
In file included from conftest.c:217:
/usr/include/time.h:149:14: note: declared here
  149 | extern char *asctime_r (const struct tm *__restrict __tp,
      |              ^~~~~~~~~
configure:15084: $? = 1
configure: program exited with status 1
configure: failed program was:
| /* confdefs.h */
| #define PACKAGE_NAME "PHP"
| #define PACKAGE_TARNAME "php"
| #define PACKAGE_VERSION "7.4.0"
| #define PACKAGE_STRING "PHP 7.4.0"
| #define PACKAGE_BUGREPORT "https://bugs.php.net"
| #define PACKAGE_URL "https://www.php.net"
| #define STDC_HEADERS 1
| #define HAVE_SYS_TYPES_H 1
| #define HAVE_SYS_STAT_H 1
| #define HAVE_STDLIB_H 1
| #define HAVE_STRING_H 1
| #define HAVE_MEMORY_H 1
| #define HAVE_STRINGS_H 1
| #define HAVE_INTTYPES_H 1
| #define HAVE_STDINT_H 1
| #define HAVE_UNISTD_H 1
| #define __EXTENSIONS__ 1
| #define _ALL_SOURCE 1
| #define _GNU_SOURCE 1
| #define _POSIX_PTHREAD_SEMANTICS 1
| #define _TANDEM_SOURCE 1
| #define HAVE_DEV_URANDOM 1
| #define HAVE_GCC_GLOBAL_REGS 1
| #define HAVE_HUGE_VAL_INF 1
| #define HAVE_CPUID_COUNT 1
| #define GWINSZ_IN_SYS_IOCTL 1
| #define HAVE_PHPDBG 1
| #define PHPDBG_DEBUG 0
| #define PHP_WRITE_STDOUT 1
| #define HAVE_SOCKET 1
| #define HAVE_SOCKETPAIR 1
| #define HAVE_HTONL 1
| #define HAVE_GETHOSTNAME 1
| #define HAVE_GETHOSTBYADDR 1
| #define HAVE_DLOPEN 1
| #define HAVE_LIBDL 1
| #define HAVE_DLSYM 1
| #define HAVE_LIBDL 1
| #define HAVE_LIBM 1
| #define HAVE_INET_ATON 1
| #define HAVE_INTTYPES_H 1
| #define HAVE_STDINT_H 1
| #define HAVE_DIRENT_H 1
| #define HAVE_SYS_PARAM_H 1
| #define HAVE_SYS_TYPES_H 1
| #define HAVE_SYS_TIME_H 1
| #define HAVE_NETINET_IN_H 1
| #define HAVE_ALLOCA_H 1
| #define HAVE_ARPA_INET_H 1
| #define HAVE_ARPA_NAMESER_H 1
| #define HAVE_CRYPT_H 1
| #define HAVE_FCNTL_H 1
| #define HAVE_GRP_H 1
| #define HAVE_LANGINFO_H 1
| #define HAVE_LOCALE_H 1
| #define HAVE_MALLOC_H 1
| #define HAVE_MONETARY_H 1
| #define HAVE_NETDB_H 1
| #define HAVE_POLL_H 1
| #define HAVE_PWD_H 1
| #define HAVE_RESOLV_H 1
| #define HAVE_STRINGS_H 1
| #define HAVE_SYSLOG_H 1
| #define HAVE_SYSEXITS_H 1
| #define HAVE_SYS_IOCTL_H 1
| #define HAVE_SYS_FILE_H 1
| #define HAVE_SYS_MMAN_H 1
| #define HAVE_SYS_MOUNT_H 1
| #define HAVE_SYS_POLL_H 1
| #define HAVE_SYS_RESOURCE_H 1
| #define HAVE_SYS_SELECT_H 1
| #define HAVE_SYS_SOCKET_H 1
| #define HAVE_SYS_STAT_H 1
| #define HAVE_SYS_STATFS_H 1
| #define HAVE_SYS_STATVFS_H 1
| #define HAVE_SYS_VFS_H 1
| #define HAVE_SYS_UIO_H 1
| #define HAVE_SYS_WAIT_H 1
| #define HAVE_TERMIOS_H 1
| #define HAVE_UNISTD_H 1
| #define HAVE_UTIME_H 1
| #define HAVE_SYS_UTSNAME_H 1
| #define HAVE_SYS_IPC_H 1
| #define HAVE_DLFCN_H 1
| #define HAVE_TMMINTRIN_H 1
| #define HAVE_NMMINTRIN_H 1
| #define HAVE_IMMINTRIN_H 1
| #define HAVE_FOPENCOOKIE 1
| #define COOKIE_IO_FUNCTIONS_T cookie_io_functions_t
| #define COOKIE_SEEKER_USES_OFF64_T 1
| #define HAVE_STRUCT_TM_TM_ZONE 1
| #define HAVE_TM_ZONE 1
| #define MISSING_FCLOSE_DECL 0
| #define HAVE_STRUCT_FLOCK 1
| #define HAVE_SOCKLEN_T 1
| #define SIZEOF_INTMAX_T 8
| #define HAVE_INTMAX_T 1
| #define SIZEOF_SSIZE_T 8
| #define HAVE_SSIZE_T 1
| #define SIZEOF_PTRDIFF_T 8
| #define HAVE_PTRDIFF_T 1
| #define SIZEOF_SHORT 2
| #define SIZEOF_INT 4
| #define SIZEOF_LONG 8
| #define SIZEOF_LONG_LONG 8
| #define SIZEOF_SIZE_T 8
| #define HAVE_INT8_T 1
| #define HAVE_INT16_T 1
| #define HAVE_INT32_T 1
| #define HAVE_INT64_T 1
| #define HAVE_UINT8_T 1
| #define HAVE_UINT16_T 1
| #define HAVE_UINT32_T 1
| #define HAVE_UINT64_T 1
| #define HAVE_U_INT8_T 1
| #define HAVE_U_INT16_T 1
| #define HAVE_U_INT32_T 1
| #define HAVE_U_INT64_T 1
| #define PHP_HAVE_BUILTIN_EXPECT 1
| #define PHP_HAVE_BUILTIN_CLZ 1
| #define PHP_HAVE_BUILTIN_CTZL 1
| #define PHP_HAVE_BUILTIN_CTZLL 1
| #define PHP_HAVE_BUILTIN_SMULL_OVERFLOW 1
| #define PHP_HAVE_BUILTIN_SMULLL_OVERFLOW 1
| #define PHP_HAVE_BUILTIN_SADDL_OVERFLOW 1
| #define PHP_HAVE_BUILTIN_SADDLL_OVERFLOW 1
| #define PHP_HAVE_BUILTIN_SSUBL_OVERFLOW 1
| #define PHP_HAVE_BUILTIN_SSUBLL_OVERFLOW 1
| #define PHP_HAVE_BUILTIN_CPU_INIT 1
| #define PHP_HAVE_BUILTIN_CPU_SUPPORTS 1
| #define PHP_HAVE_SSSE3_INSTRUCTIONS 1
| #define PHP_HAVE_SSE4_2_INSTRUCTIONS 1
| #define PHP_HAVE_AVX_INSTRUCTIONS 1
| #define PHP_HAVE_AVX2_INSTRUCTIONS 0
| #define HAVE_STRUCT_TM_TM_GMTOFF 1
| #define HAVE_STRUCT_STAT_ST_BLKSIZE 1
| #define HAVE_STRUCT_STAT_ST_RDEV 1
| #define HAVE_STRUCT_STAT_ST_BLOCKS 1
| #define HAVE_ST_BLOCKS 1
| #define HAVE_SOCKADDR_STORAGE 1
| #define HAVE_FUNC_ATTRIBUTE_IFUNC 1
| #define HAVE_FUNC_ATTRIBUTE_TARGET 1
| #define HAVE_ALPHASORT 1
| #define HAVE_ASCTIME_R 1
| #define HAVE_CHROOT 1
| #define HAVE_CTIME_R 1
| #define HAVE_FLOCK 1
| #define HAVE_FTOK 1
| #define HAVE_GAI_STRERROR 1
| #define HAVE_GETCWD 1
| #define HAVE_GETLOADAVG 1
| #define HAVE_GETLOGIN 1
| #define HAVE_GETPROTOBYNAME 1
| #define HAVE_GETPROTOBYNUMBER 1
| #define HAVE_GETSERVBYNAME 1
| #define HAVE_GETSERVBYPORT 1
| #define HAVE_GETRUSAGE 1
| #define HAVE_GETTIMEOFDAY 1
| #define HAVE_GMTIME_R 1
| #define HAVE_GETPWNAM_R 1
| #define HAVE_GETGRNAM_R 1
| #define HAVE_GETPWUID_R 1
| #define HAVE_GETWD 1
| #define HAVE_GLOB 1
| #define HAVE_GRANTPT 1
| #define HAVE_INET_NTOA 1
| #define HAVE_INET_NTOP 1
| #define HAVE_INET_PTON 1
| #define HAVE_LOCALTIME_R 1
| #define HAVE_LCHOWN 1
| #define HAVE_MBRLEN 1
| #define HAVE_MEMMOVE 1
| #define HAVE_MKSTEMP 1
| #define HAVE_MMAP 1
| #define HAVE_NICE 1
| #define HAVE_NL_LANGINFO 1
| #define HAVE_POLL 1
| #define HAVE_PTSNAME 1
| #define HAVE_PUTENV 1
| #define HAVE_REALPATH 1
| #define HAVE_RAND_R 1
| #define HAVE_SCANDIR 1
| #define HAVE_SETITIMER 1
| #define HAVE_SETENV 1
| #define HAVE_SHUTDOWN 1
| #define HAVE_SIGPROCMASK 1
| #define HAVE_STATFS 1
| #define HAVE_STATVFS 1
| #define HAVE_STRCASECMP 1
| #define HAVE_STRFMON 1
| #define HAVE_STRNLEN 1
| #define HAVE_STRPTIME 1
| #define HAVE_STRTOK_R 1
| #define HAVE_SYMLINK 1
| #define HAVE_TZSET 1
| #define HAVE_UNLOCKPT 1
| #define HAVE_UNSETENV 1
| #define HAVE_USLEEP 1
| #define HAVE_UTIME 1
| #define HAVE_VASPRINTF 1
| #define HAVE_ASPRINTF 1
| #define HAVE_NANOSLEEP 1
| #define HAVE_MEMMEM 1
| #define HAVE_GETHOSTBYNAME_R 1
| #define HAVE_FUNC_GETHOSTBYNAME_R_6 1
| #define HAVE_NANOSLEEP 1
| #define HAVE_LIBRT 1
| #define HAVE_GETADDRINFO 1
| #define HAVE_SYNC_FETCH_AND_ADD 1
| #define HAVE_EXPLICIT_BZERO 1
| #define HAVE_GETOPT 1
| #define HAVE_ALLOCA_H 1
| #define HAVE_ALLOCA 1
| /* end confdefs.h.  */
| 
| #include <time.h>
| main() {
|   struct tm t, *s;
|   time_t old = 0;
|   char buf[27], *p;
| 
|   s = gmtime_r(&old, &t);
|   p = asctime_r(&t, buf, 26);
|   if (p == buf && s == &t) return (0);
|   return (1);
| }
| 
configure:15105: result: POSIX
configure:15117: checking for in_addr_t
configure:15140: result: yes
configure:15151: checking for crypt_r
configure:15151: cc -o conftest -g -O2 -fvisibility=hidden   conftest.c -lrt -lm -ldl  >&5
/usr/bin/ld: /tmp/ccCGlAUf.o: in function `main':
/app/conftest.c:250: undefined reference to `crypt_r'
collect2: error: ld returned 1 exit status
configure:15151: $? = 1
configure: failed program was:
| /* confdefs.h */
| #define PACKAGE_NAME "PHP"
| #define PACKAGE_TARNAME "php"
| #define PACKAGE_VERSION "7.4.0"
| #define PACKAGE_STRING "PHP 7.4.0"
| #define PACKAGE_BUGREPORT "https://bugs.php.net"
| #define PACKAGE_URL "https://www.php.net"
| #define STDC_HEADERS 1
| #define HAVE_SYS_TYPES_H 1
| #define HAVE_SYS_STAT_H 1
| #define HAVE_STDLIB_H 1
| #define HAVE_STRING_H 1
| #define HAVE_MEMORY_H 1
| #define HAVE_STRINGS_H 1
| #define HAVE_INTTYPES_H 1
| #define HAVE_STDINT_H 1
| #define HAVE_UNISTD_H 1
| #define __EXTENSIONS__ 1
| #define _ALL_SOURCE 1
| #define _GNU_SOURCE 1
| #define _POSIX_PTHREAD_SEMANTICS 1
| #define _TANDEM_SOURCE 1
| #define HAVE_DEV_URANDOM 1
| #define HAVE_GCC_GLOBAL_REGS 1
| #define HAVE_HUGE_VAL_INF 1
| #define HAVE_CPUID_COUNT 1
| #define GWINSZ_IN_SYS_IOCTL 1
| #define HAVE_PHPDBG 1
| #define PHPDBG_DEBUG 0
| #define PHP_WRITE_STDOUT 1
| #define HAVE_SOCKET 1
| #define HAVE_SOCKETPAIR 1
| #define HAVE_HTONL 1
| #define HAVE_GETHOSTNAME 1
| #define HAVE_GETHOSTBYADDR 1
| #define HAVE_DLOPEN 1
| #define HAVE_LIBDL 1
| #define HAVE_DLSYM 1
| #define HAVE_LIBDL 1
| #define HAVE_LIBM 1
| #define HAVE_INET_ATON 1
| #define HAVE_INTTYPES_H 1
| #define HAVE_STDINT_H 1
| #define HAVE_DIRENT_H 1
| #define HAVE_SYS_PARAM_H 1
| #define HAVE_SYS_TYPES_H 1
| #define HAVE_SYS_TIME_H 1
| #define HAVE_NETINET_IN_H 1
| #define HAVE_ALLOCA_H 1
| #define HAVE_ARPA_INET_H 1
| #define HAVE_ARPA_NAMESER_H 1
| #define HAVE_CRYPT_H 1
| #define HAVE_FCNTL_H 1
| #define HAVE_GRP_H 1
| #define HAVE_LANGINFO_H 1
| #define HAVE_LOCALE_H 1
| #define HAVE_MALLOC_H 1
| #define HAVE_MONETARY_H 1
| #define HAVE_NETDB_H 1
| #define HAVE_POLL_H 1
| #define HAVE_PWD_H 1
| #define HAVE_RESOLV_H 1
| #define HAVE_STRINGS_H 1
| #define HAVE_SYSLOG_H 1
| #define HAVE_SYSEXITS_H 1
| #define HAVE_SYS_IOCTL_H 1
| #define HAVE_SYS_FILE_H 1
| #define HAVE_SYS_MMAN_H 1
| #define HAVE_SYS_MOUNT_H 1
| #define HAVE_SYS_POLL_H 1
| #define HAVE_SYS_RESOURCE_H 1
| #define HAVE_SYS_SELECT_H 1
| #define HAVE_SYS_SOCKET_H 1
| #define HAVE_SYS_STAT_H 1
| #define HAVE_SYS_STATFS_H 1
| #define HAVE_SYS_STATVFS_H 1
| #define HAVE_SYS_VFS_H 1
| #define HAVE_SYS_UIO_H 1
| #define HAVE_SYS_WAIT_H 1
| #define HAVE_TERMIOS_H 1
| #define HAVE_UNISTD_H 1
| #define HAVE_UTIME_H 1
| #define HAVE_SYS_UTSNAME_H 1
| #define HAVE_SYS_IPC_H 1
| #define HAVE_DLFCN_H 1
| #define HAVE_TMMINTRIN_H 1
| #define HAVE_NMMINTRIN_H 1
| #define HAVE_IMMINTRIN_H 1
| #define HAVE_FOPENCOOKIE 1
| #define COOKIE_IO_FUNCTIONS_T cookie_io_functions_t
| #define COOKIE_SEEKER_USES_OFF64_T 1
| #define HAVE_STRUCT_TM_TM_ZONE 1
| #define HAVE_TM_ZONE 1
| #define MISSING_FCLOSE_DECL 0
| #define HAVE_STRUCT_FLOCK 1
| #define HAVE_SOCKLEN_T 1
| #define SIZEOF_INTMAX_T 8
| #define HAVE_INTMAX_T 1
| #define SIZEOF_SSIZE_T 8
| #define HAVE_SSIZE_T 1
| #define SIZEOF_PTRDIFF_T 8
| #define HAVE_PTRDIFF_T 1
| #define SIZEOF_SHORT 2
| #define SIZEOF_INT 4
| #define SIZEOF_LONG 8
| #define SIZEOF_LONG_LONG 8
| #define SIZEOF_SIZE_T 8
| #define HAVE_INT8_T 1
| #define HAVE_INT16_T 1
| #define HAVE_INT32_T 1
| #define HAVE_INT64_T 1
| #define HAVE_UINT8_T 1
| #define HAVE_UINT16_T 1
| #define HAVE_UINT32_T 1
| #define HAVE_UINT64_T 1
| #define HAVE_U_INT8_T 1
| #define HAVE_U_INT16_T 1
| #define HAVE_U_INT32_T 1
| #define HAVE_U_INT64_T 1
| #define PHP_HAVE_BUILTIN_EXPECT 1
| #define PHP_HAVE_BUILTIN_CLZ 1
| #define PHP_HAVE_BUILTIN_CTZL 1
| #define PHP_HAVE_BUILTIN_CTZLL 1
| #define PHP_HAVE_BUILTIN_SMULL_OVERFLOW 1
| #define PHP_HAVE_BUILTIN_SMULLL_OVERFLOW 1
| #define PHP_HAVE_BUILTIN_SADDL_OVERFLOW 1
| #define PHP_HAVE_BUILTIN_SADDLL_OVERFLOW 1
| #define PHP_HAVE_BUILTIN_SSUBL_OVERFLOW 1
| #define PHP_HAVE_BUILTIN_SSUBLL_OVERFLOW 1
| #define PHP_HAVE_BUILTIN_CPU_INIT 1
| #define PHP_HAVE_BUILTIN_CPU_SUPPORTS 1
| #define PHP_HAVE_SSSE3_INSTRUCTIONS 1
| #define PHP_HAVE_SSE4_2_INSTRUCTIONS 1
| #define PHP_HAVE_AVX_INSTRUCTIONS 1
| #define PHP_HAVE_AVX2_INSTRUCTIONS 0
| #define HAVE_STRUCT_TM_TM_GMTOFF 1
| #define HAVE_STRUCT_STAT_ST_BLKSIZE 1
| #define HAVE_STRUCT_STAT_ST_RDEV 1
| #define HAVE_STRUCT_STAT_ST_BLOCKS 1
| #define HAVE_ST_BLOCKS 1
| #define HAVE_SOCKADDR_STORAGE 1
| #define HAVE_FUNC_ATTRIBUTE_IFUNC 1
| #define HAVE_FUNC_ATTRIBUTE_TARGET 1
| #define HAVE_ALPHASORT 1
| #define HAVE_ASCTIME_R 1
| #define HAVE_CHROOT 1
| #define HAVE_CTIME_R 1
| #define HAVE_FLOCK 1
| #define HAVE_FTOK 1
| #define HAVE_GAI_STRERROR 1
| #define HAVE_GETCWD 1
| #define HAVE_GETLOADAVG 1
| #define HAVE_GETLOGIN 1
| #define HAVE_GETPROTOBYNAME 1
| #define HAVE_GETPROTOBYNUMBER 1
| #define HAVE_GETSERVBYNAME 1
| #define HAVE_GETSERVBYPORT 1
| #define HAVE_GETRUSAGE 1
| #define HAVE_GETTIMEOFDAY 1
| #define HAVE_GMTIME_R 1
| #define HAVE_GETPWNAM_R 1
| #define HAVE_GETGRNAM_R 1
| #define HAVE_GETPWUID_R 1
| #define HAVE_GETWD 1
| #define HAVE_GLOB 1
| #define HAVE_GRANTPT 1
| #define HAVE_INET_NTOA 1
| #define HAVE_INET_NTOP 1
| #define HAVE_INET_PTON 1
| #define HAVE_LOCALTIME_R 1
| #define HAVE_LCHOWN 1
| #define HAVE_MBRLEN 1
| #define HAVE_MEMMOVE 1
| #define HAVE_MKSTEMP 1
| #define HAVE_MMAP 1
| #define HAVE_NICE 1
| #define HAVE_NL_LANGINFO 1
| #define HAVE_POLL 1
| #define HAVE_PTSNAME 1
| #define HAVE_PUTENV 1
| #define HAVE_REALPATH 1
| #define HAVE_RAND_R 1
| #define HAVE_SCANDIR 1
| #define HAVE_SETITIMER 1
| #define HAVE_SETENV 1
| #define HAVE_SHUTDOWN 1
| #define HAVE_SIGPROCMASK 1
| #define HAVE_STATFS 1
| #define HAVE_STATVFS 1
| #define HAVE_STRCASECMP 1
| #define HAVE_STRFMON 1
| #define HAVE_STRNLEN 1
| #define HAVE_STRPTIME 1
| #define HAVE_STRTOK_R 1
| #define HAVE_SYMLINK 1
| #define HAVE_TZSET 1
| #define HAVE_UNLOCKPT 1
| #define HAVE_UNSETENV 1
| #define HAVE_USLEEP 1
| #define HAVE_UTIME 1
| #define HAVE_VASPRINTF 1
| #define HAVE_ASPRINTF 1
| #define HAVE_NANOSLEEP 1
| #define HAVE_MEMMEM 1
| #define HAVE_GETHOSTBYNAME_R 1
| #define HAVE_FUNC_GETHOSTBYNAME_R_6 1
| #define HAVE_NANOSLEEP 1
| #define HAVE_LIBRT 1
| #define HAVE_GETADDRINFO 1
| #define HAVE_SYNC_FETCH_AND_ADD 1
| #define HAVE_EXPLICIT_BZERO 1
| #define HAVE_GETOPT 1
| #define HAVE_ALLOCA_H 1
| #define HAVE_ALLOCA 1
| /* end confdefs.h.  */
| /* Define crypt_r to an innocuous variant, in case <limits.h> declares crypt_r.
|    For example, HP-UX 11i <limits.h> declares gettimeofday.  */
| #define crypt_r innocuous_crypt_r
| 
| /* System header to define __stub macros and hopefully few prototypes,
|     which can conflict with char crypt_r (); below.
|     Prefer <limits.h> to <assert.h> if __STDC__ is defined, since
|     <limits.h> exists even on freestanding compilers.  */
| 
| #ifdef __STDC__
| # include <limits.h>
| #else
| # include <assert.h>
| #endif
| 
| #undef crypt_r
| 
| /* Override any GCC internal prototype to avoid an error.
|    Use char because int might match the return type of a GCC
|    builtin and then its argument prototype would still apply.  */
| #ifdef __cplusplus
| extern "C"
| #endif
| char crypt_r ();
| /* The GNU C library defines this for functions which it implements
|     to always fail with ENOSYS.  Some functions are actually named
|     something starting with __ and the normal name is an alias.  */
| #if defined __stub_crypt_r || defined __stub___crypt_r
| choke me
| #endif
| 
| int
| main ()
| {
| return crypt_r ();
|   ;
|   return 0;
| }
configure:15151: result: no
configure:15267: checking for asm goto
configure:15289: cc -o conftest -g -O2 -fvisibility=hidden   conftest.c -lrt -lm -ldl  >&5
configure:15289: $? = 0
configure:15289: ./conftest
configure:15289: $? = 0
configure:15299: result: yes
configure:15308: checking whether compiler supports VLA
configure:15326: cc -o conftest -g -O2 -fvisibility=hidden   conftest.c -lrt -lm -ldl  >&5
configure:15326: $? = 0
configure:15326: ./conftest
configure:15326: $? = 0
configure:15336: result: yes
configure:15348: checking whether to enable valgrind support
configure:15363: result: yes
configure:15372: checking for valgrind
configure:15379: $PKG_CONFIG --exists --print-errors "valgrind"
Package valgrind was not found in the pkg-config search path.
Perhaps you should add the directory containing `valgrind.pc'
to the PKG_CONFIG_PATH environment variable
No package 'valgrind' found
configure:15382: $? = 1
configure:15396: $PKG_CONFIG --exists --print-errors "valgrind"
Package valgrind was not found in the pkg-config search path.
Perhaps you should add the directory containing `valgrind.pc'
to the PKG_CONFIG_PATH environment variable
No package 'valgrind' found
configure:15399: $? = 1
configure:15413: result: no
No package 'valgrind' found
configure:15494: result: 
configure:15496: result: [1mGeneral settings[m
configure:15511: checking whether to include gcov symbols
configure:15525: result: no
configure:15568: checking whether to include debugging symbols
configure:15582: result: no
configure:15616: checking whether to dlopen extensions with RTLD_NOW instead of RTLD_LAZY
configure:15630: result: no
configure:15645: checking layout of installed files
configure:15660: result: PHP
configure:15678: checking path to configuration file
configure:15693: result: DEFAULT
configure:15710: checking where to scan for configuration files
configure:15737: result: 
configure:15745: checking whether to enable PHP's own SIGCHLD handler
configure:15759: result: no
configure:15778: checking whether to explicitly link against libgcc
configure:15792: result: no
configure:15855: checking whether to enable short tags by default
configure:15869: result: yes
configure:15888: checking whether to enable dmalloc
configure:15902: result: no
configure:15973: checking whether to enable IPv6 support
configure:15987: result: yes
configure:16002: checking whether to enable DTrace support
configure:16016: result: no
configure:16147: checking how big to make fd sets
configure:16179: result: using system default
configure:16214: result: 
configure:16216: result: [1mConfiguring extensions[m
configure:16231: checking io.h usability
configure:16231: cc -c -g -O2 -fvisibility=hidden  conftest.c >&5
conftest.c:254:10: fatal error: io.h: No such file or directory
  254 | #include <io.h>
      |          ^~~~~~
compilation terminated.
configure:16231: $? = 1
configure: failed program was:
| /* confdefs.h */
| #define PACKAGE_NAME "PHP"
| #define PACKAGE_TARNAME "php"
| #define PACKAGE_VERSION "7.4.0"
| #define PACKAGE_STRING "PHP 7.4.0"
| #define PACKAGE_BUGREPORT "https://bugs.php.net"
| #define PACKAGE_URL "https://www.php.net"
| #define STDC_HEADERS 1
| #define HAVE_SYS_TYPES_H 1
| #define HAVE_SYS_STAT_H 1
| #define HAVE_STDLIB_H 1
| #define HAVE_STRING_H 1
| #define HAVE_MEMORY_H 1
| #define HAVE_STRINGS_H 1
| #define HAVE_INTTYPES_H 1
| #define HAVE_STDINT_H 1
| #define HAVE_UNISTD_H 1
| #define __EXTENSIONS__ 1
| #define _ALL_SOURCE 1
| #define _GNU_SOURCE 1
| #define _POSIX_PTHREAD_SEMANTICS 1
| #define _TANDEM_SOURCE 1
| #define HAVE_DEV_URANDOM 1
| #define HAVE_GCC_GLOBAL_REGS 1
| #define HAVE_HUGE_VAL_INF 1
| #define HAVE_CPUID_COUNT 1
| #define GWINSZ_IN_SYS_IOCTL 1
| #define HAVE_PHPDBG 1
| #define PHPDBG_DEBUG 0
| #define PHP_WRITE_STDOUT 1
| #define HAVE_SOCKET 1
| #define HAVE_SOCKETPAIR 1
| #define HAVE_HTONL 1
| #define HAVE_GETHOSTNAME 1
| #define HAVE_GETHOSTBYADDR 1
| #define HAVE_DLOPEN 1
| #define HAVE_LIBDL 1
| #define HAVE_DLSYM 1
| #define HAVE_LIBDL 1
| #define HAVE_LIBM 1
| #define HAVE_INET_ATON 1
| #define HAVE_INTTYPES_H 1
| #define HAVE_STDINT_H 1
| #define HAVE_DIRENT_H 1
| #define HAVE_SYS_PARAM_H 1
| #define HAVE_SYS_TYPES_H 1
| #define HAVE_SYS_TIME_H 1
| #define HAVE_NETINET_IN_H 1
| #define HAVE_ALLOCA_H 1
| #define HAVE_ARPA_INET_H 1
| #define HAVE_ARPA_NAMESER_H 1
| #define HAVE_CRYPT_H 1
| #define HAVE_FCNTL_H 1
| #define HAVE_GRP_H 1
| #define HAVE_LANGINFO_H 1
| #define HAVE_LOCALE_H 1
| #define HAVE_MALLOC_H 1
| #define HAVE_MONETARY_H 1
| #define HAVE_NETDB_H 1
| #define HAVE_POLL_H 1
| #define HAVE_PWD_H 1
| #define HAVE_RESOLV_H 1
| #define HAVE_STRINGS_H 1
| #define HAVE_SYSLOG_H 1
| #define HAVE_SYSEXITS_H 1
| #define HAVE_SYS_IOCTL_H 1
| #define HAVE_SYS_FILE_H 1
| #define HAVE_SYS_MMAN_H 1
| #define HAVE_SYS_MOUNT_H 1
| #define HAVE_SYS_POLL_H 1
| #define HAVE_SYS_RESOURCE_H 1
| #define HAVE_SYS_SELECT_H 1
| #define HAVE_SYS_SOCKET_H 1
| #define HAVE_SYS_STAT_H 1
| #define HAVE_SYS_STATFS_H 1
| #define HAVE_SYS_STATVFS_H 1
| #define HAVE_SYS_VFS_H 1
| #define HAVE_SYS_UIO_H 1
| #define HAVE_SYS_WAIT_H 1
| #define HAVE_TERMIOS_H 1
| #define HAVE_UNISTD_H 1
| #define HAVE_UTIME_H 1
| #define HAVE_SYS_UTSNAME_H 1
| #define HAVE_SYS_IPC_H 1
| #define HAVE_DLFCN_H 1
| #define HAVE_TMMINTRIN_H 1
| #define HAVE_NMMINTRIN_H 1
| #define HAVE_IMMINTRIN_H 1
| #define HAVE_FOPENCOOKIE 1
| #define COOKIE_IO_FUNCTIONS_T cookie_io_functions_t
| #define COOKIE_SEEKER_USES_OFF64_T 1
| #define HAVE_STRUCT_TM_TM_ZONE 1
| #define HAVE_TM_ZONE 1
| #define MISSING_FCLOSE_DECL 0
| #define HAVE_STRUCT_FLOCK 1
| #define HAVE_SOCKLEN_T 1
| #define SIZEOF_INTMAX_T 8
| #define HAVE_INTMAX_T 1
| #define SIZEOF_SSIZE_T 8
| #define HAVE_SSIZE_T 1
| #define SIZEOF_PTRDIFF_T 8
| #define HAVE_PTRDIFF_T 1
| #define SIZEOF_SHORT 2
| #define SIZEOF_INT 4
| #define SIZEOF_LONG 8
| #define SIZEOF_LONG_LONG 8
| #define SIZEOF_SIZE_T 8
| #define HAVE_INT8_T 1
| #define HAVE_INT16_T 1
| #define HAVE_INT32_T 1
| #define HAVE_INT64_T 1
| #define HAVE_UINT8_T 1
| #define HAVE_UINT16_T 1
| #define HAVE_UINT32_T 1
| #define HAVE_UINT64_T 1
| #define HAVE_U_INT8_T 1
| #define HAVE_U_INT16_T 1
| #define HAVE_U_INT32_T 1
| #define HAVE_U_INT64_T 1
| #define PHP_HAVE_BUILTIN_EXPECT 1
| #define PHP_HAVE_BUILTIN_CLZ 1
| #define PHP_HAVE_BUILTIN_CTZL 1
| #define PHP_HAVE_BUILTIN_CTZLL 1
| #define PHP_HAVE_BUILTIN_SMULL_OVERFLOW 1
| #define PHP_HAVE_BUILTIN_SMULLL_OVERFLOW 1
| #define PHP_HAVE_BUILTIN_SADDL_OVERFLOW 1
| #define PHP_HAVE_BUILTIN_SADDLL_OVERFLOW 1
| #define PHP_HAVE_BUILTIN_SSUBL_OVERFLOW 1
| #define PHP_HAVE_BUILTIN_SSUBLL_OVERFLOW 1
| #define PHP_HAVE_BUILTIN_CPU_INIT 1
| #define PHP_HAVE_BUILTIN_CPU_SUPPORTS 1
| #define PHP_HAVE_SSSE3_INSTRUCTIONS 1
| #define PHP_HAVE_SSE4_2_INSTRUCTIONS 1
| #define PHP_HAVE_AVX_INSTRUCTIONS 1
| #define PHP_HAVE_AVX2_INSTRUCTIONS 0
| #define HAVE_STRUCT_TM_TM_GMTOFF 1
| #define HAVE_STRUCT_STAT_ST_BLKSIZE 1
| #define HAVE_STRUCT_STAT_ST_RDEV 1
| #define HAVE_STRUCT_STAT_ST_BLOCKS 1
| #define HAVE_ST_BLOCKS 1
| #define HAVE_SOCKADDR_STORAGE 1
| #define HAVE_FUNC_ATTRIBUTE_IFUNC 1
| #define HAVE_FUNC_ATTRIBUTE_TARGET 1
| #define HAVE_ALPHASORT 1
| #define HAVE_ASCTIME_R 1
| #define HAVE_CHROOT 1
| #define HAVE_CTIME_R 1
| #define HAVE_FLOCK 1
| #define HAVE_FTOK 1
| #define HAVE_GAI_STRERROR 1
| #define HAVE_GETCWD 1
| #define HAVE_GETLOADAVG 1
| #define HAVE_GETLOGIN 1
| #define HAVE_GETPROTOBYNAME 1
| #define HAVE_GETPROTOBYNUMBER 1
| #define HAVE_GETSERVBYNAME 1
| #define HAVE_GETSERVBYPORT 1
| #define HAVE_GETRUSAGE 1
| #define HAVE_GETTIMEOFDAY 1
| #define HAVE_GMTIME_R 1
| #define HAVE_GETPWNAM_R 1
| #define HAVE_GETGRNAM_R 1
| #define HAVE_GETPWUID_R 1
| #define HAVE_GETWD 1
| #define HAVE_GLOB 1
| #define HAVE_GRANTPT 1
| #define HAVE_INET_NTOA 1
| #define HAVE_INET_NTOP 1
| #define HAVE_INET_PTON 1
| #define HAVE_LOCALTIME_R 1
| #define HAVE_LCHOWN 1
| #define HAVE_MBRLEN 1
| #define HAVE_MEMMOVE 1
| #define HAVE_MKSTEMP 1
| #define HAVE_MMAP 1
| #define HAVE_NICE 1
| #define HAVE_NL_LANGINFO 1
| #define HAVE_POLL 1
| #define HAVE_PTSNAME 1
| #define HAVE_PUTENV 1
| #define HAVE_REALPATH 1
| #define HAVE_RAND_R 1
| #define HAVE_SCANDIR 1
| #define HAVE_SETITIMER 1
| #define HAVE_SETENV 1
| #define HAVE_SHUTDOWN 1
| #define HAVE_SIGPROCMASK 1
| #define HAVE_STATFS 1
| #define HAVE_STATVFS 1
| #define HAVE_STRCASECMP 1
| #define HAVE_STRFMON 1
| #define HAVE_STRNLEN 1
| #define HAVE_STRPTIME 1
| #define HAVE_STRTOK_R 1
| #define HAVE_SYMLINK 1
| #define HAVE_TZSET 1
| #define HAVE_UNLOCKPT 1
| #define HAVE_UNSETENV 1
| #define HAVE_USLEEP 1
| #define HAVE_UTIME 1
| #define HAVE_VASPRINTF 1
| #define HAVE_ASPRINTF 1
| #define HAVE_NANOSLEEP 1
| #define HAVE_MEMMEM 1
| #define HAVE_GETHOSTBYNAME_R 1
| #define HAVE_FUNC_GETHOSTBYNAME_R_6 1
| #define HAVE_NANOSLEEP 1
| #define HAVE_LIBRT 1
| #define HAVE_GETADDRINFO 1
| #define HAVE_SYNC_FETCH_AND_ADD 1
| #define HAVE_EXPLICIT_BZERO 1
| #define HAVE_GETOPT 1
| #define HAVE_ALLOCA_H 1
| #define HAVE_ALLOCA 1
| #define HAVE_ASM_GOTO 1
| #define HAVE_COMPILER_C99_VLA 1
| #define PHP_SIGCHILD 0
| #define DEFAULT_SHORT_OPEN_TAG "1"
| #define HAVE_IPV6 1
| /* end confdefs.h.  */
| #include <stdio.h>
| #ifdef HAVE_SYS_TYPES_H
| # include <sys/types.h>
| #endif
| #ifdef HAVE_SYS_STAT_H
| # include <sys/stat.h>
| #endif
| #ifdef STDC_HEADERS
| # include <stdlib.h>
| # include <stddef.h>
| #else
| # ifdef HAVE_STDLIB_H
| #  include <stdlib.h>
| # endif
| #endif
| #ifdef HAVE_STRING_H
| # if !defined STDC_HEADERS && defined HAVE_MEMORY_H
| #  include <memory.h>
| # endif
| # include <string.h>
| #endif
| #ifdef HAVE_STRINGS_H
| # include <strings.h>
| #endif
| #ifdef HAVE_INTTYPES_H
| # include <inttypes.h>
| #endif
| #ifdef HAVE_STDINT_H
| # include <stdint.h>
| #endif
| #ifdef HAVE_UNISTD_H
| # include <unistd.h>
| #endif
| #include <io.h>
configure:16231: result: no
configure:16231: checking io.h presence
configure:16231: cc -E  conftest.c
conftest.c:221:10: fatal error: io.h: No such file or directory
  221 | #include <io.h>
      |          ^~~~~~
compilation terminated.
configure:16231: $? = 1
configure: failed program was:
| /* confdefs.h */
| #define PACKAGE_NAME "PHP"
| #define PACKAGE_TARNAME "php"
| #define PACKAGE_VERSION "7.4.0"
| #define PACKAGE_STRING "PHP 7.4.0"
| #define PACKAGE_BUGREPORT "https://bugs.php.net"
| #define PACKAGE_URL "https://www.php.net"
| #define STDC_HEADERS 1
| #define HAVE_SYS_TYPES_H 1
| #define HAVE_SYS_STAT_H 1
| #define HAVE_STDLIB_H 1
| #define HAVE_STRING_H 1
| #define HAVE_MEMORY_H 1
| #define HAVE_STRINGS_H 1
| #define HAVE_INTTYPES_H 1
| #define HAVE_STDINT_H 1
| #define HAVE_UNISTD_H 1
| #define __EXTENSIONS__ 1
| #define _ALL_SOURCE 1
| #define _GNU_SOURCE 1
| #define _POSIX_PTHREAD_SEMANTICS 1
| #define _TANDEM_SOURCE 1
| #define HAVE_DEV_URANDOM 1
| #define HAVE_GCC_GLOBAL_REGS 1
| #define HAVE_HUGE_VAL_INF 1
| #define HAVE_CPUID_COUNT 1
| #define GWINSZ_IN_SYS_IOCTL 1
| #define HAVE_PHPDBG 1
| #define PHPDBG_DEBUG 0
| #define PHP_WRITE_STDOUT 1
| #define HAVE_SOCKET 1
| #define HAVE_SOCKETPAIR 1
| #define HAVE_HTONL 1
| #define HAVE_GETHOSTNAME 1
| #define HAVE_GETHOSTBYADDR 1
| #define HAVE_DLOPEN 1
| #define HAVE_LIBDL 1
| #define HAVE_DLSYM 1
| #define HAVE_LIBDL 1
| #define HAVE_LIBM 1
| #define HAVE_INET_ATON 1
| #define HAVE_INTTYPES_H 1
| #define HAVE_STDINT_H 1
| #define HAVE_DIRENT_H 1
| #define HAVE_SYS_PARAM_H 1
| #define HAVE_SYS_TYPES_H 1
| #define HAVE_SYS_TIME_H 1
| #define HAVE_NETINET_IN_H 1
| #define HAVE_ALLOCA_H 1
| #define HAVE_ARPA_INET_H 1
| #define HAVE_ARPA_NAMESER_H 1
| #define HAVE_CRYPT_H 1
| #define HAVE_FCNTL_H 1
| #define HAVE_GRP_H 1
| #define HAVE_LANGINFO_H 1
| #define HAVE_LOCALE_H 1
| #define HAVE_MALLOC_H 1
| #define HAVE_MONETARY_H 1
| #define HAVE_NETDB_H 1
| #define HAVE_POLL_H 1
| #define HAVE_PWD_H 1
| #define HAVE_RESOLV_H 1
| #define HAVE_STRINGS_H 1
| #define HAVE_SYSLOG_H 1
| #define HAVE_SYSEXITS_H 1
| #define HAVE_SYS_IOCTL_H 1
| #define HAVE_SYS_FILE_H 1
| #define HAVE_SYS_MMAN_H 1
| #define HAVE_SYS_MOUNT_H 1
| #define HAVE_SYS_POLL_H 1
| #define HAVE_SYS_RESOURCE_H 1
| #define HAVE_SYS_SELECT_H 1
| #define HAVE_SYS_SOCKET_H 1
| #define HAVE_SYS_STAT_H 1
| #define HAVE_SYS_STATFS_H 1
| #define HAVE_SYS_STATVFS_H 1
| #define HAVE_SYS_VFS_H 1
| #define HAVE_SYS_UIO_H 1
| #define HAVE_SYS_WAIT_H 1
| #define HAVE_TERMIOS_H 1
| #define HAVE_UNISTD_H 1
| #define HAVE_UTIME_H 1
| #define HAVE_SYS_UTSNAME_H 1
| #define HAVE_SYS_IPC_H 1
| #define HAVE_DLFCN_H 1
| #define HAVE_TMMINTRIN_H 1
| #define HAVE_NMMINTRIN_H 1
| #define HAVE_IMMINTRIN_H 1
| #define HAVE_FOPENCOOKIE 1
| #define COOKIE_IO_FUNCTIONS_T cookie_io_functions_t
| #define COOKIE_SEEKER_USES_OFF64_T 1
| #define HAVE_STRUCT_TM_TM_ZONE 1
| #define HAVE_TM_ZONE 1
| #define MISSING_FCLOSE_DECL 0
| #define HAVE_STRUCT_FLOCK 1
| #define HAVE_SOCKLEN_T 1
| #define SIZEOF_INTMAX_T 8
| #define HAVE_INTMAX_T 1
| #define SIZEOF_SSIZE_T 8
| #define HAVE_SSIZE_T 1
| #define SIZEOF_PTRDIFF_T 8
| #define HAVE_PTRDIFF_T 1
| #define SIZEOF_SHORT 2
| #define SIZEOF_INT 4
| #define SIZEOF_LONG 8
| #define SIZEOF_LONG_LONG 8
| #define SIZEOF_SIZE_T 8
| #define HAVE_INT8_T 1
| #define HAVE_INT16_T 1
| #define HAVE_INT32_T 1
| #define HAVE_INT64_T 1
| #define HAVE_UINT8_T 1
| #define HAVE_UINT16_T 1
| #define HAVE_UINT32_T 1
| #define HAVE_UINT64_T 1
| #define HAVE_U_INT8_T 1
| #define HAVE_U_INT16_T 1
| #define HAVE_U_INT32_T 1
| #define HAVE_U_INT64_T 1
| #define PHP_HAVE_BUILTIN_EXPECT 1
| #define PHP_HAVE_BUILTIN_CLZ 1
| #define PHP_HAVE_BUILTIN_CTZL 1
| #define PHP_HAVE_BUILTIN_CTZLL 1
| #define PHP_HAVE_BUILTIN_SMULL_OVERFLOW 1
| #define PHP_HAVE_BUILTIN_SMULLL_OVERFLOW 1
| #define PHP_HAVE_BUILTIN_SADDL_OVERFLOW 1
| #define PHP_HAVE_BUILTIN_SADDLL_OVERFLOW 1
| #define PHP_HAVE_BUILTIN_SSUBL_OVERFLOW 1
| #define PHP_HAVE_BUILTIN_SSUBLL_OVERFLOW 1
| #define PHP_HAVE_BUILTIN_CPU_INIT 1
| #define PHP_HAVE_BUILTIN_CPU_SUPPORTS 1
| #define PHP_HAVE_SSSE3_INSTRUCTIONS 1
| #define PHP_HAVE_SSE4_2_INSTRUCTIONS 1
| #define PHP_HAVE_AVX_INSTRUCTIONS 1
| #define PHP_HAVE_AVX2_INSTRUCTIONS 0
| #define HAVE_STRUCT_TM_TM_GMTOFF 1
| #define HAVE_STRUCT_STAT_ST_BLKSIZE 1
| #define HAVE_STRUCT_STAT_ST_RDEV 1
| #define HAVE_STRUCT_STAT_ST_BLOCKS 1
| #define HAVE_ST_BLOCKS 1
| #define HAVE_SOCKADDR_STORAGE 1
| #define HAVE_FUNC_ATTRIBUTE_IFUNC 1
| #define HAVE_FUNC_ATTRIBUTE_TARGET 1
| #define HAVE_ALPHASORT 1
| #define HAVE_ASCTIME_R 1
| #define HAVE_CHROOT 1
| #define HAVE_CTIME_R 1
| #define HAVE_FLOCK 1
| #define HAVE_FTOK 1
| #define HAVE_GAI_STRERROR 1
| #define HAVE_GETCWD 1
| #define HAVE_GETLOADAVG 1
| #define HAVE_GETLOGIN 1
| #define HAVE_GETPROTOBYNAME 1
| #define HAVE_GETPROTOBYNUMBER 1
| #define HAVE_GETSERVBYNAME 1
| #define HAVE_GETSERVBYPORT 1
| #define HAVE_GETRUSAGE 1
| #define HAVE_GETTIMEOFDAY 1
| #define HAVE_GMTIME_R 1
| #define HAVE_GETPWNAM_R 1
| #define HAVE_GETGRNAM_R 1
| #define HAVE_GETPWUID_R 1
| #define HAVE_GETWD 1
| #define HAVE_GLOB 1
| #define HAVE_GRANTPT 1
| #define HAVE_INET_NTOA 1
| #define HAVE_INET_NTOP 1
| #define HAVE_INET_PTON 1
| #define HAVE_LOCALTIME_R 1
| #define HAVE_LCHOWN 1
| #define HAVE_MBRLEN 1
| #define HAVE_MEMMOVE 1
| #define HAVE_MKSTEMP 1
| #define HAVE_MMAP 1
| #define HAVE_NICE 1
| #define HAVE_NL_LANGINFO 1
| #define HAVE_POLL 1
| #define HAVE_PTSNAME 1
| #define HAVE_PUTENV 1
| #define HAVE_REALPATH 1
| #define HAVE_RAND_R 1
| #define HAVE_SCANDIR 1
| #define HAVE_SETITIMER 1
| #define HAVE_SETENV 1
| #define HAVE_SHUTDOWN 1
| #define HAVE_SIGPROCMASK 1
| #define HAVE_STATFS 1
| #define HAVE_STATVFS 1
| #define HAVE_STRCASECMP 1
| #define HAVE_STRFMON 1
| #define HAVE_STRNLEN 1
| #define HAVE_STRPTIME 1
| #define HAVE_STRTOK_R 1
| #define HAVE_SYMLINK 1
| #define HAVE_TZSET 1
| #define HAVE_UNLOCKPT 1
| #define HAVE_UNSETENV 1
| #define HAVE_USLEEP 1
| #define HAVE_UTIME 1
| #define HAVE_VASPRINTF 1
| #define HAVE_ASPRINTF 1
| #define HAVE_NANOSLEEP 1
| #define HAVE_MEMMEM 1
| #define HAVE_GETHOSTBYNAME_R 1
| #define HAVE_FUNC_GETHOSTBYNAME_R_6 1
| #define HAVE_NANOSLEEP 1
| #define HAVE_LIBRT 1
| #define HAVE_GETADDRINFO 1
| #define HAVE_SYNC_FETCH_AND_ADD 1
| #define HAVE_EXPLICIT_BZERO 1
| #define HAVE_GETOPT 1
| #define HAVE_ALLOCA_H 1
| #define HAVE_ALLOCA 1
| #define HAVE_ASM_GOTO 1
| #define HAVE_COMPILER_C99_VLA 1
| #define PHP_SIGCHILD 0
| #define DEFAULT_SHORT_OPEN_TAG "1"
| #define HAVE_IPV6 1
| /* end confdefs.h.  */
| #include <io.h>
configure:16231: result: no
configure:16231: checking for io.h
configure:16231: result: no
configure:16245: checking for strtoll
configure:16245: cc -o conftest -g -O2 -fvisibility=hidden   conftest.c -lrt -lm -ldl  >&5
configure:16245: $? = 0
configure:16245: result: yes
configure:16245: checking for atoll
configure:16245: cc -o conftest -g -O2 -fvisibility=hidden   conftest.c -lrt -lm -ldl  >&5
configure:16245: $? = 0
configure:16245: result: yes
configure:16620: checking whether to build with LIBXML support
configure:16656: result: yes
configure:16669: checking for libxml-2.0 >= 2.7.6
configure:16676: $PKG_CONFIG --exists --print-errors "libxml-2.0 >= 2.7.6"
Package libxml-2.0 was not found in the pkg-config search path.
Perhaps you should add the directory containing `libxml-2.0.pc'
to the PKG_CONFIG_PATH environment variable
No package 'libxml-2.0' found
configure:16679: $? = 1
configure:16693: $PKG_CONFIG --exists --print-errors "libxml-2.0 >= 2.7.6"
Package libxml-2.0 was not found in the pkg-config search path.
Perhaps you should add the directory containing `libxml-2.0.pc'
to the PKG_CONFIG_PATH environment variable
No package 'libxml-2.0' found
configure:16696: $? = 1
configure:16710: result: no
No package 'libxml-2.0' found
configure:16726: error: Package requirements (libxml-2.0 >= 2.7.6) were not met:

No package 'libxml-2.0' found

Consider adjusting the PKG_CONFIG_PATH environment variable if you
installed software in a non-standard prefix.

Alternatively, you may set the environment variables LIBXML_CFLAGS
and LIBXML_LIBS to avoid the need to call pkg-config.
See the pkg-config man page for more details.

## ---------------- ##
## Cache variables. ##
## ---------------- ##

ac_cv__asm_goto=yes
ac_cv__compiler_c99_vla=yes
ac_cv_atof_accept_inf=no
ac_cv_atof_accept_nan=no
ac_cv_build=x86_64-pc-linux-gnu
ac_cv_c_bigendian_php=no
ac_cv_c_compiler_gnu=yes
ac_cv_cpuid_count_available=yes
ac_cv_ebcdic=no
ac_cv_env_CCC_set=
ac_cv_env_CCC_value=
ac_cv_env_CC_set=
ac_cv_env_CC_value=
ac_cv_env_CFLAGS_set=
ac_cv_env_CFLAGS_value=
ac_cv_env_CPPFLAGS_set=
ac_cv_env_CPPFLAGS_value=
ac_cv_env_CPP_set=
ac_cv_env_CPP_value=
ac_cv_env_CURL_CFLAGS_set=
ac_cv_env_CURL_CFLAGS_value=
ac_cv_env_CURL_FEATURES_set=
ac_cv_env_CURL_FEATURES_value=
ac_cv_env_CURL_LIBS_set=
ac_cv_env_CURL_LIBS_value=
ac_cv_env_CXXCPP_set=
ac_cv_env_CXXCPP_value=
ac_cv_env_CXXFLAGS_set=
ac_cv_env_CXXFLAGS_value=
ac_cv_env_CXX_set=
ac_cv_env_CXX_value=
ac_cv_env_EDIT_CFLAGS_set=
ac_cv_env_EDIT_CFLAGS_value=
ac_cv_env_EDIT_LIBS_set=
ac_cv_env_EDIT_LIBS_value=
ac_cv_env_ENCHANT_CFLAGS_set=
ac_cv_env_ENCHANT_CFLAGS_value=
ac_cv_env_ENCHANT_LIBS_set=
ac_cv_env_ENCHANT_LIBS_value=
ac_cv_env_EXPAT_CFLAGS_set=
ac_cv_env_EXPAT_CFLAGS_value=
ac_cv_env_EXPAT_LIBS_set=
ac_cv_env_EXPAT_LIBS_value=
ac_cv_env_EXSLT_CFLAGS_set=
ac_cv_env_EXSLT_CFLAGS_value=
ac_cv_env_EXSLT_LIBS_set=
ac_cv_env_EXSLT_LIBS_value=
ac_cv_env_FFI_CFLAGS_set=
ac_cv_env_FFI_CFLAGS_value=
ac_cv_env_FFI_LIBS_set=
ac_cv_env_FFI_LIBS_value=
ac_cv_env_FREETYPE2_CFLAGS_set=
ac_cv_env_FREETYPE2_CFLAGS_value=
ac_cv_env_FREETYPE2_LIBS_set=
ac_cv_env_FREETYPE2_LIBS_value=
ac_cv_env_GDLIB_CFLAGS_set=
ac_cv_env_GDLIB_CFLAGS_value=
ac_cv_env_GDLIB_LIBS_set=
ac_cv_env_GDLIB_LIBS_value=
ac_cv_env_ICU_CFLAGS_set=
ac_cv_env_ICU_CFLAGS_value=
ac_cv_env_ICU_LIBS_set=
ac_cv_env_ICU_LIBS_value=
ac_cv_env_JPEG_CFLAGS_set=
ac_cv_env_JPEG_CFLAGS_value=
ac_cv_env_JPEG_LIBS_set=
ac_cv_env_JPEG_LIBS_value=
ac_cv_env_KERBEROS_CFLAGS_set=
ac_cv_env_KERBEROS_CFLAGS_value=
ac_cv_env_KERBEROS_LIBS_set=
ac_cv_env_KERBEROS_LIBS_value=
ac_cv_env_LDFLAGS_set=
ac_cv_env_LDFLAGS_value=
ac_cv_env_LIBSODIUM_CFLAGS_set=
ac_cv_env_LIBSODIUM_CFLAGS_value=
ac_cv_env_LIBSODIUM_LIBS_set=
ac_cv_env_LIBSODIUM_LIBS_value=
ac_cv_env_LIBS_set=
ac_cv_env_LIBS_value=
ac_cv_env_LIBXML_CFLAGS_set=
ac_cv_env_LIBXML_CFLAGS_value=
ac_cv_env_LIBXML_LIBS_set=
ac_cv_env_LIBXML_LIBS_value=
ac_cv_env_LIBZIP_CFLAGS_set=
ac_cv_env_LIBZIP_CFLAGS_value=
ac_cv_env_LIBZIP_LIBS_set=
ac_cv_env_LIBZIP_LIBS_value=
ac_cv_env_ODBC_CFLAGS_set=
ac_cv_env_ODBC_CFLAGS_value=
ac_cv_env_ODBC_LIBS_set=
ac_cv_env_ODBC_LIBS_value=
ac_cv_env_ONIG_CFLAGS_set=
ac_cv_env_ONIG_CFLAGS_value=
ac_cv_env_ONIG_LIBS_set=
ac_cv_env_ONIG_LIBS_value=
ac_cv_env_OPENSSL_CFLAGS_set=
ac_cv_env_OPENSSL_CFLAGS_value=
ac_cv_env_OPENSSL_LIBS_set=
ac_cv_env_OPENSSL_LIBS_value=
ac_cv_env_PCRE2_CFLAGS_set=
ac_cv_env_PCRE2_CFLAGS_value=
ac_cv_env_PCRE2_LIBS_set=
ac_cv_env_PCRE2_LIBS_value=
ac_cv_env_PKG_CONFIG_LIBDIR_set=
ac_cv_env_PKG_CONFIG_LIBDIR_value=
ac_cv_env_PKG_CONFIG_PATH_set=
ac_cv_env_PKG_CONFIG_PATH_value=
ac_cv_env_PKG_CONFIG_set=
ac_cv_env_PKG_CONFIG_value=
ac_cv_env_PNG_CFLAGS_set=
ac_cv_env_PNG_CFLAGS_value=
ac_cv_env_PNG_LIBS_set=
ac_cv_env_PNG_LIBS_value=
ac_cv_env_SASL_CFLAGS_set=
ac_cv_env_SASL_CFLAGS_value=
ac_cv_env_SASL_LIBS_set=
ac_cv_env_SASL_LIBS_value=
ac_cv_env_SQLITE_CFLAGS_set=
ac_cv_env_SQLITE_CFLAGS_value=
ac_cv_env_SQLITE_LIBS_set=
ac_cv_env_SQLITE_LIBS_value=
ac_cv_env_SYSTEMD_CFLAGS_set=
ac_cv_env_SYSTEMD_CFLAGS_value=
ac_cv_env_SYSTEMD_LIBS_set=
ac_cv_env_SYSTEMD_LIBS_value=
ac_cv_env_VALGRIND_CFLAGS_set=
ac_cv_env_VALGRIND_CFLAGS_value=
ac_cv_env_VALGRIND_LIBS_set=
ac_cv_env_VALGRIND_LIBS_value=
ac_cv_env_WEBP_CFLAGS_set=
ac_cv_env_WEBP_CFLAGS_value=
ac_cv_env_WEBP_LIBS_set=
ac_cv_env_WEBP_LIBS_value=
ac_cv_env_XPM_CFLAGS_set=
ac_cv_env_XPM_CFLAGS_value=
ac_cv_env_XPM_LIBS_set=
ac_cv_env_XPM_LIBS_value=
ac_cv_env_XSL_CFLAGS_set=
ac_cv_env_XSL_CFLAGS_value=
ac_cv_env_XSL_LIBS_set=
ac_cv_env_XSL_LIBS_value=
ac_cv_env_ZLIB_CFLAGS_set=
ac_cv_env_ZLIB_CFLAGS_value=
ac_cv_env_ZLIB_LIBS_set=
ac_cv_env_ZLIB_LIBS_value=
ac_cv_env_build_alias_set=
ac_cv_env_build_alias_value=
ac_cv_env_host_alias_set=
ac_cv_env_host_alias_value=
ac_cv_env_target_alias_set=
ac_cv_env_target_alias_value=
ac_cv_func___dlopen=no
ac_cv_func_alloca_works=yes
ac_cv_func_alphasort=yes
ac_cv_func_asctime_r=yes
ac_cv_func_asprintf=yes
ac_cv_func_atoll=yes
ac_cv_func_chroot=yes
ac_cv_func_crypt=no
ac_cv_func_crypt_r=no
ac_cv_func_ctime_r=yes
ac_cv_func_dlopen=yes
ac_cv_func_dlsym=yes
ac_cv_func_explicit_bzero=yes
ac_cv_func_explicit_memset=no
ac_cv_func_flock=yes
ac_cv_func_fopencookie=yes
ac_cv_func_fpclass=no
ac_cv_func_ftok=yes
ac_cv_func_funopen=no
ac_cv_func_gai_strerror=yes
ac_cv_func_getaddrinfo=yes
ac_cv_func_getcwd=yes
ac_cv_func_getgrnam_r=yes
ac_cv_func_gethostbyaddr=yes
ac_cv_func_gethostname=yes
ac_cv_func_getloadavg=yes
ac_cv_func_getlogin=yes
ac_cv_func_getopt=yes
ac_cv_func_getprotobyname=yes
ac_cv_func_getprotobynumber=yes
ac_cv_func_getpwnam_r=yes
ac_cv_func_getpwuid_r=yes
ac_cv_func_getrusage=yes
ac_cv_func_getservbyname=yes
ac_cv_func_getservbyport=yes
ac_cv_func_gettimeofday=yes
ac_cv_func_getwd=yes
ac_cv_func_glob=yes
ac_cv_func_gmtime_r=yes
ac_cv_func_grantpt=yes
ac_cv_func_htonl=yes
ac_cv_func_inet_aton=yes
ac_cv_func_inet_ntoa=yes
ac_cv_func_inet_ntop=yes
ac_cv_func_inet_pton=yes
ac_cv_func_lchown=yes
ac_cv_func_localtime_r=yes
ac_cv_func_mbrlen=yes
ac_cv_func_memmem=yes
ac_cv_func_memmove=yes
ac_cv_func_mkstemp=yes
ac_cv_func_mmap=yes
ac_cv_func_nanosleep=yes
ac_cv_func_nice=yes
ac_cv_func_nl_langinfo=yes
ac_cv_func_poll=yes
ac_cv_func_ptsname=yes
ac_cv_func_putenv=yes
ac_cv_func_rand_r=yes
ac_cv_func_realpath=yes
ac_cv_func_scandir=yes
ac_cv_func_setenv=yes
ac_cv_func_setitimer=yes
ac_cv_func_setproctitle=no
ac_cv_func_shutdown=yes
ac_cv_func_sigprocmask=yes
ac_cv_func_socket=yes
ac_cv_func_socketpair=yes
ac_cv_func_statfs=yes
ac_cv_func_statvfs=yes
ac_cv_func_std_syslog=no
ac_cv_func_strcasecmp=yes
ac_cv_func_strfmon=yes
ac_cv_func_strlcat=no
ac_cv_func_strlcpy=no
ac_cv_func_strnlen=yes
ac_cv_func_strptime=yes
ac_cv_func_strtok_r=yes
ac_cv_func_strtoll=yes
ac_cv_func_symlink=yes
ac_cv_func_sync_fetch_and_add=yes
ac_cv_func_tzset=yes
ac_cv_func_unlockpt=yes
ac_cv_func_unsetenv=yes
ac_cv_func_usleep=yes
ac_cv_func_utime=yes
ac_cv_func_vasprintf=yes
ac_cv_func_which_gethostbyname_r=six
ac_cv_have_broken_gcc_strlen_opt=no
ac_cv_header_alloca_h=yes
ac_cv_header_arpa_inet_h=yes
ac_cv_header_arpa_nameser_h=yes
ac_cv_header_crypt_h=yes
ac_cv_header_dirent_h=yes
ac_cv_header_dlfcn_h=yes
ac_cv_header_dns_h=no
ac_cv_header_fcntl_h=yes
ac_cv_header_grp_h=yes
ac_cv_header_ieeefp_h=no
ac_cv_header_immintrin_h=yes
ac_cv_header_inttypes_h=yes
ac_cv_header_io_h=no
ac_cv_header_langinfo_h=yes
ac_cv_header_locale_h=yes
ac_cv_header_malloc_h=yes
ac_cv_header_memory_h=yes
ac_cv_header_minix_config_h=no
ac_cv_header_monetary_h=yes
ac_cv_header_netdb_h=yes
ac_cv_header_netinet_in_h=yes
ac_cv_header_nmmintrin_h=yes
ac_cv_header_poll_h=yes
ac_cv_header_pwd_h=yes
ac_cv_header_resolv_h=yes
ac_cv_header_stdc=yes
ac_cv_header_stdint_h=yes
ac_cv_header_stdlib_h=yes
ac_cv_header_string_h=yes
ac_cv_header_strings_h=yes
ac_cv_header_sys_file_h=yes
ac_cv_header_sys_ioctl_h=yes
ac_cv_header_sys_ipc_h=yes
ac_cv_header_sys_loadavg_h=no
ac_cv_header_sys_mman_h=yes
ac_cv_header_sys_mount_h=yes
ac_cv_header_sys_param_h=yes
ac_cv_header_sys_poll_h=yes
ac_cv_header_sys_pstat_h=no
ac_cv_header_sys_resource_h=yes
ac_cv_header_sys_select_h=yes
ac_cv_header_sys_socket_h=yes
ac_cv_header_sys_stat_h=yes
ac_cv_header_sys_statfs_h=yes
ac_cv_header_sys_statvfs_h=yes
ac_cv_header_sys_sysexits_h=no
ac_cv_header_sys_time_h=yes
ac_cv_header_sys_types_h=yes
ac_cv_header_sys_uio_h=yes
ac_cv_header_sys_utsname_h=yes
ac_cv_header_sys_vfs_h=yes
ac_cv_header_sys_wait_h=yes
ac_cv_header_sysexits_h=yes
ac_cv_header_syslog_h=yes
ac_cv_header_termios_h=yes
ac_cv_header_tmmintrin_h=yes
ac_cv_header_unistd_h=yes
ac_cv_header_unix_h=no
ac_cv_header_utime_h=yes
ac_cv_host=x86_64-pc-linux-gnu
ac_cv_huge_val_inf=yes
ac_cv_huge_val_nan=no
ac_cv_ipv6_support=yes
ac_cv_lib_dl_dlopen=yes
ac_cv_lib_m_sin=yes
ac_cv_lib_rt_nanosleep=yes
ac_cv_member_struct_stat_st_blksize=yes
ac_cv_member_struct_stat_st_blocks=yes
ac_cv_member_struct_stat_st_rdev=yes
ac_cv_member_struct_tm_tm_gmtoff=yes
ac_cv_member_struct_tm_tm_zone=yes
ac_cv_objext=o
ac_cv_path_EGREP='/bin/grep -E'
ac_cv_path_GREP=/bin/grep
ac_cv_path_SED=/bin/sed
ac_cv_path_ac_pt_PKG_CONFIG=/usr/bin/pkg-config
ac_cv_prog_AWK=nawk
ac_cv_prog_CPP='cc -E'
ac_cv_prog_RE2C=re2c
ac_cv_prog_ac_ct_CC=cc
ac_cv_prog_cc_c89=
ac_cv_prog_cc_g=yes
ac_cv_pthreads_cflags=-pthread
ac_cv_pthreads_lib=pthread
ac_cv_safe_to_define___extensions__=yes
ac_cv_sizeof_int=4
ac_cv_sizeof_long=8
ac_cv_sizeof_long_long=8
ac_cv_sizeof_short=2
ac_cv_sizeof_size_t=8
ac_cv_sockaddr_sa_len=no
ac_cv_sockaddr_storage=yes
ac_cv_struct_flock=yes
ac_cv_struct_tm=time.h
ac_cv_sys_tiocgwinsz_in_sys_ioctl_h=yes
ac_cv_sys_tiocgwinsz_in_termios_h=no
ac_cv_target=x86_64-pc-linux-gnu
ac_cv_time_r_type=POSIX
ac_cv_type_in_addr_t=yes
ac_cv_type_int16=no
ac_cv_type_int16_t=yes
ac_cv_type_int32=no
ac_cv_type_int32_t=yes
ac_cv_type_int64=no
ac_cv_type_int64_t=yes
ac_cv_type_int8=no
ac_cv_type_int8_t=yes
ac_cv_type_size_t=yes
ac_cv_type_socklen_t=yes
ac_cv_type_u_int16_t=yes
ac_cv_type_u_int32_t=yes
ac_cv_type_u_int64_t=yes
ac_cv_type_u_int8_t=yes
ac_cv_type_uid_t=yes
ac_cv_type_uint16=no
ac_cv_type_uint16_t=yes
ac_cv_type_uint32=no
ac_cv_type_uint32_t=yes
ac_cv_type_uint64=no
ac_cv_type_uint64_t=yes
ac_cv_type_uint8=no
ac_cv_type_uint8_t=yes
ac_cv_working_alloca_h=yes
ac_cv_write_stdout=yes
ax_cv_check_cflags___fvisibility_hidden=yes
ax_cv_have_func_attribute_ifunc=yes
ax_cv_have_func_attribute_target=yes
cli_cv_var_PS_STRINGS=no
php_cv_cc_dashr=no
php_cv_cc_rpath=yes
php_cv_sizeof_intmax_t=8
php_cv_sizeof_ptrdiff_t=8
php_cv_sizeof_ssize_t=8

## ----------------- ##
## Output variables. ##
## ----------------- ##

ALLOCA=''
AR=''
AR_FLAGS=''
AWK='nawk'
CC='cc'
CFLAGS='-g -O2 -fvisibility=hidden'
CONFIGURE_COMMAND=' '\''./configure'\''  '\''--enable-zip'\'''
CONFIGURE_OPTIONS=' '\''--enable-zip'\'''
CPP='cc -E'
CPPFLAGS=''
CURL_CFLAGS=''
CURL_FEATURES=''
CURL_LIBS=''
CXX=''
CXXCPP=''
CXXFLAGS=''
DEBUG_CFLAGS=''
DEFS=''
DSYMUTIL=''
ECHO='echo'
ECHO_C=''
ECHO_N='-n'
ECHO_T=''
EDIT_CFLAGS=''
EDIT_LIBS=''
EGREP='/bin/grep -E'
ENCHANT_CFLAGS=''
ENCHANT_LIBS=''
EXEEXT=''
EXPANDED_BINDIR=''
EXPANDED_DATADIR=''
EXPANDED_EXTENSION_DIR=''
EXPANDED_LIBDIR=''
EXPANDED_LOCALSTATEDIR=''
EXPANDED_MANDIR=''
EXPANDED_PEAR_INSTALLDIR=''
EXPANDED_PHP_CONFIG_FILE_PATH=''
EXPANDED_PHP_CONFIG_FILE_SCAN_DIR=''
EXPANDED_SBINDIR=''
EXPANDED_SYSCONFDIR=''
EXPAT_CFLAGS=''
EXPAT_LIBS=''
EXSLT_CFLAGS=''
EXSLT_LIBS=''
EXTENSION_DIR=''
EXTRA_INCLUDES=''
EXTRA_LDFLAGS=''
EXTRA_LDFLAGS_PROGRAM=''
EXTRA_LIBS=''
FB_CONFIG=''
FFI_CFLAGS=''
FFI_LIBS=''
FREETYPE2_CFLAGS=''
FREETYPE2_LIBS=''
GDLIB_CFLAGS=''
GDLIB_LIBS=''
GREP='/bin/grep'
HAVE_CXX11=''
ICU_CFLAGS=''
ICU_LIBS=''
INCLUDES=' -I/app/ext/date/lib'
INCLUDE_PATH=''
INLINE_CFLAGS=''
INSTALL_IT=''
JPEG_CFLAGS=''
JPEG_LIBS=''
KERBEROS_CFLAGS=''
KERBEROS_LIBS=''
LDFLAGS=''
LIBOBJS=' strlcat.o strlcpy.o'
LIBS='-lrt -lm -ldl '
LIBSODIUM_CFLAGS=''
LIBSODIUM_LIBS=''
LIBTOOL=''
LIBXML_CFLAGS=''
LIBXML_LIBS=''
LIBZIP_CFLAGS=''
LIBZIP_LIBS=''
LN_S='ln -s'
LTLIBOBJS=''
NATIVE_RPATHS=''
NMEDIT=''
OBJEXT='o'
OCI8_DIR=''
OCI8_ORACLE_VERSION=''
OCI8_SHARED_LIBADD=''
ODBC_CFLAGS=''
ODBC_LFLAGS=''
ODBC_LIBS=''
ODBC_TYPE=''
ONIG_CFLAGS=''
ONIG_LIBS=''
OPENSSL_CFLAGS=''
OPENSSL_LIBS=''
PACKAGE_BUGREPORT='https://bugs.php.net'
PACKAGE_NAME='PHP'
PACKAGE_STRING='PHP 7.4.0'
PACKAGE_TARNAME='php'
PACKAGE_URL='https://www.php.net'
PACKAGE_VERSION='7.4.0'
PATH_SEPARATOR=':'
PCRE2_CFLAGS=''
PCRE2_LIBS=''
PDO_MYSQL_MODULE_TYPE=''
PDO_OCI_DIR=''
PDO_OCI_SHARED_LIBADD=''
PDO_OCI_VERSION=''
PEAR_INSTALLDIR=''
PHP_INSTALLED_SAPIS=' cli phpdbg cgi'
PHP_LDFLAGS='-Wl,-O1 -pie'
PHP_LIBS=''
PHP_VERSION='7.4.0'
PHP_VERSION_ID='70400'
PKG_CONFIG='/usr/bin/pkg-config'
PKG_CONFIG_LIBDIR=''
PKG_CONFIG_PATH=''
PNG_CFLAGS=''
PNG_LIBS=''
PROG_SENDMAIL=''
RANLIB=''
RE2C='re2c'
SASL_CFLAGS=''
SASL_LIBS=''
SED='/bin/sed'
SHELL='/bin/bash'
SHLIB_DL_SUFFIX_NAME='so'
SHLIB_SUFFIX_NAME='so'
SNMP_CONFIG=''
SQLITE_CFLAGS=''
SQLITE_LIBS=''
STRIP=''
SYSTEMD_CFLAGS=''
SYSTEMD_LIBS=''
VALGRIND_CFLAGS=''
VALGRIND_LIBS=''
WEBP_CFLAGS=''
WEBP_LIBS=''
XPM_CFLAGS=''
XPM_LIBS=''
XSL_CFLAGS=''
XSL_LIBS=''
YACC='exit 0;'
ZEND_EXTRA_LIBS=''
ZLIB_CFLAGS=''
ZLIB_LIBS=''
abs_builddir='/app'
abs_srcdir='/app'
ac_ct_CC='cc'
ac_ct_CXX=''
bindir='${exec_prefix}/bin'
build='x86_64-pc-linux-gnu'
build_alias=''
build_cpu='x86_64'
build_os='linux-gnu'
build_vendor='pc'
datadir='${datarootdir}'
datarootdir='${prefix}/share'
docdir='${datarootdir}/doc/${PACKAGE_TARNAME}'
dvidir='${docdir}'
exec_prefix='NONE'
host='x86_64-pc-linux-gnu'
host_alias='x86_64-pc-linux-gnu'
host_cpu='x86_64'
host_os='linux-gnu'
host_vendor='pc'
htmldir='${docdir}'
includedir='${prefix}/include'
infodir='${datarootdir}/info'
libdir='${exec_prefix}/lib'
libexecdir='${exec_prefix}/libexec'
localedir='${datarootdir}/locale'
localstatedir='${prefix}/var'
mandir='${datarootdir}/man'
oldincludedir='/usr/include'
pdfdir='${docdir}'
php_fpm_group=''
php_fpm_localstatedir=''
php_fpm_prefix=''
php_fpm_sysconfdir=''
php_fpm_systemd=''
php_fpm_user=''
prefix='NONE'
program_prefix='NONE'
program_suffix='NONE'
program_transform_name='s,x,x,'
psdir='${docdir}'
sbindir='${exec_prefix}/sbin'
sharedstatedir='${prefix}/com'
sysconfdir='${prefix}/etc'
target='x86_64-pc-linux-gnu'
target_alias=''
target_cpu='x86_64'
target_os='linux-gnu'
target_vendor='pc'

## ----------- ##
## confdefs.h. ##
## ----------- ##

/* confdefs.h */
#define PACKAGE_NAME "PHP"
#define PACKAGE_TARNAME "php"
#define PACKAGE_VERSION "7.4.0"
#define PACKAGE_STRING "PHP 7.4.0"
#define PACKAGE_BUGREPORT "https://bugs.php.net"
#define PACKAGE_URL "https://www.php.net"
#define STDC_HEADERS 1
#define HAVE_SYS_TYPES_H 1
#define HAVE_SYS_STAT_H 1
#define HAVE_STDLIB_H 1
#define HAVE_STRING_H 1
#define HAVE_MEMORY_H 1
#define HAVE_STRINGS_H 1
#define HAVE_INTTYPES_H 1
#define HAVE_STDINT_H 1
#define HAVE_UNISTD_H 1
#define __EXTENSIONS__ 1
#define _ALL_SOURCE 1
#define _GNU_SOURCE 1
#define _POSIX_PTHREAD_SEMANTICS 1
#define _TANDEM_SOURCE 1
#define HAVE_DEV_URANDOM 1
#define HAVE_GCC_GLOBAL_REGS 1
#define HAVE_HUGE_VAL_INF 1
#define HAVE_CPUID_COUNT 1
#define GWINSZ_IN_SYS_IOCTL 1
#define HAVE_PHPDBG 1
#define PHPDBG_DEBUG 0
#define PHP_WRITE_STDOUT 1
#define HAVE_SOCKET 1
#define HAVE_SOCKETPAIR 1
#define HAVE_HTONL 1
#define HAVE_GETHOSTNAME 1
#define HAVE_GETHOSTBYADDR 1
#define HAVE_DLOPEN 1
#define HAVE_LIBDL 1
#define HAVE_DLSYM 1
#define HAVE_LIBDL 1
#define HAVE_LIBM 1
#define HAVE_INET_ATON 1
#define HAVE_INTTYPES_H 1
#define HAVE_STDINT_H 1
#define HAVE_DIRENT_H 1
#define HAVE_SYS_PARAM_H 1
#define HAVE_SYS_TYPES_H 1
#define HAVE_SYS_TIME_H 1
#define HAVE_NETINET_IN_H 1
#define HAVE_ALLOCA_H 1
#define HAVE_ARPA_INET_H 1
#define HAVE_ARPA_NAMESER_H 1
#define HAVE_CRYPT_H 1
#define HAVE_FCNTL_H 1
#define HAVE_GRP_H 1
#define HAVE_LANGINFO_H 1
#define HAVE_LOCALE_H 1
#define HAVE_MALLOC_H 1
#define HAVE_MONETARY_H 1
#define HAVE_NETDB_H 1
#define HAVE_POLL_H 1
#define HAVE_PWD_H 1
#define HAVE_RESOLV_H 1
#define HAVE_STRINGS_H 1
#define HAVE_SYSLOG_H 1
#define HAVE_SYSEXITS_H 1
#define HAVE_SYS_IOCTL_H 1
#define HAVE_SYS_FILE_H 1
#define HAVE_SYS_MMAN_H 1
#define HAVE_SYS_MOUNT_H 1
#define HAVE_SYS_POLL_H 1
#define HAVE_SYS_RESOURCE_H 1
#define HAVE_SYS_SELECT_H 1
#define HAVE_SYS_SOCKET_H 1
#define HAVE_SYS_STAT_H 1
#define HAVE_SYS_STATFS_H 1
#define HAVE_SYS_STATVFS_H 1
#define HAVE_SYS_VFS_H 1
#define HAVE_SYS_UIO_H 1
#define HAVE_SYS_WAIT_H 1
#define HAVE_TERMIOS_H 1
#define HAVE_UNISTD_H 1
#define HAVE_UTIME_H 1
#define HAVE_SYS_UTSNAME_H 1
#define HAVE_SYS_IPC_H 1
#define HAVE_DLFCN_H 1
#define HAVE_TMMINTRIN_H 1
#define HAVE_NMMINTRIN_H 1
#define HAVE_IMMINTRIN_H 1
#define HAVE_FOPENCOOKIE 1
#define COOKIE_IO_FUNCTIONS_T cookie_io_functions_t
#define COOKIE_SEEKER_USES_OFF64_T 1
#define HAVE_STRUCT_TM_TM_ZONE 1
#define HAVE_TM_ZONE 1
#define MISSING_FCLOSE_DECL 0
#define HAVE_STRUCT_FLOCK 1
#define HAVE_SOCKLEN_T 1
#define SIZEOF_INTMAX_T 8
#define HAVE_INTMAX_T 1
#define SIZEOF_SSIZE_T 8
#define HAVE_SSIZE_T 1
#define SIZEOF_PTRDIFF_T 8
#define HAVE_PTRDIFF_T 1
#define SIZEOF_SHORT 2
#define SIZEOF_INT 4
#define SIZEOF_LONG 8
#define SIZEOF_LONG_LONG 8
#define SIZEOF_SIZE_T 8
#define HAVE_INT8_T 1
#define HAVE_INT16_T 1
#define HAVE_INT32_T 1
#define HAVE_INT64_T 1
#define HAVE_UINT8_T 1
#define HAVE_UINT16_T 1
#define HAVE_UINT32_T 1
#define HAVE_UINT64_T 1
#define HAVE_U_INT8_T 1
#define HAVE_U_INT16_T 1
#define HAVE_U_INT32_T 1
#define HAVE_U_INT64_T 1
#define PHP_HAVE_BUILTIN_EXPECT 1
#define PHP_HAVE_BUILTIN_CLZ 1
#define PHP_HAVE_BUILTIN_CTZL 1
#define PHP_HAVE_BUILTIN_CTZLL 1
#define PHP_HAVE_BUILTIN_SMULL_OVERFLOW 1
#define PHP_HAVE_BUILTIN_SMULLL_OVERFLOW 1
#define PHP_HAVE_BUILTIN_SADDL_OVERFLOW 1
#define PHP_HAVE_BUILTIN_SADDLL_OVERFLOW 1
#define PHP_HAVE_BUILTIN_SSUBL_OVERFLOW 1
#define PHP_HAVE_BUILTIN_SSUBLL_OVERFLOW 1
#define PHP_HAVE_BUILTIN_CPU_INIT 1
#define PHP_HAVE_BUILTIN_CPU_SUPPORTS 1
#define PHP_HAVE_SSSE3_INSTRUCTIONS 1
#define PHP_HAVE_SSE4_2_INSTRUCTIONS 1
#define PHP_HAVE_AVX_INSTRUCTIONS 1
#define PHP_HAVE_AVX2_INSTRUCTIONS 0
#define HAVE_STRUCT_TM_TM_GMTOFF 1
#define HAVE_STRUCT_STAT_ST_BLKSIZE 1
#define HAVE_STRUCT_STAT_ST_RDEV 1
#define HAVE_STRUCT_STAT_ST_BLOCKS 1
#define HAVE_ST_BLOCKS 1
#define HAVE_SOCKADDR_STORAGE 1
#define HAVE_FUNC_ATTRIBUTE_IFUNC 1
#define HAVE_FUNC_ATTRIBUTE_TARGET 1
#define HAVE_ALPHASORT 1
#define HAVE_ASCTIME_R 1
#define HAVE_CHROOT 1
#define HAVE_CTIME_R 1
#define HAVE_FLOCK 1
#define HAVE_FTOK 1
#define HAVE_GAI_STRERROR 1
#define HAVE_GETCWD 1
#define HAVE_GETLOADAVG 1
#define HAVE_GETLOGIN 1
#define HAVE_GETPROTOBYNAME 1
#define HAVE_GETPROTOBYNUMBER 1
#define HAVE_GETSERVBYNAME 1
#define HAVE_GETSERVBYPORT 1
#define HAVE_GETRUSAGE 1
#define HAVE_GETTIMEOFDAY 1
#define HAVE_GMTIME_R 1
#define HAVE_GETPWNAM_R 1
#define HAVE_GETGRNAM_R 1
#define HAVE_GETPWUID_R 1
#define HAVE_GETWD 1
#define HAVE_GLOB 1
#define HAVE_GRANTPT 1
#define HAVE_INET_NTOA 1
#define HAVE_INET_NTOP 1
#define HAVE_INET_PTON 1
#define HAVE_LOCALTIME_R 1
#define HAVE_LCHOWN 1
#define HAVE_MBRLEN 1
#define HAVE_MEMMOVE 1
#define HAVE_MKSTEMP 1
#define HAVE_MMAP 1
#define HAVE_NICE 1
#define HAVE_NL_LANGINFO 1
#define HAVE_POLL 1
#define HAVE_PTSNAME 1
#define HAVE_PUTENV 1
#define HAVE_REALPATH 1
#define HAVE_RAND_R 1
#define HAVE_SCANDIR 1
#define HAVE_SETITIMER 1
#define HAVE_SETENV 1
#define HAVE_SHUTDOWN 1
#define HAVE_SIGPROCMASK 1
#define HAVE_STATFS 1
#define HAVE_STATVFS 1
#define HAVE_STRCASECMP 1
#define HAVE_STRFMON 1
#define HAVE_STRNLEN 1
#define HAVE_STRPTIME 1
#define HAVE_STRTOK_R 1
#define HAVE_SYMLINK 1
#define HAVE_TZSET 1
#define HAVE_UNLOCKPT 1
#define HAVE_UNSETENV 1
#define HAVE_USLEEP 1
#define HAVE_UTIME 1
#define HAVE_VASPRINTF 1
#define HAVE_ASPRINTF 1
#define HAVE_NANOSLEEP 1
#define HAVE_MEMMEM 1
#define HAVE_GETHOSTBYNAME_R 1
#define HAVE_FUNC_GETHOSTBYNAME_R_6 1
#define HAVE_NANOSLEEP 1
#define HAVE_LIBRT 1
#define HAVE_GETADDRINFO 1
#define HAVE_SYNC_FETCH_AND_ADD 1
#define HAVE_EXPLICIT_BZERO 1
#define HAVE_GETOPT 1
#define HAVE_ALLOCA_H 1
#define HAVE_ALLOCA 1
#define HAVE_ASM_GOTO 1
#define HAVE_COMPILER_C99_VLA 1
#define PHP_SIGCHILD 0
#define DEFAULT_SHORT_OPEN_TAG "1"
#define HAVE_IPV6 1
#define HAVE_STRTOLL 1
#define HAVE_ATOLL 1
#define HAVE_TIMELIB_CONFIG_H 1

configure: exit 1
